Province,Year,Quarter,Rainfall_Sum_mm,T2M_Mean_C,RH2M_Mean_pct,WS2M_Mean_m_s
Abra,2000,1,134.7,25.05333333333333,69.78666666666668,2.9133333333333336
Abra,2000,2,557.5500000000001,26.816666666666666,76.32000000000001,1.7666666666666666
Abra,2000,3,1646.48,25.076666666666668,87.98666666666666,2.5966666666666667
Abra,2000,4,578.51,24.959999999999997,83.15333333333332,3.09
Abra,2001,1,159.73,25.070000000000004,71.15333333333334,2.7899999999999996
Abra,2001,2,501.48,26.819999999999997,79.07,1.8399999999999999
Abra,2001,3,1385.56,24.993333333333336,90.11333333333333,2.5333333333333337
Abra,2001,4,100.68,24.583333333333332,76.27,3.3833333333333333
Abra,2002,1,40.42,24.883333333333336,63.79333333333333,2.6533333333333333
Abra,2002,2,629.4,27.296666666666667,72.59666666666668,2.0066666666666664
Abra,2002,3,1606.07,25.38,88.23,2.513333333333333
Abra,2002,4,173.32,25.353333333333335,78.39999999999999,2.33
Abra,2003,1,18.23,24.76,63.20666666666667,2.8033333333333332
Abra,2003,2,838.03,27.439999999999998,72.35666666666667,2.1366666666666667
Abra,2003,3,1146.0700000000002,25.599999999999998,86.68666666666667,2.0933333333333333
Abra,2003,4,162.93,24.183333333333334,77.86666666666667,3.19
Abra,2004,1,110.7,24.939999999999998,66.94333333333333,2.5733333333333337
Abra,2004,2,802.46,27.333333333333332,72.00666666666667,2.2966666666666664
Abra,2004,3,1276.67,25.356666666666666,86.64333333333333,2.24
Abra,2004,4,163.75,24.419999999999998,76.04666666666667,3.5499999999999994
Abra,2005,1,147.3,24.323333333333334,67.35333333333334,2.2533333333333334
Abra,2005,2,718.73,27.083333333333332,73.73,2.08
Abra,2005,3,1351.46,25.813333333333333,86.07333333333334,2.14
Abra,2005,4,259.39,24.873333333333335,80.16,2.823333333333333
Abra,2006,1,168.76,25.03,71.43333333333334,2.4133333333333336
Abra,2006,2,430.62,27.793333333333333,69.88333333333333,1.9766666666666666
Abra,2006,3,1630.95,25.406666666666666,88.08,2.37
Abra,2006,4,363.76,24.703333333333333,81.68666666666667,2.63
Abra,2007,1,28.58,25.093333333333334,67.44,2.4066666666666667
Abra,2007,2,456.08000000000004,27.150000000000002,73.81666666666668,1.7699999999999998
Abra,2007,3,1404.52,25.736666666666668,87.02333333333333,2.2600000000000002
Abra,2007,4,457.90000000000003,24.27,83.16333333333334,3.3533333333333335
Abra,2008,1,59.9,24.663333333333338,68.80333333333333,3.033333333333333
Abra,2008,2,381.8,26.95,73.78,1.9966666666666668
Abra,2008,3,2378.6,25.393333333333334,86.97333333333334,2.33
Abra,2008,4,210.55999999999997,24.86,80.06,2.89
Abra,2009,1,109.66,25.040000000000003,68.80666666666667,2.6533333333333333
Abra,2009,2,914.48,25.916666666666668,80.62,2.21
Abra,2009,3,1798.82,25.786666666666665,87.7,2.2666666666666666
Abra,2009,4,1191.79,24.156666666666666,80.55333333333333,2.9933333333333336
Abra,2010,1,8.969999999999999,25.543333333333333,63.693333333333335,2.3633333333333333
Abra,2010,2,550.01,27.64,72.14,1.9100000000000001
Abra,2010,3,1156.0,25.77333333333333,85.14333333333333,1.8366666666666667
Abra,2010,4,396.73,24.92,81.37,2.4266666666666663
Abra,2011,1,72.22,24.293333333333333,68.15666666666667,3.046666666666667
Abra,2011,2,578.46,26.91,72.09666666666668,2.0366666666666666
Abra,2011,3,1669.34,25.416666666666668,87.23,2.3466666666666667
Abra,2011,4,303.24,24.886666666666667,82.33333333333333,2.783333333333333
Abra,2012,1,87.5,25.666666666666668,67.99333333333334,2.236666666666667
Abra,2012,2,889.2099999999999,26.933333333333334,77.53,2.0433333333333334
Abra,2012,3,1852.18,25.310000000000002,88.33333333333333,2.42
Abra,2012,4,118.5,25.26,77.08333333333333,2.0866666666666664
Abra,2013,1,46.79,25.98,63.913333333333334,2.36
Abra,2013,2,506.28,27.290000000000003,75.24666666666667,1.61
Abra,2013,3,1623.59,25.683333333333334,85.26,1.9733333333333334
Abra,2013,4,352.44,24.313333333333333,82.08666666666666,2.4566666666666666
Abra,2014,1,17.259999999999998,24.083333333333332,66.37,2.3533333333333335
Abra,2014,2,586.47,27.74,71.48333333333333,1.97
Abra,2014,3,1586.1,25.816666666666666,85.79666666666667,2.283333333333333
Abra,2014,4,125.52,25.243333333333336,76.64,2.703333333333333
Abra,2015,1,60.58,24.570000000000004,65.18333333333334,2.42
Abra,2015,2,270.57,27.923333333333336,69.83333333333333,1.89
Abra,2015,3,1519.35,25.906666666666666,85.31666666666666,2.4833333333333334
Abra,2015,4,679.3399999999999,25.076666666666668,81.58,2.4466666666666668
Abra,2016,1,53.92,24.97,69.98333333333333,2.22
Abra,2016,2,466.18,27.89333333333333,72.57,1.7233333333333334
Abra,2016,3,1647.84,25.883333333333336,86.96666666666665,2.1933333333333334
Abra,2016,4,894.28,25.106666666666666,83.46666666666667,2.6266666666666665
Abra,2017,1,257.40999999999997,23.650000000000002,78.36666666666666,2.4966666666666666
Abra,2017,2,564.7,26.98,76.27666666666667,1.7133333333333332
Abra,2017,3,1258.71,26.126666666666665,85.67,1.8966666666666665
Abra,2017,4,536.25,24.983333333333334,83.31666666666666,2.7466666666666666
Abra,2018,1,97.85,24.793333333333333,71.53,2.4466666666666668
Abra,2018,2,743.83,27.540000000000003,73.73333333333333,2.0066666666666664
Abra,2018,3,1881.83,25.33,88.96999999999998,2.5866666666666664
Abra,2018,4,247.56,25.376666666666665,77.68666666666667,2.316666666666667
Abra,2019,1,32.18,25.570000000000004,63.82333333333333,1.9933333333333334
Abra,2019,2,550.3100000000001,27.373333333333335,76.78333333333335,1.78
Abra,2019,3,1702.65,25.61,88.43333333333334,2.5833333333333335
Abra,2019,4,539.45,24.69666666666667,83.16000000000001,2.49
Abra,2020,1,99.75,24.75333333333333,70.04,2.2566666666666664
Abra,2020,2,1058.09,27.723333333333333,73.42999999999999,1.7866666666666668
Abra,2020,3,1257.46,26.41,84.18666666666667,1.5866666666666667
Abra,2020,4,2034.8200000000002,25.203333333333333,85.14333333333333,2.8366666666666664
Abra,2021,1,154.82,23.956666666666667,78.93,2.5033333333333334
Abra,2021,2,341.77,27.736666666666668,70.55333333333333,2.08
Abra,2021,3,1293.08,26.28,85.47666666666667,2.2666666666666666
Abra,2021,4,384.7,25.070000000000004,80.75666666666666,2.6933333333333334
Abra,2022,1,165.37,25.436666666666667,72.07,1.9366666666666665
Abra,2022,2,648.75,26.953333333333333,77.7,1.6766666666666665
Abra,2022,3,1317.35,26.136666666666667,85.43,1.9400000000000002
Abra,2022,4,681.34,25.176666666666666,82.81333333333333,2.5033333333333334
Abra,2023,1,106.27,24.689999999999998,69.87,2.8366666666666664
Abra,2023,2,466.35,27.91,72.72666666666667,2.0566666666666666
Abra,2023,3,1676.71,26.35666666666667,87.49666666666667,2.4499999999999997
Abra,2023,4,301.18,25.816666666666666,81.12666666666667,2.3233333333333333
Abra,2024,1,27.88,25.97666666666667,64.26333333333334,2.33
Abra,2024,2,512.14,28.613333333333333,71.40333333333334,1.6500000000000001
Abra,2024,3,1535.94,26.503333333333334,86.11,2.0533333333333332
Abra,2024,4,720.35,25.419999999999998,84.30333333333333,2.8633333333333333
Abra,2025,1,204.81,24.793333333333333,75.12666666666667,2.72
Abra,2025,2,718.8,27.793333333333333,74.05333333333333,1.6566666666666665
Abra,2025,3,1820.06,25.919999999999998,87.03666666666668,2.4466666666666668
Abra,2025,4,613.71,25.346666666666664,83.88333333333333,2.6733333333333333
Agusan del Norte,2000,1,983.0699999999999,24.16,90.16000000000001,0.6699999999999999
Agusan del Norte,2000,2,487.06,25.349999999999998,87.08333333333333,0.5433333333333333
Agusan del Norte,2000,3,458.24,25.25,85.85666666666667,0.51
Agusan del Norte,2000,4,886.32,24.766666666666666,90.57666666666667,0.59
Agusan del Norte,2001,1,954.55,24.19666666666667,89.76333333333332,0.6466666666666666
Agusan del Norte,2001,2,620.3199999999999,25.366666666666664,87.25999999999999,0.5499999999999999
Agusan del Norte,2001,3,429.88,25.52333333333333,85.96666666666665,0.5033333333333333
Agusan del Norte,2001,4,1277.51,24.73333333333333,89.82,0.6133333333333334
Agusan del Norte,2002,1,935.46,23.646666666666665,88.67,0.73
Agusan del Norte,2002,2,647.01,25.540000000000003,85.87333333333333,0.5433333333333333
Agusan del Norte,2002,3,527.85,25.2,86.66666666666667,0.5766666666666667
Agusan del Norte,2002,4,623.46,24.843333333333334,88.36,0.59
Agusan del Norte,2003,1,905.64,23.933333333333337,88.67333333333333,0.7200000000000001
Agusan del Norte,2003,2,559.91,25.55666666666667,85.58,0.5433333333333333
Agusan del Norte,2003,3,745.0,25.19666666666667,88.07666666666667,0.48666666666666664
Agusan del Norte,2003,4,1033.75,24.75333333333333,89.43333333333334,0.6033333333333334
Agusan del Norte,2004,1,845.48,24.47,88.71333333333332,0.6433333333333334
Agusan del Norte,2004,2,499.62,25.536666666666665,85.67333333333333,0.6
Agusan del Norte,2004,3,355.87,25.563333333333333,84.61666666666666,0.51
Agusan del Norte,2004,4,549.01,25.08666666666667,87.47333333333334,0.6133333333333333
Agusan del Norte,2005,1,660.0600000000001,23.793333333333333,87.75,0.7066666666666667
Agusan del Norte,2005,2,380.47,25.573333333333334,85.30333333333334,0.5666666666666668
Agusan del Norte,2005,3,591.13,25.396666666666665,86.76333333333332,0.5499999999999999
Agusan del Norte,2005,4,1218.13,24.919999999999998,89.81666666666666,0.58
Agusan del Norte,2006,1,1383.01,24.156666666666666,89.87666666666667,0.7166666666666667
Agusan del Norte,2006,2,604.79,25.189999999999998,86.48666666666668,0.5800000000000001
Agusan del Norte,2006,3,367.47,25.206666666666667,86.10333333333334,0.56
Agusan del Norte,2006,4,594.29,24.906666666666666,88.27666666666669,0.6233333333333334
Agusan del Norte,2007,1,1086.02,23.876666666666665,89.32333333333332,0.71
Agusan del Norte,2007,2,621.16,25.46666666666667,87.17,0.57
Agusan del Norte,2007,3,503.16,25.429999999999996,86.18666666666667,0.5066666666666667
Agusan del Norte,2007,4,1027.94,24.80666666666667,90.18,0.5733333333333334
Agusan del Norte,2008,1,1426.96,23.983333333333334,90.73333333333333,0.6699999999999999
Agusan del Norte,2008,2,672.08,25.036666666666665,88.03333333333335,0.58
Agusan del Norte,2008,3,594.67,25.133333333333336,85.87333333333333,0.49
Agusan del Norte,2008,4,1064.24,24.776666666666667,90.25666666666666,0.5733333333333334
Agusan del Norte,2009,1,1545.57,24.253333333333334,89.90666666666668,0.6433333333333333
Agusan del Norte,2009,2,669.1,25.353333333333335,87.02666666666666,0.53
Agusan del Norte,2009,3,412.96000000000004,25.406666666666666,86.08666666666666,0.5866666666666667
Agusan del Norte,2009,4,973.12,24.703333333333333,88.80333333333334,0.6033333333333334
Agusan del Norte,2010,1,947.15,23.873333333333335,88.02333333333333,0.7066666666666667
Agusan del Norte,2010,2,517.72,25.66,85.94,0.58
Agusan del Norte,2010,3,606.49,25.44666666666667,85.01,0.49333333333333335
Agusan del Norte,2010,4,819.01,24.863333333333333,88.67666666666666,0.53
Agusan del Norte,2011,1,2515.5600000000004,24.066666666666666,91.84333333333332,0.6133333333333333
Agusan del Norte,2011,2,764.61,25.133333333333336,87.51666666666667,0.5433333333333333
Agusan del Norte,2011,3,674.37,25.206666666666667,85.91666666666667,0.5133333333333333
Agusan del Norte,2011,4,1253.53,24.959999999999997,88.82333333333332,0.5533333333333333
Agusan del Norte,2012,1,1230.6799999999998,24.16,90.25666666666666,0.6433333333333334
Agusan del Norte,2012,2,629.42,25.393333333333334,85.36666666666667,0.5266666666666667
Agusan del Norte,2012,3,649.58,25.326666666666668,84.92666666666666,0.53
Agusan del Norte,2012,4,1026.87,24.566666666666666,89.74000000000001,0.64
Agusan del Norte,2013,1,1381.81,24.28333333333333,89.76666666666667,0.6633333333333333
Agusan del Norte,2013,2,680.01,25.636666666666667,85.90333333333332,0.5133333333333333
Agusan del Norte,2013,3,612.07,25.36,85.42999999999999,0.49
Agusan del Norte,2013,4,873.99,24.746666666666666,89.25666666666666,0.6266666666666666
Agusan del Norte,2014,1,1596.17,23.709999999999997,89.84666666666665,0.7233333333333333
Agusan del Norte,2014,2,420.16999999999996,25.80666666666667,86.00666666666666,0.5299999999999999
Agusan del Norte,2014,3,579.08,25.566666666666666,84.52333333333333,0.49666666666666665
Agusan del Norte,2014,4,1064.86,24.956666666666667,88.87666666666667,0.5966666666666667
Agusan del Norte,2015,1,1094.17,23.663333333333338,87.47000000000001,0.6933333333333334
Agusan del Norte,2015,2,432.41,25.709999999999997,83.87666666666667,0.5299999999999999
Agusan del Norte,2015,3,459.96000000000004,25.900000000000002,83.62666666666667,0.48333333333333334
Agusan del Norte,2015,4,1048.17,25.173333333333332,87.33,0.6133333333333333
Agusan del Norte,2016,1,696.6400000000001,24.05,87.07333333333334,0.6866666666666666
Agusan del Norte,2016,2,719.61,25.853333333333335,85.79333333333334,0.5433333333333333
Agusan del Norte,2016,3,675.9399999999999,25.896666666666665,84.28,0.48333333333333334
Agusan del Norte,2016,4,1457.17,24.926666666666666,89.27333333333333,0.57
Agusan del Norte,2017,1,2111.9,23.933333333333334,91.14666666666666,0.6566666666666666
Agusan del Norte,2017,2,917.8,25.853333333333335,86.14999999999999,0.51
Agusan del Norte,2017,3,651.34,25.939999999999998,84.22666666666667,0.4533333333333333
Agusan del Norte,2017,4,1241.35,25.146666666666665,88.94666666666666,0.6166666666666667
Agusan del Norte,2018,1,1331.45,24.406666666666666,89.55333333333334,0.6433333333333333
Agusan del Norte,2018,2,654.66,25.926666666666666,85.04333333333334,0.5099999999999999
Agusan del Norte,2018,3,526.6600000000001,25.663333333333338,84.64333333333333,0.5366666666666666
Agusan del Norte,2018,4,908.78,25.083333333333332,88.25999999999999,0.6133333333333334
Agusan del Norte,2019,1,1172.29,23.419999999999998,87.26333333333334,0.7066666666666667
Agusan del Norte,2019,2,503.42,26.023333333333337,84.49,0.54
Agusan del Norte,2019,3,534.3199999999999,25.939999999999998,82.93,0.52
Agusan del Norte,2019,4,744.55,25.290000000000003,86.89,0.5733333333333334
Agusan del Norte,2020,1,846.54,24.12,88.11666666666667,0.7000000000000001
Agusan del Norte,2020,2,850.58,25.713333333333335,86.45,0.5566666666666666
Agusan del Norte,2020,3,741.73,25.906666666666666,84.64,0.4633333333333333
Agusan del Norte,2020,4,1355.17,25.236666666666665,89.18333333333334,0.5266666666666667
Agusan del Norte,2021,1,1451.13,24.506666666666664,89.62,0.6166666666666667
Agusan del Norte,2021,2,801.99,25.80666666666667,86.12,0.52
Agusan del Norte,2021,3,760.61,26.093333333333334,83.74333333333334,0.47000000000000003
Agusan del Norte,2021,4,1665.44,25.16,89.19,0.57
Agusan del Norte,2022,1,1504.87,24.24,90.49333333333334,0.6533333333333333
Agusan del Norte,2022,2,1320.07,25.41333333333333,87.75333333333333,0.54
Agusan del Norte,2022,3,752.49,25.97,84.92666666666666,0.42333333333333334
Agusan del Norte,2022,4,1377.67,25.11,89.23666666666666,0.5533333333333333
Agusan del Norte,2023,1,2051.4900000000002,24.333333333333332,90.94,0.6233333333333334
Agusan del Norte,2023,2,673.71,26.146666666666665,84.44666666666667,0.49666666666666665
Agusan del Norte,2023,3,699.6,26.05666666666667,84.99666666666667,0.51
Agusan del Norte,2023,4,1013.65,25.706666666666667,87.89666666666666,0.5666666666666668
Agusan del Norte,2024,1,840.62,24.313333333333333,88.48,0.6933333333333334
Agusan del Norte,2024,2,434.76,26.176666666666666,84.94666666666667,0.56
Agusan del Norte,2024,3,699.17,26.439999999999998,84.7,0.4633333333333334
Agusan del Norte,2024,4,1066.29,25.813333333333333,88.07666666666667,0.57
Agusan del Norte,2025,1,1298.51,24.8,90.67,0.6233333333333334
Agusan del Norte,2025,2,938.65,25.896666666666665,87.41666666666667,0.5366666666666666
Agusan del Norte,2025,3,709.2800000000001,25.873333333333335,85.35000000000001,0.49
Agusan del Norte,2025,4,1057.36,25.560000000000002,88.86333333333334,0.5399999999999999
Agusan del Sur,2000,1,926.41,25.03,89.25999999999999,0.09666666666666668
Agusan del Sur,2000,2,613.8,26.46666666666667,85.02666666666666,0.12
Agusan del Sur,2000,3,548.59,26.643333333333334,83.02666666666666,0.11
Agusan del Sur,2000,4,755.19,25.756666666666664,88.83,0.09333333333333334
Agusan del Sur,2001,1,883.29,25.2,88.01666666666667,0.12333333333333334
Agusan del Sur,2001,2,710.91,26.643333333333334,84.63,0.11666666666666665
Agusan del Sur,2001,3,509.61,26.939999999999998,83.24333333333334,0.09666666666666668
Agusan del Sur,2001,4,1004.74,25.80666666666667,87.99333333333334,0.09000000000000001
Agusan del Sur,2002,1,752.49,24.53,87.58666666666666,0.08
Agusan del Sur,2002,2,716.84,26.623333333333335,84.39333333333333,0.11
Agusan del Sur,2002,3,529.61,26.723333333333333,83.68333333333334,0.09333333333333334
Agusan del Sur,2002,4,547.3499999999999,25.973333333333333,86.40333333333332,0.1366666666666667
Agusan del Sur,2003,1,782.06,24.76,87.99666666666667,0.09000000000000001
Agusan del Sur,2003,2,524.87,26.623333333333335,83.69,0.13333333333333333
Agusan del Sur,2003,3,817.37,26.650000000000002,85.06666666666666,0.09999999999999999
Agusan del Sur,2003,4,889.01,25.856666666666666,87.67333333333333,0.06999999999999999
Agusan del Sur,2004,1,710.1,25.416666666666668,87.44333333333333,0.09000000000000001
Agusan del Sur,2004,2,513.96,26.659999999999997,83.68666666666667,0.10333333333333333
Agusan del Sur,2004,3,475.04999999999995,26.746666666666666,82.69666666666666,0.10666666666666667
Agusan del Sur,2004,4,520.22,26.33,84.89,0.12
Agusan del Sur,2005,1,528.5600000000001,24.706666666666667,86.34666666666665,0.10666666666666667
Agusan del Sur,2005,2,431.7,26.543333333333333,83.87333333333333,0.12333333333333334
Agusan del Sur,2005,3,678.9,26.766666666666666,84.06666666666666,0.08666666666666667
Agusan del Sur,2005,4,986.41,25.99333333333333,87.56666666666666,0.12666666666666668
Agusan del Sur,2006,1,1046.74,24.97666666666667,89.15666666666665,0.08666666666666667
Agusan del Sur,2006,2,591.04,26.326666666666668,84.24666666666667,0.13333333333333333
Agusan del Sur,2006,3,450.55,26.683333333333334,82.88333333333333,0.09333333333333334
Agusan del Sur,2006,4,619.78,26.113333333333333,85.78000000000002,0.1366666666666667
Agusan del Sur,2007,1,863.44,24.73,88.51333333333334,0.10000000000000002
Agusan del Sur,2007,2,621.6800000000001,26.580000000000002,85.06,0.12333333333333334
Agusan del Sur,2007,3,577.01,26.570000000000004,84.28333333333335,0.08333333333333333
Agusan del Sur,2007,4,819.6800000000001,25.936666666666667,88.07666666666667,0.09666666666666668
Agusan del Sur,2008,1,992.86,24.896666666666665,89.29666666666667,0.11666666666666665
Agusan del Sur,2008,2,642.28,26.25,85.45,0.11333333333333334
Agusan del Sur,2008,3,643.36,26.31,84.0,0.09999999999999999
Agusan del Sur,2008,4,928.26,25.816666666666666,88.42,0.12
Agusan del Sur,2009,1,1166.6100000000001,25.253333333333334,88.72666666666667,0.10666666666666667
Agusan del Sur,2009,2,709.65,26.486666666666665,85.39666666666666,0.09333333333333334
Agusan del Sur,2009,3,513.45,26.986666666666668,82.66666666666667,0.10000000000000002
Agusan del Sur,2009,4,752.45,25.866666666666664,86.45666666666666,0.11333333333333334
Agusan del Sur,2010,1,676.34,24.77333333333333,86.97666666666667,0.11666666666666668
Agusan del Sur,2010,2,568.21,26.713333333333335,84.21666666666665,0.12666666666666668
Agusan del Sur,2010,3,708.38,26.53333333333333,83.42999999999999,0.13
Agusan del Sur,2010,4,774.75,25.97,86.41666666666667,0.13
Agusan del Sur,2011,1,1734.43,25.01,90.7,0.09000000000000001
Agusan del Sur,2011,2,736.99,26.22666666666667,86.03000000000002,0.09333333333333334
Agusan del Sur,2011,3,819.55,26.72666666666667,83.03,0.08
Agusan del Sur,2011,4,1080.48,26.00666666666667,87.07333333333334,0.11333333333333333
Agusan del Sur,2012,1,935.79,25.099999999999998,88.95,0.10666666666666667
Agusan del Sur,2012,2,705.8499999999999,26.596666666666664,83.76,0.11666666666666665
Agusan del Sur,2012,3,693.6700000000001,26.63,83.2,0.08333333333333333
Agusan del Sur,2012,4,838.97,25.583333333333332,88.11333333333333,0.11333333333333334
Agusan del Sur,2013,1,1141.75,25.176666666666666,88.86333333333333,0.09000000000000001
Agusan del Sur,2013,2,695.07,26.673333333333332,84.37666666666667,0.13
Agusan del Sur,2013,3,615.92,26.543333333333333,83.57333333333332,0.09000000000000001
Agusan del Sur,2013,4,722.7,25.843333333333334,86.93,0.11666666666666665
Agusan del Sur,2014,1,1179.89,24.616666666666664,88.71666666666665,0.08666666666666667
Agusan del Sur,2014,2,383.53,27.03333333333333,83.64333333333333,0.11666666666666668
Agusan del Sur,2014,3,588.25,26.816666666666666,82.63333333333334,0.09333333333333334
Agusan del Sur,2014,4,848.44,26.176666666666666,86.33666666666666,0.10333333333333333
Agusan del Sur,2015,1,553.77,24.626666666666665,86.06666666666666,0.11666666666666665
Agusan del Sur,2015,2,380.57,26.900000000000002,81.83333333333333,0.11666666666666665
Agusan del Sur,2015,3,511.59,27.28333333333333,80.99333333333334,0.09000000000000001
Agusan del Sur,2015,4,662.6899999999999,26.25333333333333,85.2,0.13
Agusan del Sur,2016,1,265.5,25.08666666666667,84.57333333333334,0.14
Agusan del Sur,2016,2,599.5799999999999,27.016666666666666,82.92333333333333,0.12
Agusan del Sur,2016,3,684.33,27.206666666666667,81.13666666666667,0.09999999999999999
Agusan del Sur,2016,4,899.29,26.08,86.75333333333333,0.11
Agusan del Sur,2017,1,1318.5900000000001,24.836666666666662,89.88666666666666,0.08
Agusan del Sur,2017,2,773.59,26.903333333333336,84.05666666666667,0.12
Agusan del Sur,2017,3,646.61,27.076666666666668,82.51,0.09333333333333334
Agusan del Sur,2017,4,838.69,26.2,86.73333333333333,0.09666666666666666
Agusan del Sur,2018,1,711.71,25.406666666666666,87.27333333333333,0.11666666666666665
Agusan del Sur,2018,2,527.63,26.95,83.39,0.10333333333333333
Agusan del Sur,2018,3,556.63,27.273333333333337,81.29333333333334,0.09999999999999999
Agusan del Sur,2018,4,570.6,26.116666666666664,86.08666666666666,0.11666666666666665
Agusan del Sur,2019,1,522.6,24.353333333333335,85.67333333333333,0.1366666666666667
Agusan del Sur,2019,2,410.29,27.330000000000002,81.98333333333333,0.11666666666666668
Agusan del Sur,2019,3,436.28999999999996,27.12,80.82666666666667,0.07666666666666667
Agusan del Sur,2019,4,499.49,26.51,84.13666666666667,0.11333333333333333
Agusan del Sur,2020,1,353.75,25.159999999999997,85.7,0.10666666666666667
Agusan del Sur,2020,2,592.6700000000001,26.923333333333336,83.30666666666667,0.12666666666666668
Agusan del Sur,2020,3,709.5600000000001,27.173333333333332,82.19666666666667,0.11333333333333333
Agusan del Sur,2020,4,891.28,26.41,86.75,0.11333333333333334
Agusan del Sur,2021,1,927.4,25.463333333333335,87.85333333333334,0.09999999999999999
Agusan del Sur,2021,2,798.92,27.026666666666667,84.15333333333332,0.09666666666666666
Agusan del Sur,2021,3,694.91,27.263333333333332,82.24,0.10000000000000002
Agusan del Sur,2021,4,1021.12,26.213333333333335,86.85000000000001,0.12666666666666668
Agusan del Sur,2022,1,763.8900000000001,25.27,88.54333333333334,0.11
Agusan del Sur,2022,2,851.29,26.506666666666664,85.52333333333333,0.09999999999999999
Agusan del Sur,2022,3,640.25,27.153333333333332,83.0,0.09333333333333334
Agusan del Sur,2022,4,914.13,26.28,86.75,0.13333333333333333
Agusan del Sur,2023,1,1144.71,25.290000000000003,89.36,0.09999999999999999
Agusan del Sur,2023,2,581.65,27.313333333333333,82.7,0.09000000000000001
Agusan del Sur,2023,3,725.81,27.570000000000004,82.01333333333334,0.09000000000000001
Agusan del Sur,2023,4,671.65,26.796666666666667,85.93333333333334,0.12
Agusan del Sur,2024,1,572.4399999999999,25.253333333333334,87.00999999999999,0.10333333333333333
Agusan del Sur,2024,2,435.39,27.36,82.36666666666667,0.12333333333333334
Agusan del Sur,2024,3,585.14,27.59,82.91666666666667,0.07666666666666666
Agusan del Sur,2024,4,708.53,26.830000000000002,86.15333333333335,0.09666666666666668
Agusan del Sur,2025,1,727.53,25.80666666666667,88.55666666666667,0.12
Agusan del Sur,2025,2,742.97,27.083333333333332,84.90333333333332,0.11333333333333334
Agusan del Sur,2025,3,574.4100000000001,27.106666666666666,83.2,0.09000000000000001
Agusan del Sur,2025,4,771.05,26.576666666666668,86.95333333333333,0.11
Aklan,2000,1,372.94,25.46666666666667,87.88333333333333,2.9066666666666663
Aklan,2000,2,623.47,27.099999999999998,83.73,1.8566666666666667
Aklan,2000,3,721.44,26.17,87.66666666666667,2.1
Aklan,2000,4,1189.0900000000001,26.083333333333332,89.62333333333333,2.3866666666666667
Aklan,2001,1,395.49,25.703333333333333,86.56333333333333,2.8633333333333333
Aklan,2001,2,574.3,27.583333333333332,80.42999999999999,1.95
Aklan,2001,3,542.78,26.276666666666667,87.68666666666667,2.2133333333333334
Aklan,2001,4,907.66,25.636666666666667,89.02333333333333,2.77
Aklan,2002,1,102.36,25.456666666666667,79.37666666666667,3.3000000000000003
Aklan,2002,2,291.06,28.27333333333333,74.74666666666667,2.1233333333333335
Aklan,2002,3,928.65,26.19666666666667,88.10666666666667,2.316666666666667
Aklan,2002,4,443.65999999999997,26.11,87.55,2.3033333333333332
Aklan,2003,1,85.56,25.959999999999997,76.98666666666666,3.3166666666666664
Aklan,2003,2,397.8,28.093333333333334,75.41000000000001,2.1933333333333334
Aklan,2003,3,920.99,26.34,87.85333333333334,1.8800000000000001
Aklan,2003,4,611.5500000000001,25.8,86.79333333333334,2.6666666666666665
Aklan,2004,1,128.96,26.263333333333332,79.74333333333333,2.9166666666666665
Aklan,2004,2,644.21,27.546666666666667,80.66000000000001,2.4466666666666668
Aklan,2004,3,641.59,26.233333333333334,86.80333333333333,2.07
Aklan,2004,4,514.31,25.97,86.74000000000001,2.5399999999999996
Aklan,2005,1,106.48,26.006666666666664,76.77666666666666,3.06
Aklan,2005,2,328.29,28.23,75.24333333333333,1.9799999999999998
Aklan,2005,3,937.58,26.366666666666664,88.45666666666666,2.013333333333333
Aklan,2005,4,716.9000000000001,26.083333333333332,89.46666666666665,2.3933333333333335
Aklan,2006,1,262.27,25.626666666666665,85.91666666666667,3.0066666666666664
Aklan,2006,2,674.36,27.45,80.39333333333333,2.11
Aklan,2006,3,754.3299999999999,26.24,88.15333333333332,2.1233333333333335
Aklan,2006,4,664.74,26.19666666666667,87.31666666666666,2.4566666666666666
Aklan,2007,1,175.32,25.713333333333335,81.56333333333333,3.063333333333334
Aklan,2007,2,503.16,28.05333333333333,77.52,1.9833333333333334
Aklan,2007,3,1057.56,26.55333333333333,87.40666666666668,1.97
Aklan,2007,4,812.3599999999999,25.893333333333334,89.95,2.5566666666666666
Aklan,2008,1,445.0,25.236666666666665,88.41000000000001,3.016666666666666
Aklan,2008,2,1178.45,26.600000000000005,86.03333333333335,2.0533333333333332
Aklan,2008,3,1052.99,26.183333333333334,87.06333333333333,1.8099999999999998
Aklan,2008,4,887.51,26.186666666666667,89.00333333333333,2.4233333333333333
Aklan,2009,1,243.22,25.593333333333334,85.66333333333334,2.98
Aklan,2009,2,1063.13,26.75,85.79333333333334,2.01
Aklan,2009,3,818.39,26.53,87.32000000000001,2.39
Aklan,2009,4,401.41,25.919999999999998,86.56333333333333,2.6233333333333335
Aklan,2010,1,106.92,26.323333333333334,77.05666666666667,3.063333333333333
Aklan,2010,2,280.75,29.05333333333333,71.38666666666667,2.063333333333333
Aklan,2010,3,1090.06,26.823333333333334,84.60000000000001,1.4566666666666668
Aklan,2010,4,865.2,26.19333333333333,89.31666666666666,2.0733333333333337
Aklan,2011,1,459.98,25.116666666666664,88.15666666666668,3.19
Aklan,2011,2,606.0600000000001,26.653333333333336,84.37,2.0500000000000003
Aklan,2011,3,909.24,26.313333333333333,87.75333333333333,2.24
Aklan,2011,4,986.1600000000001,26.21666666666667,88.40333333333332,2.2733333333333334
Aklan,2012,1,482.62,25.61,87.65666666666668,2.8800000000000003
Aklan,2012,2,504.07,27.090000000000003,83.3,1.9266666666666665
Aklan,2012,3,1110.03,26.28,87.40666666666668,2.3133333333333335
Aklan,2012,4,486.25,26.17,86.74333333333334,2.5966666666666667
Aklan,2013,1,348.36,25.736666666666668,84.86,3.1
Aklan,2013,2,655.4200000000001,28.19333333333333,77.96333333333332,1.8366666666666667
Aklan,2013,3,1132.62,26.423333333333332,87.20333333333333,1.9866666666666666
Aklan,2013,4,685.2,26.173333333333336,88.13,2.6199999999999997
Aklan,2014,1,240.8,24.926666666666666,83.12333333333333,3.23
Aklan,2014,2,499.77,28.006666666666664,79.24666666666667,2.0033333333333334
Aklan,2014,3,989.6800000000001,26.406666666666666,86.92,2.0966666666666667
Aklan,2014,4,769.85,26.126666666666665,88.69333333333334,2.6366666666666667
Aklan,2015,1,141.25,25.33666666666667,80.89666666666666,3.0500000000000003
Aklan,2015,2,283.18,28.606666666666666,73.0,1.9566666666666668
Aklan,2015,3,972.9000000000001,26.74,86.39666666666666,2.06
Aklan,2015,4,500.65999999999997,26.583333333333332,85.83333333333333,2.6833333333333336
Aklan,2016,1,155.0,26.513333333333335,78.83666666666666,2.953333333333333
Aklan,2016,2,421.9,28.76,75.11,1.9799999999999998
Aklan,2016,3,870.41,26.893333333333334,86.45,1.9933333333333334
Aklan,2016,4,982.36,26.28,88.82666666666667,2.34
Aklan,2017,1,352.52,25.383333333333336,85.57333333333334,3.15
Aklan,2017,2,664.44,28.006666666666664,79.89666666666666,1.763333333333333
Aklan,2017,3,1164.19,26.956666666666667,85.94333333333333,1.7433333333333334
Aklan,2017,4,1049.98,26.55333333333333,88.29333333333334,2.47
Aklan,2018,1,489.41,25.683333333333334,87.03666666666668,2.8633333333333333
Aklan,2018,2,603.24,27.55333333333333,81.89,2.1166666666666667
Aklan,2018,3,1001.8699999999999,26.42,88.41333333333334,2.3833333333333333
Aklan,2018,4,524.01,26.456666666666667,86.09666666666665,2.63
Aklan,2019,1,119.33,25.52,78.42333333333333,3.11
Aklan,2019,2,370.91,28.59,76.06333333333333,1.9633333333333336
Aklan,2019,3,1079.01,26.703333333333333,87.25999999999999,2.263333333333333
Aklan,2019,4,977.45,26.459999999999997,86.93666666666667,2.36
Aklan,2020,1,188.85,26.043333333333333,81.26333333333334,3.0566666666666666
Aklan,2020,2,1387.76,28.603333333333335,76.48333333333333,2.0766666666666667
Aklan,2020,3,986.64,27.23,84.54,1.5166666666666666
Aklan,2020,4,1722.8600000000001,26.513333333333335,89.05666666666667,2.2733333333333334
Aklan,2021,1,463.65000000000003,25.73,87.48666666666666,2.8466666666666662
Aklan,2021,2,402.34999999999997,27.706666666666667,80.84333333333333,2.0033333333333334
Aklan,2021,3,987.5,27.043333333333333,86.02666666666666,1.9433333333333334
Aklan,2021,4,682.64,26.430000000000003,88.45,2.75
Aklan,2022,1,231.66,25.993333333333336,84.88,2.92
Aklan,2022,2,901.33,27.19666666666667,83.78666666666668,1.93
Aklan,2022,3,938.78,26.986666666666668,85.98333333333333,1.6633333333333333
Aklan,2022,4,1010.47,26.49,88.35333333333334,2.43
Aklan,2023,1,507.40999999999997,25.393333333333334,87.91000000000001,3.026666666666667
Aklan,2023,2,440.81,28.01,80.23333333333333,1.8666666666666665
Aklan,2023,3,779.16,27.28333333333333,86.25333333333333,2.2333333333333334
Aklan,2023,4,571.55,26.94666666666667,87.83,2.35
Aklan,2024,1,127.00999999999999,26.55333333333333,78.61333333333333,3.1966666666666668
Aklan,2024,2,326.78000000000003,29.423333333333332,72.75,2.2133333333333334
Aklan,2024,3,1220.05,27.316666666666663,87.35666666666667,2.01
Aklan,2024,4,807.56,27.043333333333333,87.60666666666667,2.296666666666667
Aklan,2025,1,372.9,26.063333333333333,87.91000000000001,2.9033333333333338
Aklan,2025,2,572.92,27.826666666666668,82.0,1.9400000000000002
Aklan,2025,3,1051.21,26.736666666666668,87.34666666666668,2.07
Aklan,2025,4,1070.15,26.666666666666668,89.07333333333334,2.34
Albay,2000,1,1114.99,25.349999999999998,87.20666666666666,2.9
Albay,2000,2,411.52,27.22,83.50333333333333,1.8966666666666667
Albay,2000,3,583.99,26.66333333333333,85.83333333333333,2.3833333333333333
Albay,2000,4,1564.98,26.36,88.57333333333334,2.5766666666666667
Albay,2001,1,875.78,25.766666666666666,85.67,2.8666666666666667
Albay,2001,2,492.44,27.53,81.98333333333333,1.9433333333333334
Albay,2001,3,525.63,26.623333333333335,87.86000000000001,2.493333333333333
Albay,2001,4,1210.37,25.883333333333336,87.28666666666668,2.936666666666667
Albay,2002,1,392.11,24.816666666666663,82.46333333333332,3.1166666666666667
Albay,2002,2,281.5,27.576666666666668,79.47,2.0833333333333335
Albay,2002,3,835.25,26.8,85.98666666666666,2.5033333333333334
Albay,2002,4,783.53,26.38,86.18333333333334,2.3466666666666667
Albay,2003,1,265.46,25.106666666666666,81.23,3.09
Albay,2003,2,470.09,27.933333333333334,77.47,2.3533333333333335
Albay,2003,3,716.28,26.8,86.77,2.0566666666666666
Albay,2003,4,628.51,25.919999999999998,85.18,2.73
Albay,2004,1,415.92,25.53333333333333,83.62333333333333,2.78
Albay,2004,2,620.91,27.206666666666667,83.25666666666667,2.5366666666666666
Albay,2004,3,533.0600000000001,26.683333333333337,85.88,2.29
Albay,2004,4,967.4,25.963333333333335,87.06333333333333,2.5500000000000003
Albay,2005,1,298.31,25.073333333333334,81.78333333333335,2.7900000000000005
Albay,2005,2,287.58000000000004,27.873333333333335,77.69,1.9533333333333331
Albay,2005,3,975.49,26.913333333333338,87.07,2.1266666666666665
Albay,2005,4,1280.55,26.316666666666666,88.14666666666666,2.47
Albay,2006,1,718.54,25.483333333333334,85.55,2.966666666666667
Albay,2006,2,512.9300000000001,27.146666666666665,82.62333333333333,2.103333333333333
Albay,2006,3,759.86,26.636666666666667,87.74666666666667,2.3433333333333333
Albay,2006,4,828.7,26.343333333333334,86.53333333333335,2.4833333333333334
Albay,2007,1,489.05999999999995,25.323333333333334,82.64333333333333,2.91
Albay,2007,2,372.53999999999996,27.646666666666665,80.12,1.9399999999999997
Albay,2007,3,761.4399999999999,27.2,84.93666666666667,2.0966666666666667
Albay,2007,4,1425.01,26.126666666666665,88.82,2.8266666666666667
Albay,2008,1,1339.5,25.33,86.73,2.986666666666667
Albay,2008,2,878.08,26.74666666666667,85.95666666666666,2.1366666666666667
Albay,2008,3,641.69,26.53,86.60333333333334,1.9933333333333332
Albay,2008,4,1100.63,26.406666666666666,87.79,2.4566666666666666
Albay,2009,1,810.3199999999999,25.486666666666668,86.01333333333332,2.92
Albay,2009,2,1142.98,26.826666666666668,86.50666666666666,2.0733333333333333
Albay,2009,3,655.33,27.0,86.41666666666667,2.56
Albay,2009,4,716.3,25.986666666666668,85.39999999999999,2.7133333333333334
Albay,2010,1,338.55,25.45,81.81333333333333,2.783333333333333
Albay,2010,2,222.92000000000002,28.45,75.62666666666667,2.0466666666666664
Albay,2010,3,810.49,27.213333333333335,83.35333333333334,1.6133333333333333
Albay,2010,4,1316.3500000000001,26.373333333333335,88.54,2.18
Albay,2011,1,1264.08,25.066666666666666,86.83333333333333,3.1999999999999997
Albay,2011,2,913.24,26.63,85.26333333333334,2.28
Albay,2011,3,982.63,26.78333333333333,87.03000000000002,2.566666666666667
Albay,2011,4,1249.1,26.429999999999996,87.70666666666666,2.3766666666666665
Albay,2012,1,1256.5500000000002,25.60666666666667,86.63,2.936666666666666
Albay,2012,2,419.95,27.37,83.16666666666667,2.0033333333333334
Albay,2012,3,768.03,26.876666666666665,86.48,2.546666666666667
Albay,2012,4,988.73,26.323333333333334,85.89999999999999,2.6166666666666667
Albay,2013,1,775.93,25.546666666666667,84.98666666666666,3.0966666666666662
Albay,2013,2,492.11999999999995,27.94666666666667,80.81,1.8266666666666669
Albay,2013,3,790.6999999999999,26.810000000000002,86.74666666666667,2.22
Albay,2013,4,1078.58,26.323333333333334,87.17999999999999,2.6266666666666665
Albay,2014,1,432.96000000000004,24.76,82.32666666666667,3.1633333333333336
Albay,2014,2,332.51,28.003333333333334,80.20666666666666,2.0233333333333334
Albay,2014,3,973.6500000000001,27.03333333333333,85.65333333333335,2.39
Albay,2014,4,1258.8,26.326666666666668,87.62333333333333,2.6966666666666668
Albay,2015,1,569.3000000000001,24.86,82.47333333333334,3.0
Albay,2015,2,315.59,27.97,77.53,1.99
Albay,2015,3,512.97,27.61,82.46666666666667,2.2966666666666664
Albay,2015,4,840.58,26.72666666666667,84.42333333333333,2.85
Albay,2016,1,409.25,25.580000000000002,83.80666666666667,2.7566666666666664
Albay,2016,2,335.47,28.206666666666667,79.14666666666666,2.0433333333333334
Albay,2016,3,645.96,27.566666666666666,84.3,2.216666666666667
Albay,2016,4,1430.56,26.486666666666665,88.21333333333332,2.5533333333333332
Albay,2017,1,940.7800000000001,25.176666666666666,85.66333333333334,3.1300000000000003
Albay,2017,2,405.93,27.736666666666668,81.93666666666667,1.8233333333333335
Albay,2017,3,851.4,27.46666666666667,84.40333333333332,1.9133333333333333
Albay,2017,4,1672.2,26.733333333333334,87.67666666666666,2.64
Albay,2018,1,1244.18,25.686666666666667,86.19,2.8633333333333333
Albay,2018,2,396.55,27.483333333333334,82.93333333333332,2.2433333333333336
Albay,2018,3,676.1800000000001,27.063333333333333,86.34666666666668,2.6999999999999997
Albay,2018,4,1047.27,26.516666666666666,84.97333333333333,2.7466666666666666
Albay,2019,1,264.97999999999996,24.95,80.10666666666667,2.98
Albay,2019,2,382.12,28.3,78.70666666666666,2.023333333333333
Albay,2019,3,651.85,27.3,85.24666666666667,2.6300000000000003
Albay,2019,4,860.97,26.689999999999998,85.46666666666665,2.4566666666666666
Albay,2020,1,646.92,25.493333333333336,83.53333333333335,2.9133333333333336
Albay,2020,2,525.65,27.89,81.51,2.1533333333333333
Albay,2020,3,671.53,27.663333333333338,83.18666666666667,1.6466666666666667
Albay,2020,4,1703.3899999999999,26.72666666666667,88.27333333333333,2.3466666666666667
Albay,2021,1,1217.27,25.72666666666667,86.53666666666668,2.89
Albay,2021,2,512.73,27.49,82.95333333333333,2.1566666666666667
Albay,2021,3,718.43,27.459999999999997,85.03666666666668,2.1999999999999997
Albay,2021,4,1192.83,26.5,87.83666666666666,2.783333333333333
Albay,2022,1,766.9,25.636666666666667,86.10000000000001,2.8066666666666666
Albay,2022,2,779.05,27.286666666666665,84.34333333333333,1.9733333333333334
Albay,2022,3,750.76,27.430000000000003,85.31666666666666,1.7866666666666668
Albay,2022,4,1375.15,26.66,88.15333333333332,2.5766666666666667
Albay,2023,1,1329.47,25.433333333333334,86.61666666666667,3.063333333333333
Albay,2023,2,434.89,27.936666666666667,81.89,1.9866666666666666
Albay,2023,3,625.46,27.916666666666668,84.76666666666667,2.47
Albay,2023,4,971.71,27.136666666666667,86.66000000000001,2.46
Albay,2024,1,416.9,25.72666666666667,82.58999999999999,2.973333333333333
Albay,2024,2,340.51,28.563333333333333,79.19666666666667,2.216666666666667
Albay,2024,3,904.88,27.833333333333332,86.01333333333332,2.2133333333333334
Albay,2024,4,1486.48,27.19333333333333,87.36,2.56
Albay,2025,1,1508.95,25.939999999999998,87.63666666666666,2.8633333333333333
Albay,2025,2,534.52,27.689999999999998,83.86333333333333,1.9533333333333331
Albay,2025,3,989.36,27.093333333333334,86.89999999999999,2.2733333333333334
Albay,2025,4,1405.35,26.833333333333332,88.42,2.44
Antique,2000,1,249.47,26.840000000000003,82.74,4.5
Antique,2000,2,777.86,28.356666666666666,79.03,2.9933333333333336
Antique,2000,3,1062.45,27.290000000000003,83.81333333333333,3.936666666666667
Antique,2000,4,977.6999999999999,27.5,83.59666666666666,4.026666666666666
Antique,2001,1,279.81,27.293333333333333,80.69333333333333,4.676666666666667
Antique,2001,2,700.95,28.673333333333332,77.13333333333334,3.236666666666667
Antique,2001,3,877.9699999999999,27.086666666666662,85.79333333333334,3.91
Antique,2001,4,859.62,26.986666666666668,84.10666666666667,4.586666666666667
Antique,2002,1,54.019999999999996,26.74,76.57333333333334,5.086666666666667
Antique,2002,2,418.65,28.89,75.71666666666665,3.2866666666666666
Antique,2002,3,1378.83,26.983333333333334,86.10000000000001,4.376666666666666
Antique,2002,4,392.15000000000003,27.646666666666665,81.54333333333334,4.0
Antique,2003,1,43.08,27.276666666666667,74.51333333333334,5.163333333333333
Antique,2003,2,595.49,28.78333333333333,75.53,3.4966666666666666
Antique,2003,3,1379.77,27.2,85.23333333333333,3.4899999999999998
Antique,2003,4,584.49,27.30666666666667,81.56666666666666,4.383333333333334
Antique,2004,1,70.16,27.376666666666665,77.35333333333334,4.483333333333333
Antique,2004,2,835.9200000000001,28.566666666666666,78.21,3.966666666666667
Antique,2004,3,874.28,27.163333333333338,84.02333333333333,3.483333333333333
Antique,2004,4,444.16999999999996,27.386666666666667,81.53666666666668,4.3
Antique,2005,1,44.92,27.366666666666664,73.96666666666665,4.773333333333333
Antique,2005,2,444.82000000000005,28.83,75.41333333333334,3.0066666666666664
Antique,2005,3,1308.45,27.393333333333334,84.97,3.8533333333333335
Antique,2005,4,654.5,27.583333333333332,83.11,3.9466666666666668
Antique,2006,1,164.17000000000002,27.22666666666667,79.96333333333332,4.923333333333333
Antique,2006,2,740.67,28.763333333333332,76.10666666666667,3.34
Antique,2006,3,1294.76,27.17,85.53000000000002,4.046666666666667
Antique,2006,4,574.79,27.703333333333333,81.55,4.093333333333334
Antique,2007,1,101.72,27.116666666666664,77.57333333333334,4.826666666666667
Antique,2007,2,521.39,29.093333333333334,74.88666666666667,2.8366666666666664
Antique,2007,3,1373.01,27.560000000000002,84.16,3.823333333333333
Antique,2007,4,732.15,27.293333333333333,84.31333333333333,4.163333333333333
Antique,2008,1,321.46,26.893333333333334,81.8,4.886666666666667
Antique,2008,2,1281.59,27.919999999999998,80.82666666666667,3.563333333333333
Antique,2008,3,1216.51,27.176666666666666,83.86333333333333,3.3766666666666665
Antique,2008,4,764.5,27.743333333333336,82.51666666666667,4.136666666666667
Antique,2009,1,168.43,27.13,80.25333333333333,4.886666666666667
Antique,2009,2,1186.84,27.926666666666666,81.53333333333335,3.533333333333333
Antique,2009,3,1288.22,27.486666666666665,84.50666666666666,4.3
Antique,2009,4,385.84,27.37,81.81333333333333,4.4433333333333325
Antique,2010,1,46.72,27.683333333333334,73.93333333333334,4.71
Antique,2010,2,334.52,29.606666666666666,72.03333333333333,2.8200000000000003
Antique,2010,3,1123.59,27.843333333333334,80.12666666666667,2.5166666666666666
Antique,2010,4,810.52,27.819999999999997,82.07,3.606666666666667
Antique,2011,1,310.4,26.656666666666666,82.67999999999999,5.24
Antique,2011,2,719.23,27.993333333333336,79.49000000000001,3.546666666666667
Antique,2011,3,1340.79,27.243333333333336,84.91333333333334,4.0633333333333335
Antique,2011,4,913.28,27.66333333333333,82.23,3.83
Antique,2012,1,415.65,27.22666666666667,81.19666666666667,4.71
Antique,2012,2,754.43,28.276666666666667,79.24666666666667,3.276666666666667
Antique,2012,3,1387.82,27.26,84.35666666666667,4.196666666666666
Antique,2012,4,413.58,27.626666666666665,81.25333333333333,4.363333333333333
Antique,2013,1,227.79,27.323333333333334,79.05333333333334,5.053333333333334
Antique,2013,2,767.87,29.026666666666667,75.89999999999999,2.8066666666666666
Antique,2013,3,1455.1200000000001,27.540000000000003,82.96,3.7133333333333334
Antique,2013,4,650.3,27.69666666666667,82.04333333333334,4.293333333333333
Antique,2014,1,166.8,26.513333333333332,78.43333333333334,5.266666666666667
Antique,2014,2,689.4000000000001,29.003333333333334,76.38666666666667,2.99
Antique,2014,3,1435.4099999999999,27.30333333333333,84.12666666666667,3.5966666666666662
Antique,2014,4,701.2,27.650000000000002,82.58999999999999,4.31
Antique,2015,1,79.01,26.633333333333336,77.68666666666667,4.8566666666666665
Antique,2015,2,358.8,29.093333333333334,73.91666666666667,2.94
Antique,2015,3,1154.8400000000001,27.666666666666668,83.12666666666667,3.8333333333333335
Antique,2015,4,456.63,28.09,80.41333333333334,4.5
Antique,2016,1,112.77,27.96666666666667,74.90333333333332,4.473333333333334
Antique,2016,2,490.15000000000003,29.566666666666666,74.29,2.9333333333333336
Antique,2016,3,1336.33,27.80666666666667,83.35666666666667,3.5966666666666662
Antique,2016,4,859.56,27.69666666666667,82.97,3.85
Antique,2017,1,297.57,26.786666666666665,81.18666666666667,5.006666666666667
Antique,2017,2,708.63,28.936666666666667,76.90333333333332,2.7566666666666664
Antique,2017,3,1279.0,27.953333333333333,82.06,3.126666666666667
Antique,2017,4,890.75,28.016666666666666,82.14333333333333,4.086666666666667
Antique,2018,1,376.6,27.213333333333335,81.34666666666666,4.7
Antique,2018,2,599.86,28.953333333333333,76.85666666666667,3.3366666666666664
Antique,2018,3,1352.57,27.566666666666666,84.52666666666666,4.39
Antique,2018,4,461.12,27.986666666666668,80.37666666666667,4.293333333333334
Antique,2019,1,51.739999999999995,26.923333333333332,75.16666666666667,4.8500000000000005
Antique,2019,2,439.55,29.383333333333336,74.89333333333333,2.986666666666667
Antique,2019,3,1387.2,27.816666666666666,83.79666666666667,4.180000000000001
Antique,2019,4,804.24,27.936666666666667,81.25666666666667,3.9166666666666665
Antique,2020,1,106.31,27.44666666666667,77.59666666666666,4.726666666666667
Antique,2020,2,1080.71,29.64,73.84666666666666,2.9
Antique,2020,3,1042.25,28.19666666666667,80.75666666666667,2.7266666666666666
Antique,2020,4,1723.83,27.900000000000002,83.33999999999999,3.936666666666667
Antique,2021,1,322.6,27.290000000000003,81.72333333333334,4.6466666666666665
Antique,2021,2,417.14,28.73,77.95,3.346666666666667
Antique,2021,3,1039.49,28.156666666666666,81.79333333333334,3.473333333333333
Antique,2021,4,644.72,28.02,82.41000000000001,4.54
Antique,2022,1,201.29,27.53,79.52999999999999,4.55
Antique,2022,2,701.54,28.576666666666668,78.0,3.1266666666666665
Antique,2022,3,1169.1100000000001,27.893333333333334,82.68333333333334,3.026666666666667
Antique,2022,4,888.1300000000001,28.046666666666667,82.23666666666666,4.08
Antique,2023,1,397.6,26.953333333333333,82.14999999999999,4.973333333333334
Antique,2023,2,607.59,28.756666666666664,78.86666666666666,3.106666666666667
Antique,2023,3,1043.21,28.203333333333333,83.65666666666668,3.93
Antique,2023,4,445.01,28.496666666666666,81.37333333333333,3.8433333333333333
Antique,2024,1,71.53,27.886666666666667,75.56666666666666,4.853333333333333
Antique,2024,2,356.34,30.223333333333333,72.67333333333333,3.073333333333333
Antique,2024,3,1502.92,28.213333333333335,84.22666666666667,3.7166666666666663
Antique,2024,4,623.22,28.406666666666666,82.00666666666666,3.7733333333333334
Antique,2025,1,266.68,27.903333333333336,80.32666666666667,4.74
Antique,2025,2,806.06,29.093333333333334,77.24666666666667,3.0066666666666664
Antique,2025,3,1272.32,27.709999999999997,84.07333333333334,3.8433333333333337
Antique,2025,4,1061.52,28.070000000000004,83.22,3.823333333333333
Apayao,2000,1,139.74,21.956666666666667,86.47666666666667,1.1533333333333333
Apayao,2000,2,354.2,26.113333333333333,79.21333333333332,0.7200000000000001
Apayao,2000,3,864.49,24.823333333333334,88.07666666666667,0.9266666666666666
Apayao,2000,4,749.76,23.30333333333333,91.76666666666667,1.3033333333333335
Apayao,2001,1,242.01999999999998,22.013333333333332,87.66333333333334,1.11
Apayao,2001,2,381.12,26.330000000000002,81.08,0.7200000000000001
Apayao,2001,3,1007.14,25.070000000000004,88.79333333333334,0.8633333333333333
Apayao,2001,4,286.23,22.209999999999997,88.80666666666667,1.3133333333333332
Apayao,2002,1,58.629999999999995,22.28,77.19333333333333,1.1233333333333333
Apayao,2002,2,333.56,27.073333333333334,71.97,0.8733333333333334
Apayao,2002,3,750.24,25.349999999999998,87.03333333333335,0.8433333333333333
Apayao,2002,4,241.92999999999998,23.323333333333334,88.40666666666668,1.0566666666666666
Apayao,2003,1,35.71,22.33,75.07666666666667,1.1766666666666665
Apayao,2003,2,538.73,27.013333333333332,73.68,0.91
Apayao,2003,3,547.8,25.313333333333333,87.12,0.7566666666666667
Apayao,2003,4,367.98,22.14,88.46,1.2066666666666668
Apayao,2004,1,96.24000000000001,22.47,79.59666666666666,1.0933333333333335
Apayao,2004,2,629.55,26.74666666666667,74.06,0.9966666666666667
Apayao,2004,3,652.74,25.02333333333333,86.89666666666666,0.8466666666666667
Apayao,2004,4,234.55,22.33666666666667,86.62333333333333,1.33
Apayao,2005,1,158.32999999999998,22.22,78.42999999999999,1.0033333333333332
Apayao,2005,2,493.19,26.900000000000002,73.91000000000001,0.7400000000000001
Apayao,2005,3,1004.4100000000001,25.253333333333334,87.33333333333333,0.8366666666666666
Apayao,2005,4,467.64,22.643333333333334,91.11666666666667,1.2333333333333334
Apayao,2006,1,173.70999999999998,22.343333333333334,85.44,1.0533333333333335
Apayao,2006,2,183.85999999999999,27.543333333333333,69.69333333333333,0.8333333333333334
Apayao,2006,3,848.52,25.453333333333333,87.02999999999999,0.8433333333333334
Apayao,2006,4,584.59,22.99666666666667,90.48333333333333,1.0666666666666667
Apayao,2007,1,72.89,22.413333333333338,82.11,0.9966666666666667
Apayao,2007,2,375.86,26.506666666666664,76.54666666666667,0.7666666666666666
Apayao,2007,3,810.23,25.513333333333332,87.24333333333334,0.7566666666666667
Apayao,2007,4,530.77,22.656666666666666,90.76666666666667,1.3333333333333333
Apayao,2008,1,136.64,21.650000000000002,85.63999999999999,1.1966666666666665
Apayao,2008,2,275.46,26.55,75.49,0.84
Apayao,2008,3,1701.08,25.16,86.88,0.8466666666666667
Apayao,2008,4,472.02,22.650000000000002,90.87666666666667,1.1633333333333333
Apayao,2009,1,136.73000000000002,22.146666666666665,84.02,1.08
Apayao,2009,2,646.28,24.993333333333336,84.21333333333332,0.8933333333333334
Apayao,2009,3,1274.6399999999999,25.69333333333333,87.58666666666666,0.7566666666666667
Apayao,2009,4,903.68,22.37,89.49666666666667,1.1733333333333333
Apayao,2010,1,35.15,23.263333333333335,74.93666666666667,0.9866666666666667
Apayao,2010,2,396.78,27.603333333333335,71.67,0.7666666666666666
Apayao,2010,3,677.05,25.28333333333333,86.60333333333334,0.68
Apayao,2010,4,647.53,23.013333333333332,90.35333333333334,1.0466666666666666
Apayao,2011,1,148.9,20.873333333333335,85.64333333333333,1.2066666666666668
Apayao,2011,2,416.56,25.913333333333338,76.74666666666667,0.8366666666666666
Apayao,2011,3,1196.65,25.206666666666667,87.28666666666668,0.8566666666666668
Apayao,2011,4,782.3,23.16,91.89,1.1666666666666667
Apayao,2012,1,170.28,22.376666666666665,85.76666666666667,0.9733333333333333
Apayao,2012,2,666.76,26.583333333333332,79.50666666666667,0.68
Apayao,2012,3,1045.55,25.23,87.50666666666666,0.8666666666666666
Apayao,2012,4,343.29,22.86,88.84333333333332,0.93
Apayao,2013,1,81.98,23.080000000000002,79.10666666666667,1.0566666666666666
Apayao,2013,2,394.71,26.97666666666667,76.33,0.6433333333333334
Apayao,2013,3,934.9,25.08666666666667,86.68333333333334,0.7999999999999999
Apayao,2013,4,655.8399999999999,22.39,90.80666666666667,1.0333333333333332
Apayao,2014,1,49.93,21.08,82.20333333333333,0.9433333333333334
Apayao,2014,2,401.5,27.78333333333333,70.71,0.71
Apayao,2014,3,993.3599999999999,25.55666666666667,86.53666666666668,0.8099999999999999
Apayao,2014,4,278.62,22.69666666666667,89.21999999999998,1.1266666666666667
Apayao,2015,1,100.69999999999999,21.613333333333333,79.78666666666668,1.0
Apayao,2015,2,256.08,27.683333333333334,69.94333333333333,0.7166666666666667
Apayao,2015,3,966.87,25.76666666666667,83.78666666666668,0.9133333333333334
Apayao,2015,4,598.84,23.616666666666664,88.61666666666667,1.0633333333333332
Apayao,2016,1,105.23,22.536666666666665,82.66333333333334,0.9066666666666666
Apayao,2016,2,329.06,27.820000000000004,71.89,0.63
Apayao,2016,3,1001.22,25.73,86.06333333333333,0.7366666666666667
Apayao,2016,4,879.81,23.45,91.36000000000001,1.1433333333333333
Apayao,2017,1,198.53,21.346666666666668,87.45,1.0866666666666667
Apayao,2017,2,435.40000000000003,26.596666666666664,77.85666666666667,0.6433333333333333
Apayao,2017,3,766.4399999999999,25.76,86.60000000000001,0.7000000000000001
Apayao,2017,4,760.52,23.116666666666664,91.89333333333333,1.1533333333333333
Apayao,2018,1,201.52,21.863333333333333,85.75999999999999,1.0433333333333332
Apayao,2018,2,325.97,27.35666666666667,72.92666666666666,0.84
Apayao,2018,3,1100.93,25.37,87.10000000000001,0.8366666666666666
Apayao,2018,4,267.12,23.516666666666666,85.91666666666667,1.0766666666666667
Apayao,2019,1,73.69,23.28,74.35666666666667,0.9666666666666667
Apayao,2019,2,526.75,27.146666666666665,77.66000000000001,0.6033333333333334
Apayao,2019,3,1351.74,25.576666666666664,87.42999999999999,0.84
Apayao,2019,4,953.4399999999999,23.05,90.76333333333332,1.0633333333333332
Apayao,2020,1,103.22,22.27333333333333,82.03333333333333,0.9633333333333333
Apayao,2020,2,1199.57,27.41333333333333,74.21666666666665,0.7766666666666667
Apayao,2020,3,738.51,25.833333333333332,85.75,0.6066666666666666
Apayao,2020,4,3869.32,23.599999999999998,92.74,1.23
Apayao,2021,1,199.95,21.823333333333334,88.01333333333332,1.02
Apayao,2021,2,227.19,27.406666666666666,70.07666666666667,0.8833333333333333
Apayao,2021,3,746.36,25.820000000000004,86.39,0.8533333333333334
Apayao,2021,4,511.52,23.169999999999998,89.79,1.0933333333333335
Apayao,2022,1,158.9,22.983333333333334,82.92333333333333,0.9433333333333334
Apayao,2022,2,553.64,26.186666666666667,80.54,0.6866666666666666
Apayao,2022,3,849.5899999999999,25.666666666666668,86.86666666666667,0.6833333333333332
Apayao,2022,4,926.55,23.423333333333332,91.25666666666666,1.0599999999999998
Apayao,2023,1,161.8,21.633333333333336,84.88,1.1266666666666667
Apayao,2023,2,231.23,27.569999999999997,72.5,0.91
Apayao,2023,3,1335.75,26.30666666666667,85.95333333333333,0.9033333333333333
Apayao,2023,4,368.65999999999997,23.866666666666664,89.67666666666666,1.0666666666666667
Apayao,2024,1,52.68000000000001,23.143333333333334,77.55666666666667,1.0866666666666667
Apayao,2024,2,354.03,28.53,70.33,0.68
Apayao,2024,3,1160.29,26.293333333333333,86.21,0.7433333333333333
Apayao,2024,4,966.09,23.786666666666665,91.44,1.2466666666666668
Apayao,2025,1,230.93,21.883333333333336,88.51333333333332,1.1133333333333333
Apayao,2025,2,460.85,27.313333333333333,76.32,0.6533333333333333
Apayao,2025,3,1314.99,25.46666666666667,88.54666666666667,0.8766666666666666
Apayao,2025,4,716.79,23.683333333333334,91.73666666666666,1.1533333333333333
Aurora,2000,1,608.96,24.53333333333333,84.61,3.473333333333333
Aurora,2000,2,558.4,26.926666666666666,83.51333333333334,2.3266666666666667
Aurora,2000,3,930.3199999999999,27.070000000000004,83.12333333333333,2.9433333333333334
Aurora,2000,4,1446.51,26.05666666666667,86.78666666666668,3.67
Aurora,2001,1,502.07,25.006666666666664,83.86999999999999,3.5433333333333334
Aurora,2001,2,566.86,27.33,82.83999999999999,2.4166666666666665
Aurora,2001,3,673.84,27.373333333333335,82.45333333333333,2.6266666666666665
Aurora,2001,4,586.27,25.513333333333332,83.13000000000001,3.973333333333333
Aurora,2002,1,242.6,23.926666666666666,81.21666666666667,3.4066666666666663
Aurora,2002,2,391.40999999999997,27.243333333333336,79.32000000000001,2.47
Aurora,2002,3,1083.64,27.293333333333333,83.02,2.643333333333333
Aurora,2002,4,595.28,26.05666666666667,84.21666666666667,3.0866666666666664
Aurora,2003,1,106.53999999999999,24.099999999999998,79.64333333333333,3.4299999999999997
Aurora,2003,2,488.36,27.293333333333333,80.15666666666667,2.58
Aurora,2003,3,1016.1,27.113333333333333,83.83666666666666,2.4233333333333333
Aurora,2003,4,495.78999999999996,25.433333333333334,82.36,3.7733333333333334
Aurora,2004,1,254.95000000000002,24.473333333333333,82.63666666666666,3.1199999999999997
Aurora,2004,2,712.63,27.096666666666664,81.26,2.6533333333333333
Aurora,2004,3,839.25,26.996666666666666,82.77333333333333,2.4433333333333334
Aurora,2004,4,835.9,25.33,83.46333333333332,3.8666666666666667
Aurora,2005,1,216.42,24.203333333333333,80.91666666666667,3.0533333333333332
Aurora,2005,2,519.37,27.176666666666666,81.19333333333334,2.3233333333333337
Aurora,2005,3,994.0,27.266666666666666,83.71,2.53
Aurora,2005,4,1249.8200000000002,25.86,85.76666666666667,3.546666666666667
Aurora,2006,1,717.42,24.709999999999997,84.43666666666667,3.1633333333333336
Aurora,2006,2,531.92,27.046666666666667,81.22666666666667,2.36
Aurora,2006,3,1072.8700000000001,27.296666666666667,83.55,2.566666666666667
Aurora,2006,4,989.94,26.103333333333335,84.14333333333333,3.353333333333333
Aurora,2007,1,261.01,24.66,81.99666666666667,3.296666666666667
Aurora,2007,2,543.52,27.17,82.64666666666666,2.283333333333333
Aurora,2007,3,808.51,27.536666666666665,82.40666666666667,2.41
Aurora,2007,4,1127.14,25.69333333333333,85.45333333333333,3.7633333333333336
Aurora,2008,1,526.9399999999999,24.453333333333333,84.11333333333333,3.6333333333333333
Aurora,2008,2,738.28,26.953333333333333,82.77333333333333,2.486666666666667
Aurora,2008,3,834.62,27.099999999999998,82.46,2.486666666666667
Aurora,2008,4,1090.52,25.956666666666667,84.60333333333334,3.533333333333333
Aurora,2009,1,383.76,24.59,83.41,3.393333333333333
Aurora,2009,2,1075.91,26.71666666666667,84.31,2.7533333333333334
Aurora,2009,3,978.39,27.653333333333336,82.64333333333333,2.39
Aurora,2009,4,897.37,25.623333333333335,82.10000000000001,3.483333333333333
Aurora,2010,1,200.53000000000003,24.636666666666667,80.99666666666667,2.9933333333333336
Aurora,2010,2,426.89,27.560000000000002,80.2,2.24
Aurora,2010,3,996.4000000000001,27.320000000000004,82.62,2.33
Aurora,2010,4,1006.9499999999999,25.963333333333335,85.14333333333333,3.203333333333333
Aurora,2011,1,416.28000000000003,24.043333333333333,83.35000000000001,3.72
Aurora,2011,2,789.24,26.39,83.10666666666667,2.5833333333333335
Aurora,2011,3,1081.69,27.296666666666667,82.71666666666665,2.563333333333333
Aurora,2011,4,1455.08,26.036666666666665,86.12,3.34
Aurora,2012,1,709.3000000000001,24.98,83.35000000000001,3.3000000000000003
Aurora,2012,2,459.55,27.560000000000002,81.20666666666666,2.3033333333333332
Aurora,2012,3,1134.78,27.156666666666666,83.31333333333333,2.42
Aurora,2012,4,770.7,26.00333333333333,82.31333333333333,3.063333333333333
Aurora,2013,1,490.74,24.856666666666666,82.19666666666667,3.3200000000000003
Aurora,2013,2,571.97,27.62,81.45666666666666,2.1966666666666668
Aurora,2013,3,1248.37,27.063333333333333,83.29,2.38
Aurora,2013,4,1167.13,25.78333333333333,84.25,3.233333333333333
Aurora,2014,1,258.77,23.83666666666667,80.23,3.2466666666666666
Aurora,2014,2,306.65,27.709999999999997,79.17666666666666,2.22
Aurora,2014,3,908.55,27.55666666666667,81.62333333333333,2.4766666666666666
Aurora,2014,4,805.51,25.813333333333333,84.25666666666666,3.42
Aurora,2015,1,185.45,23.849999999999998,80.13333333333333,3.28
Aurora,2015,2,324.66999999999996,27.39,80.0,2.2733333333333334
Aurora,2015,3,672.5999999999999,27.743333333333336,80.82000000000001,2.513333333333333
Aurora,2015,4,1023.14,26.429999999999996,82.93333333333334,3.393333333333333
Aurora,2016,1,181.89000000000001,24.94666666666667,82.29333333333334,3.06
Aurora,2016,2,460.65999999999997,27.84,80.54666666666667,2.1999999999999997
Aurora,2016,3,777.16,27.873333333333335,81.30666666666666,2.29
Aurora,2016,4,1052.41,26.333333333333332,85.33666666666666,3.456666666666667
Aurora,2017,1,472.07000000000005,24.393333333333334,82.55666666666667,3.4933333333333336
Aurora,2017,2,571.37,27.493333333333336,81.62,2.3333333333333335
Aurora,2017,3,915.89,27.80666666666667,82.24333333333334,2.3433333333333333
Aurora,2017,4,885.6600000000001,26.340000000000003,85.18333333333334,3.5533333333333332
Aurora,2018,1,234.08,24.893333333333334,82.32333333333334,3.3000000000000003
Aurora,2018,2,473.31,27.486666666666668,80.19333333333333,2.49
Aurora,2018,3,1122.81,27.599999999999998,82.11666666666666,2.6533333333333333
Aurora,2018,4,455.4,26.243333333333336,81.77999999999999,3.3233333333333337
Aurora,2019,1,180.14,24.583333333333332,79.17,3.0500000000000003
Aurora,2019,2,598.4300000000001,27.786666666666665,80.91666666666667,2.1533333333333333
Aurora,2019,3,973.6,27.746666666666666,82.14,2.6466666666666665
Aurora,2019,4,586.03,26.33,83.18333333333334,3.2266666666666666
Aurora,2020,1,315.85,24.843333333333334,80.87666666666667,3.2533333333333334
Aurora,2020,2,715.14,27.566666666666666,82.07666666666667,2.3833333333333333
Aurora,2020,3,765.77,27.816666666666666,81.64,2.1166666666666667
Aurora,2020,4,2152.99,26.596666666666664,85.91666666666667,3.48
Aurora,2021,1,337.64,24.963333333333335,82.92666666666666,3.5
Aurora,2021,2,300.16,27.643333333333334,78.87,2.513333333333333
Aurora,2021,3,900.6800000000001,27.72,82.95333333333333,2.5100000000000002
Aurora,2021,4,554.04,26.336666666666662,82.96333333333332,3.456666666666667
Aurora,2022,1,369.20000000000005,25.049999999999997,82.78,3.0966666666666662
Aurora,2022,2,608.46,27.25,82.60666666666667,2.4466666666666668
Aurora,2022,3,1074.8400000000001,27.689999999999998,82.02333333333333,2.28
Aurora,2022,4,739.6400000000001,26.50666666666667,84.45,3.313333333333333
Aurora,2023,1,283.62,24.616666666666664,81.60333333333334,3.58
Aurora,2023,2,514.97,27.683333333333334,81.18333333333334,2.5033333333333334
Aurora,2023,3,874.01,28.24666666666667,82.09,2.5533333333333332
Aurora,2023,4,404.28,26.856666666666666,83.58666666666666,3.2899999999999996
Aurora,2024,1,169.32,25.076666666666668,80.15666666666667,3.3466666666666662
Aurora,2024,2,478.73,28.026666666666667,81.86,2.35
Aurora,2024,3,1188.4099999999999,28.183333333333334,82.45,2.3666666666666667
Aurora,2024,4,930.12,26.846666666666668,84.81,3.453333333333333
Aurora,2025,1,406.53999999999996,25.013333333333332,84.22333333333334,3.44
Aurora,2025,2,534.1600000000001,27.756666666666664,81.14999999999999,2.183333333333333
Aurora,2025,3,1207.87,27.576666666666668,83.17666666666668,2.67
Aurora,2025,4,1005.17,26.656666666666666,85.53000000000002,3.3266666666666667
Basilan,2000,1,388.76,27.08,82.04666666666667,3.1733333333333333
Basilan,2000,2,413.65999999999997,27.503333333333334,81.62666666666667,2.3833333333333333
Basilan,2000,3,430.65,27.286666666666665,81.55666666666667,3.14
Basilan,2000,4,439.93,27.47,82.92999999999999,3.1566666666666663
Basilan,2001,1,350.58000000000004,27.333333333333332,80.31,2.8800000000000003
Basilan,2001,2,398.84,27.78333333333333,80.70666666666666,2.5066666666666664
Basilan,2001,3,421.18,27.356666666666666,82.47666666666667,3.1733333333333333
Basilan,2001,4,602.55,27.30333333333333,83.15666666666667,3.233333333333333
Basilan,2002,1,145.2,27.076666666666668,79.38,3.69
Basilan,2002,2,354.41,28.060000000000002,78.49333333333333,2.47
Basilan,2002,3,474.73,27.400000000000002,81.97666666666667,3.716666666666667
Basilan,2002,4,203.35999999999999,27.8,79.47333333333334,2.4033333333333333
Basilan,2003,1,157.9,27.44666666666667,78.42333333333333,3.33
Basilan,2003,2,346.62,27.983333333333334,79.13333333333334,2.5866666666666664
Basilan,2003,3,654.6,27.146666666666665,83.52333333333333,3.0666666666666664
Basilan,2003,4,445.18,27.50666666666667,82.00333333333333,3.1566666666666663
Basilan,2004,1,143.19,27.326666666666668,81.22333333333334,3.3233333333333337
Basilan,2004,2,450.1,27.80333333333333,81.14,2.983333333333333
Basilan,2004,3,319.79999999999995,27.116666666666664,82.49666666666667,3.223333333333333
Basilan,2004,4,290.9,27.826666666666668,79.85666666666667,2.9433333333333334
Basilan,2005,1,143.12,27.53,77.38333333333333,3.31
Basilan,2005,2,310.62,27.953333333333333,79.33333333333333,2.526666666666667
Basilan,2005,3,534.99,27.516666666666666,82.68333333333334,3.4633333333333334
Basilan,2005,4,457.8,27.560000000000002,82.46666666666667,2.8166666666666664
Basilan,2006,1,358.77,27.45,80.64999999999999,3.0733333333333337
Basilan,2006,2,445.71000000000004,27.653333333333336,80.18666666666667,2.27
Basilan,2006,3,454.39,27.30333333333333,82.69,3.52
Basilan,2006,4,443.82,27.833333333333332,79.58666666666666,2.6
Basilan,2007,1,237.44,27.36,79.84,3.2466666666666666
Basilan,2007,2,369.40999999999997,27.986666666666668,79.30333333333333,2.103333333333333
Basilan,2007,3,663.64,27.28,83.52666666666666,3.5533333333333332
Basilan,2007,4,469.6,27.426666666666666,82.85333333333334,3.0233333333333334
Basilan,2008,1,470.6,27.23,81.06666666666666,3.15
Basilan,2008,2,760.96,27.473333333333333,81.45,2.81
Basilan,2008,3,553.95,27.080000000000002,82.64,3.1233333333333335
Basilan,2008,4,512.46,27.689999999999998,81.08333333333333,2.643333333333333
Basilan,2009,1,400.86,27.34,81.54666666666667,3.3366666666666664
Basilan,2009,2,502.14,27.66,81.58333333333333,2.606666666666667
Basilan,2009,3,649.25,27.48,83.13666666666667,3.546666666666667
Basilan,2009,4,379.47,27.656666666666666,80.57333333333334,3.16
Basilan,2010,1,174.71,27.593333333333334,77.48333333333333,3.1
Basilan,2010,2,407.19,28.313333333333333,78.68333333333334,2.1266666666666665
Basilan,2010,3,686.16,27.69666666666667,79.79,2.5366666666666666
Basilan,2010,4,643.25,27.83666666666667,79.63666666666667,2.4266666666666663
Basilan,2011,1,637.89,27.169999999999998,81.55333333333333,3.453333333333333
Basilan,2011,2,462.19,27.51,81.78666666666668,2.8733333333333335
Basilan,2011,3,461.1,27.333333333333332,81.82000000000001,3.4
Basilan,2011,4,460.02,27.583333333333332,81.13,2.73
Basilan,2012,1,494.73,27.45,79.85666666666667,2.973333333333333
Basilan,2012,2,423.36,27.723333333333333,79.89,2.6133333333333333
Basilan,2012,3,625.2,27.253333333333334,82.28666666666668,3.5833333333333335
Basilan,2012,4,483.33,27.653333333333336,80.65666666666667,2.856666666666667
Basilan,2013,1,310.34999999999997,27.569999999999997,80.37,3.723333333333333
Basilan,2013,2,485.88,27.983333333333334,79.56,2.2533333333333334
Basilan,2013,3,574.91,27.266666666666666,81.27,3.293333333333333
Basilan,2013,4,752.39,27.55,81.22666666666667,2.7866666666666666
Basilan,2014,1,265.7,27.10666666666667,79.43333333333334,4.293333333333334
Basilan,2014,2,252.82999999999998,28.096666666666664,78.77666666666666,2.2933333333333334
Basilan,2014,3,484.19,27.439999999999998,80.69,3.1300000000000003
Basilan,2014,4,400.99,27.763333333333332,80.72666666666667,2.7000000000000006
Basilan,2015,1,122.54,27.429999999999996,76.96,3.69
Basilan,2015,2,233.94,28.106666666666666,77.19333333333333,2.2733333333333334
Basilan,2015,3,371.09,27.653333333333332,80.18666666666667,3.643333333333333
Basilan,2015,4,209.8,27.95,79.63333333333334,2.74
Basilan,2016,1,47.97,28.076666666666668,75.98,2.5533333333333332
Basilan,2016,2,280.71,28.463333333333335,77.35666666666667,2.0533333333333332
Basilan,2016,3,512.72,27.71666666666667,81.14,2.9233333333333333
Basilan,2016,4,476.75,27.743333333333336,80.95666666666666,2.546666666666667
Basilan,2017,1,384.48,27.330000000000002,80.91333333333334,3.7466666666666666
Basilan,2017,2,376.11,27.973333333333333,79.77666666666667,2.3433333333333333
Basilan,2017,3,452.11,27.650000000000002,80.55333333333334,2.7933333333333334
Basilan,2017,4,506.48,28.05333333333333,80.56333333333333,2.9266666666666663
Basilan,2018,1,257.5,27.573333333333334,80.34333333333333,3.206666666666667
Basilan,2018,2,332.09000000000003,28.16333333333333,79.08333333333333,2.4466666666666668
Basilan,2018,3,453.05,27.656666666666666,81.36333333333333,3.5533333333333332
Basilan,2018,4,222.56,28.036666666666665,79.62333333333333,2.6833333333333336
Basilan,2019,1,121.19000000000001,27.560000000000002,76.30666666666667,3.216666666666667
Basilan,2019,2,207.11,28.423333333333332,78.13666666666667,2.4166666666666665
Basilan,2019,3,345.89,27.796666666666667,80.04,3.7133333333333334
Basilan,2019,4,253.36,28.14,77.88666666666667,2.5466666666666664
Basilan,2020,1,144.51,28.143333333333334,76.54333333333334,3.1166666666666667
Basilan,2020,2,344.28,28.566666666666666,76.93333333333334,2.146666666666667
Basilan,2020,3,438.38,27.94333333333333,79.73666666666666,2.9499999999999997
Basilan,2020,4,515.74,27.923333333333336,80.89,2.8633333333333333
Basilan,2021,1,375.07,27.723333333333333,80.15666666666667,3.26
Basilan,2021,2,354.03,28.063333333333333,80.10666666666667,2.686666666666667
Basilan,2021,3,424.86,27.903333333333336,80.29,3.03
Basilan,2021,4,462.73,28.03,80.60666666666667,2.76
Basilan,2022,1,328.19,27.569999999999997,80.74333333333334,3.2533333333333334
Basilan,2022,2,591.43,27.756666666666664,81.63333333333333,2.74
Basilan,2022,3,465.5,27.863333333333333,79.64,2.7433333333333336
Basilan,2022,4,525.54,27.833333333333332,81.48333333333333,2.81
Basilan,2023,1,369.07,27.403333333333336,81.58666666666666,3.48
Basilan,2023,2,277.93,28.22,79.8,2.54
Basilan,2023,3,441.06,28.03,81.32000000000001,3.4166666666666665
Basilan,2023,4,229.31,28.44666666666667,79.15666666666667,2.4266666666666663
Basilan,2024,1,137.32000000000002,28.320000000000004,77.44666666666667,3.0933333333333337
Basilan,2024,2,296.07,28.846666666666664,78.54666666666667,2.486666666666667
Basilan,2024,3,506.73,28.096666666666664,81.89999999999999,3.47
Basilan,2024,4,442.89,28.310000000000002,81.17,2.8066666666666666
Basilan,2025,1,418.6,27.89,80.77,2.796666666666667
Basilan,2025,2,458.67,27.996666666666666,81.03333333333333,2.4499999999999997
Basilan,2025,3,487.40999999999997,27.71666666666667,81.78666666666668,3.293333333333333
Basilan,2025,4,495.40999999999997,27.94666666666667,82.03333333333335,2.956666666666667
Bataan,2000,1,160.22,25.98,81.71333333333332,4.59
Bataan,2000,2,526.74,28.266666666666666,78.62,3.14
Bataan,2000,3,1489.3200000000002,26.833333333333332,86.39333333333333,4.233333333333333
Bataan,2000,4,473.13,26.53333333333333,87.11666666666667,4.2700000000000005
Bataan,2001,1,152.47,26.386666666666667,80.39999999999999,4.526666666666667
Bataan,2001,2,573.0799999999999,28.653333333333336,77.18666666666667,3.063333333333334
Bataan,2001,3,850.23,26.796666666666667,87.50666666666666,4.25
Bataan,2001,4,299.91,26.27,83.18333333333334,4.713333333333334
Bataan,2002,1,39.9,26.026666666666667,73.99666666666667,4.69
Bataan,2002,2,357.83,28.863333333333333,73.14,3.3833333333333333
Bataan,2002,3,1493.02,26.983333333333334,86.96666666666665,4.1000000000000005
Bataan,2002,4,261.63,26.766666666666666,84.14666666666666,3.6666666666666665
Bataan,2003,1,36.89,26.316666666666666,72.27666666666667,4.696666666666666
Bataan,2003,2,678.96,28.906666666666666,73.95333333333333,3.6566666666666667
Bataan,2003,3,1264.3799999999999,27.11,85.86666666666667,3.436666666666667
Bataan,2003,4,186.69,26.45,80.47,4.22
Bataan,2004,1,45.120000000000005,26.94666666666667,72.50666666666667,4.086666666666667
Bataan,2004,2,901.27,28.516666666666666,77.36666666666666,3.896666666666667
Bataan,2004,3,967.17,27.026666666666667,85.10333333333334,3.5
Bataan,2004,4,304.76,26.463333333333335,80.71333333333332,4.176666666666667
Bataan,2005,1,44.06,26.55666666666667,72.03666666666668,3.953333333333333
Bataan,2005,2,445.22999999999996,28.97666666666667,72.93333333333334,2.7633333333333336
Bataan,2005,3,1239.02,27.336666666666662,85.68,3.513333333333333
Bataan,2005,4,404.17,26.680000000000003,84.90666666666667,3.856666666666667
Bataan,2006,1,127.03,26.47,78.92,4.173333333333333
Bataan,2006,2,363.93,28.986666666666668,73.10666666666667,3.223333333333333
Bataan,2006,3,1472.84,27.006666666666664,86.84666666666668,3.783333333333333
Bataan,2006,4,347.05,26.72666666666667,83.99333333333333,3.82
Bataan,2007,1,38.769999999999996,26.62,74.69,4.376666666666666
Bataan,2007,2,268.15,29.00333333333333,73.93333333333334,2.966666666666667
Bataan,2007,3,1655.8400000000001,27.473333333333333,84.94,3.5066666666666664
Bataan,2007,4,523.22,26.39,85.49666666666667,4.273333333333333
Bataan,2008,1,131.87,25.97666666666667,80.0,4.613333333333333
Bataan,2008,2,647.98,27.96666666666667,78.89,3.4200000000000004
Bataan,2008,3,1438.69,26.959999999999997,85.79666666666667,3.4333333333333336
Bataan,2008,4,423.99,26.56,85.22,3.8666666666666667
Bataan,2009,1,92.67,26.310000000000002,77.92333333333333,4.3566666666666665
Bataan,2009,2,1166.68,27.583333333333332,82.81,3.473333333333333
Bataan,2009,3,1681.44,27.320000000000004,86.62333333333333,4.016666666666667
Bataan,2009,4,284.77,26.42,81.21333333333332,3.8666666666666667
Bataan,2010,1,23.89,27.233333333333334,70.69333333333333,4.2
Bataan,2010,2,260.72,29.743333333333336,70.62333333333333,2.796666666666667
Bataan,2010,3,994.28,27.51,83.48,2.7466666666666666
Bataan,2010,4,577.28,26.63,85.71666666666665,3.5366666666666666
Bataan,2011,1,99.89,25.673333333333332,79.36333333333333,4.723333333333334
Bataan,2011,2,1206.09,28.126666666666665,76.33666666666666,3.373333333333333
Bataan,2011,3,2034.6,27.133333333333336,86.27333333333333,3.8766666666666665
Bataan,2011,4,557.8,26.623333333333335,85.88666666666667,3.7433333333333336
Bataan,2012,1,178.56,26.30333333333333,80.77999999999999,4.22
Bataan,2012,2,772.43,28.39,78.39999999999999,3.2566666666666664
Bataan,2012,3,2540.17,27.016666666666666,86.58999999999999,3.78
Bataan,2012,4,346.7,26.86,81.98,3.706666666666667
Bataan,2013,1,162.3,26.689999999999998,75.88333333333333,4.323333333333333
Bataan,2013,2,567.59,29.333333333333332,73.39,2.733333333333333
Bataan,2013,3,2336.8599999999997,27.293333333333333,85.14666666666666,3.4133333333333336
Bataan,2013,4,402.47,26.666666666666668,83.58666666666666,3.563333333333333
Bataan,2014,1,23.45,26.236666666666668,71.59666666666668,4.0200000000000005
Bataan,2014,2,487.65000000000003,29.633333333333336,71.30666666666667,2.796666666666667
Bataan,2014,3,1674.31,27.349999999999998,85.32,3.6
Bataan,2014,4,422.79999999999995,26.599999999999998,83.79333333333334,3.83
Bataan,2015,1,48.93,25.873333333333335,74.16333333333334,4.163333333333333
Bataan,2015,2,241.2,29.563333333333333,69.74,2.986666666666667
Bataan,2015,3,1108.56,27.746666666666666,83.42666666666666,3.3833333333333333
Bataan,2015,4,593.24,27.133333333333336,82.42,4.073333333333333
Bataan,2016,1,77.69,26.813333333333333,76.16666666666667,3.8266666666666667
Bataan,2016,2,383.72,29.590000000000003,72.74,2.8466666666666662
Bataan,2016,3,1224.84,27.633333333333336,85.2,3.5666666666666664
Bataan,2016,4,631.5799999999999,26.820000000000004,85.64666666666666,3.8966666666666665
Bataan,2017,1,128.69,25.96666666666667,79.13666666666667,4.373333333333333
Bataan,2017,2,484.28000000000003,28.983333333333334,75.35666666666667,2.7533333333333334
Bataan,2017,3,1116.52,27.853333333333335,83.25666666666666,3.0700000000000003
Bataan,2017,4,589.81,26.993333333333336,84.83666666666666,3.9
Bataan,2018,1,144.65,26.463333333333335,78.11666666666666,4.0200000000000005
Bataan,2018,2,818.31,29.02333333333333,74.80666666666667,3.4299999999999997
Bataan,2018,3,1446.2800000000002,27.163333333333338,86.77,4.22
Bataan,2018,4,289.36,27.26,79.84333333333333,3.9033333333333338
Bataan,2019,1,35.76,26.633333333333336,72.14666666666666,4.1000000000000005
Bataan,2019,2,543.9,29.516666666666666,73.79666666666667,2.9599999999999995
Bataan,2019,3,1241.4099999999999,27.516666666666666,85.51,4.286666666666666
Bataan,2019,4,402.61,27.060000000000002,82.60333333333334,3.526666666666667
Bataan,2020,1,330.09999999999997,26.263333333333332,77.76333333333334,4.31
Bataan,2020,2,864.5699999999999,28.80666666666667,78.34666666666668,2.8466666666666662
Bataan,2020,3,866.53,28.01,82.43666666666667,2.5766666666666667
Bataan,2020,4,1743.8,26.96666666666667,86.53666666666668,3.7433333333333336
Bataan,2021,1,164.6,26.223333333333333,80.97333333333334,4.22
Bataan,2021,2,327.39,29.05666666666667,73.88666666666667,3.3766666666666665
Bataan,2021,3,1313.06,27.846666666666668,84.38333333333334,3.5033333333333334
Bataan,2021,4,500.40999999999997,26.853333333333335,84.39666666666666,4.11
Bataan,2022,1,114.73,26.956666666666667,76.94666666666666,4.213333333333334
Bataan,2022,2,576.86,28.599999999999998,76.89333333333333,2.9466666666666668
Bataan,2022,3,1384.98,27.66,84.70333333333333,3.0566666666666666
Bataan,2022,4,798.1400000000001,26.956666666666667,85.76333333333332,3.7600000000000002
Bataan,2023,1,144.10999999999999,26.213333333333335,78.21333333333332,4.423333333333333
Bataan,2023,2,540.4399999999999,29.02,76.68666666666667,3.0133333333333336
Bataan,2023,3,1122.53,28.23,83.97,3.813333333333333
Bataan,2023,4,376.51,27.53,83.76333333333334,3.69
Bataan,2024,1,55.96,27.083333333333332,73.92666666666666,4.546666666666667
Bataan,2024,2,428.74,30.25,71.19333333333333,3.0399999999999996
Bataan,2024,3,1464.8400000000001,28.233333333333334,84.19,3.456666666666667
Bataan,2024,4,742.47,27.59,83.60333333333334,3.723333333333333
Bataan,2025,1,148.46,26.833333333333332,79.41000000000001,4.343333333333333
Bataan,2025,2,788.43,29.393333333333334,74.75,3.0400000000000005
Bataan,2025,3,1624.1599999999999,27.51,85.32333333333334,3.8066666666666666
Bataan,2025,4,741.11,27.203333333333333,85.19333333333333,3.51
Batanes,2000,1,145.43,23.99333333333333,81.11,6.723333333333333
Batanes,2000,2,372.38,27.496666666666666,82.96333333333332,4.95
Batanes,2000,3,860.19,28.186666666666667,82.76,5.646666666666667
Batanes,2000,4,487.25,26.8,82.04666666666667,7.68
Batanes,2001,1,233.74,24.323333333333334,79.99333333333333,6.953333333333333
Batanes,2001,2,827.25,28.02333333333333,82.58999999999999,4.95
Batanes,2001,3,1274.78,28.456666666666667,83.51,5.37
Batanes,2001,4,188.62,25.733333333333334,78.59,7.596666666666667
Batanes,2002,1,72.39,23.679999999999996,78.83333333333333,6.146666666666667
Batanes,2002,2,631.62,27.723333333333333,80.85000000000001,4.796666666666667
Batanes,2002,3,783.07,28.543333333333333,82.02333333333333,5.023333333333333
Batanes,2002,4,209.76,26.310000000000002,80.76,6.8133333333333335
Batanes,2003,1,82.58,23.58,78.26666666666667,6.676666666666667
Batanes,2003,2,539.75,27.343333333333334,83.27666666666666,5.206666666666667
Batanes,2003,3,776.92,28.523333333333337,83.02,4.796666666666667
Batanes,2003,4,280.40999999999997,25.80333333333333,77.80333333333333,7.43
Batanes,2004,1,154.55,23.840000000000003,79.64333333333333,6.6066666666666665
Batanes,2004,2,550.4200000000001,27.44666666666667,82.94,5.256666666666667
Batanes,2004,3,975.3299999999999,28.326666666666668,82.44666666666667,5.223333333333334
Batanes,2004,4,157.47,25.44333333333333,77.68,7.966666666666666
Batanes,2005,1,144.79,23.733333333333334,79.75,6.239999999999999
Batanes,2005,2,517.49,27.709999999999997,81.47333333333334,4.613333333333333
Batanes,2005,3,1089.7,28.663333333333338,82.43333333333334,5.673333333333333
Batanes,2005,4,309.0,25.830000000000002,80.2,7.783333333333332
Batanes,2006,1,160.95,24.276666666666667,81.16666666666667,6.873333333333334
Batanes,2006,2,358.57,28.156666666666666,81.48666666666666,5.043333333333334
Batanes,2006,3,1025.94,28.603333333333335,83.15666666666667,5.566666666666666
Batanes,2006,4,269.52,26.24,80.01666666666667,7.053333333333334
Batanes,2007,1,82.5,24.540000000000003,78.77333333333333,6.536666666666666
Batanes,2007,2,390.6,27.636666666666667,82.42666666666666,5.1000000000000005
Batanes,2007,3,1153.01,28.853333333333335,82.28,4.933333333333334
Batanes,2007,4,453.08,26.116666666666664,79.98666666666666,8.09
Batanes,2008,1,163.96,24.066666666666666,79.82666666666667,7.533333333333334
Batanes,2008,2,374.76,27.736666666666668,81.12,5.146666666666667
Batanes,2008,3,1453.8400000000001,28.39,83.82333333333334,5.713333333333334
Batanes,2008,4,333.79,26.353333333333335,79.45666666666666,7.353333333333333
Batanes,2009,1,97.73,24.03333333333333,80.83666666666666,6.746666666666667
Batanes,2009,2,430.33000000000004,26.956666666666667,81.59666666666666,5.836666666666667
Batanes,2009,3,884.84,28.876666666666665,83.37333333333333,5.3133333333333335
Batanes,2009,4,413.21,25.64,80.97333333333333,7.023333333333333
Batanes,2010,1,65.39,24.526666666666667,79.76333333333334,6.18
Batanes,2010,2,499.5,27.723333333333333,82.64999999999999,4.716666666666667
Batanes,2010,3,1112.35,28.91,82.14333333333333,4.906666666666666
Batanes,2010,4,411.91999999999996,25.973333333333333,81.03,7.1933333333333325
Batanes,2011,1,150.69,22.92,79.63333333333334,7.576666666666667
Batanes,2011,2,519.91,26.799999999999997,83.34333333333333,5.296666666666667
Batanes,2011,3,1046.9099999999999,28.436666666666667,83.22333333333334,5.46
Batanes,2011,4,566.0600000000001,26.133333333333336,82.84666666666668,7.533333333333334
Batanes,2012,1,142.99,24.55,81.00333333333333,7.086666666666666
Batanes,2012,2,697.62,28.016666666666666,82.52333333333333,4.993333333333333
Batanes,2012,3,1120.32,28.353333333333335,83.71666666666667,5.926666666666667
Batanes,2012,4,197.72,25.833333333333332,80.59333333333332,7.153333333333333
Batanes,2013,1,90.42,24.676666666666666,80.26666666666667,6.803333333333334
Batanes,2013,2,436.57000000000005,27.75,83.08,5.1066666666666665
Batanes,2013,3,1255.1000000000001,28.623333333333335,82.53333333333335,5.793333333333333
Batanes,2013,4,272.42,25.599999999999998,79.85666666666667,7.573333333333333
Batanes,2014,1,81.9,23.063333333333333,78.38333333333334,6.63
Batanes,2014,2,476.63,27.929999999999996,81.56666666666666,4.5633333333333335
Batanes,2014,3,726.12,28.930000000000003,82.31,5.263333333333333
Batanes,2014,4,215.63,25.613333333333333,79.51,7.6000000000000005
Batanes,2015,1,108.55,23.393333333333334,78.17333333333333,6.396666666666667
Batanes,2015,2,243.32999999999998,27.953333333333333,81.69333333333334,4.78
Batanes,2015,3,681.11,28.7,81.67999999999999,5.68
Batanes,2015,4,276.15,26.603333333333335,81.7,6.816666666666666
Batanes,2016,1,177.32,23.94333333333333,81.14,6.7
Batanes,2016,2,414.58,28.61,82.45333333333333,4.866666666666666
Batanes,2016,3,1193.9,29.063333333333333,82.73333333333333,5.260000000000001
Batanes,2016,4,486.37,26.813333333333333,81.99333333333334,7.5
Batanes,2017,1,173.64,23.983333333333334,78.38666666666667,6.993333333333333
Batanes,2017,2,461.54,27.793333333333333,82.62,4.8966666666666665
Batanes,2017,3,820.51,29.330000000000002,82.11666666666666,4.9366666666666665
Batanes,2017,4,553.88,26.566666666666666,80.69,7.8566666666666665
Batanes,2018,1,169.85,23.99666666666667,80.86666666666666,7.166666666666667
Batanes,2018,2,472.7,27.820000000000004,82.12,5.266666666666667
Batanes,2018,3,1204.48,28.66,82.53,5.596666666666667
Batanes,2018,4,188.74,26.393333333333334,81.34333333333333,6.723333333333334
Batanes,2019,1,69.0,25.173333333333332,78.19333333333333,5.8566666666666665
Batanes,2019,2,469.24,28.223333333333333,82.37666666666667,4.56
Batanes,2019,3,1300.38,28.896666666666665,83.41000000000001,5.903333333333333
Batanes,2019,4,396.95,25.986666666666665,81.71,7.61
Batanes,2020,1,97.22,24.5,79.58999999999999,6.38
Batanes,2020,2,415.36,27.959999999999997,81.91666666666667,4.836666666666666
Batanes,2020,3,658.05,29.356666666666666,81.33666666666666,4.72
Batanes,2020,4,812.9200000000001,26.59,82.09666666666666,8.666666666666666
Batanes,2021,1,139.17000000000002,23.896666666666665,80.77,6.763333333333333
Batanes,2021,2,367.32,27.843333333333334,81.94333333333333,5.57
Batanes,2021,3,921.26,29.040000000000003,83.50333333333333,5.43
Batanes,2021,4,408.49,26.676666666666666,79.03666666666668,7.586666666666666
Batanes,2022,1,157.58,24.673333333333332,81.12666666666667,6.403333333333333
Batanes,2022,2,389.63,27.96666666666667,81.84666666666668,5.206666666666667
Batanes,2022,3,674.36,29.166666666666668,81.31333333333333,4.983333333333333
Batanes,2022,4,495.68,26.83666666666667,82.21666666666665,7.496666666666667
Batanes,2023,1,117.28999999999999,24.266666666666666,78.76,7.183333333333334
Batanes,2023,2,346.2,27.546666666666667,82.98,5.2299999999999995
Batanes,2023,3,720.8,29.063333333333333,84.24,5.513333333333333
Batanes,2023,4,196.98000000000002,27.046666666666667,80.48,7.3066666666666675
Batanes,2024,1,76.86,24.44666666666667,79.36,6.526666666666667
Batanes,2024,2,279.72999999999996,28.80333333333333,82.35333333333334,4.763333333333333
Batanes,2024,3,1144.01,29.593333333333334,82.40333333333332,5.1033333333333335
Batanes,2024,4,594.5799999999999,26.723333333333333,83.21333333333332,7.886666666666667
Batanes,2025,1,206.2,23.563333333333333,81.84666666666666,7.493333333333333
Batanes,2025,2,362.69,28.233333333333334,82.25666666666666,4.613333333333333
Batanes,2025,3,1304.4099999999999,28.99333333333333,83.64,5.696666666666666
Batanes,2025,4,361.12,26.906666666666666,81.85666666666667,7.573333333333333
Batangas,2000,1,542.4300000000001,24.330000000000002,89.04333333333334,1.68
Batangas,2000,2,442.89,26.689999999999998,85.36333333333334,1.1433333333333333
Batangas,2000,3,716.87,25.893333333333334,88.58666666666666,1.3933333333333333
Batangas,2000,4,1110.44,25.373333333333335,91.59333333333332,1.5333333333333332
Batangas,2001,1,466.66,24.723333333333333,87.89,1.6433333333333333
Batangas,2001,2,484.46,27.233333333333334,82.66333333333334,1.1166666666666667
Batangas,2001,3,506.9,25.963333333333335,89.07,1.45
Batangas,2001,4,1158.53,24.69333333333333,90.04,1.6900000000000002
Batangas,2002,1,220.85,23.843333333333334,83.84666666666666,1.71
Batangas,2002,2,352.29,27.736666666666668,76.32666666666667,1.3
Batangas,2002,3,884.81,26.16,88.28666666666668,1.3466666666666667
Batangas,2002,4,908.2,25.34,90.11333333333334,1.36
Batangas,2003,1,147.48000000000002,24.209999999999997,81.82333333333334,1.71
Batangas,2003,2,442.34999999999997,27.883333333333336,76.78666666666668,1.3333333333333333
Batangas,2003,3,695.25,26.243333333333336,88.08,1.1933333333333334
Batangas,2003,4,606.93,24.823333333333334,87.93666666666667,1.5266666666666666
Batangas,2004,1,225.31,24.73,83.20333333333333,1.55
Batangas,2004,2,481.36,27.19666666666667,81.91333333333334,1.45
Batangas,2004,3,530.89,26.099999999999998,87.18333333333334,1.2466666666666668
Batangas,2004,4,913.2,24.876666666666665,88.19333333333333,1.5133333333333334
Batangas,2005,1,230.97,24.293333333333333,82.96666666666667,1.55
Batangas,2005,2,323.49,27.67,77.08,1.1166666666666665
Batangas,2005,3,772.8199999999999,26.296666666666667,88.58333333333333,1.2066666666666668
Batangas,2005,4,1318.01,25.330000000000002,90.83999999999999,1.4366666666666668
Batangas,2006,1,445.74,24.646666666666665,87.52666666666666,1.5566666666666666
Batangas,2006,2,439.31,27.223333333333333,80.65333333333332,1.2833333333333334
Batangas,2006,3,802.1700000000001,26.146666666666665,88.29666666666667,1.29
Batangas,2006,4,816.34,25.47,89.14,1.43
Batangas,2007,1,233.56,24.493333333333336,84.21666666666667,1.6300000000000001
Batangas,2007,2,423.86,27.86,77.84,1.18
Batangas,2007,3,669.88,26.55,87.11666666666667,1.1366666666666667
Batangas,2007,4,1105.4,25.11,90.65333333333332,1.5733333333333333
Batangas,2008,1,698.24,24.256666666666664,88.60333333333334,1.6666666666666667
Batangas,2008,2,729.32,26.459999999999997,85.51333333333332,1.2300000000000002
Batangas,2008,3,587.3299999999999,26.19666666666667,86.85333333333334,1.1300000000000001
Batangas,2008,4,1147.47,25.263333333333335,90.81666666666666,1.406666666666667
Batangas,2009,1,433.65,24.316666666666666,87.61,1.5633333333333335
Batangas,2009,2,1042.5,26.436666666666667,87.28333333333335,1.1866666666666665
Batangas,2009,3,795.36,26.45,88.01333333333332,1.3466666666666667
Batangas,2009,4,650.17,24.786666666666665,88.28333333333335,1.4366666666666665
Batangas,2010,1,189.10999999999999,24.933333333333334,81.09666666666666,1.5966666666666667
Batangas,2010,2,217.65,28.816666666666666,72.34333333333333,1.1866666666666668
Batangas,2010,3,890.3,26.659999999999997,85.72333333333334,0.9899999999999999
Batangas,2010,4,1143.1999999999998,25.366666666666664,91.28000000000002,1.2733333333333332
Batangas,2011,1,471.67,23.849999999999998,88.05666666666667,1.6833333333333333
Batangas,2011,2,667.8299999999999,26.473333333333333,82.84666666666666,1.2466666666666668
Batangas,2011,3,814.59,26.133333333333336,88.71,1.3633333333333333
Batangas,2011,4,1268.62,25.47,90.34666666666665,1.3666666666666665
Batangas,2012,1,701.61,24.566666666666666,88.96999999999998,1.5566666666666666
Batangas,2012,2,355.36,26.983333333333334,83.92333333333333,1.1466666666666667
Batangas,2012,3,1180.09,26.143333333333334,88.57333333333334,1.3166666666666667
Batangas,2012,4,687.6,25.44333333333333,88.02,1.3833333333333335
Batangas,2013,1,434.43,24.58666666666667,85.98,1.6166666666666665
Batangas,2013,2,505.66,28.233333333333334,77.46666666666667,1.02
Batangas,2013,3,1220.03,26.26,88.50333333333333,1.1733333333333333
Batangas,2013,4,986.24,25.293333333333333,89.82666666666667,1.3499999999999999
Batangas,2014,1,154.0,23.876666666666665,82.64666666666666,1.5466666666666669
Batangas,2014,2,268.83,28.41333333333333,74.96333333333332,1.1266666666666667
Batangas,2014,3,891.9,26.483333333333334,86.92333333333333,1.2666666666666666
Batangas,2014,4,1191.18,25.22,89.92333333333333,1.43
Batangas,2015,1,232.82,23.713333333333335,83.79666666666667,1.57
Batangas,2015,2,210.60999999999999,28.55333333333333,72.50666666666666,1.1533333333333333
Batangas,2015,3,638.62,26.986666666666668,84.71,1.2
Batangas,2015,4,915.53,25.703333333333333,88.39,1.5433333333333332
Batangas,2016,1,347.7,24.86,85.53666666666668,1.4833333333333334
Batangas,2016,2,302.21,28.540000000000003,75.93666666666667,1.1700000000000002
Batangas,2016,3,643.92,26.84,86.49333333333334,1.2233333333333334
Batangas,2016,4,1309.6100000000001,25.580000000000002,90.63666666666666,1.42
Batangas,2017,1,412.02,24.076666666666668,87.36666666666667,1.63
Batangas,2017,2,472.11,27.87,79.43333333333334,1.06
Batangas,2017,3,1096.3799999999999,26.91,86.25666666666666,1.11
Batangas,2017,4,1404.8400000000001,25.69666666666667,90.35333333333334,1.4400000000000002
Batangas,2018,1,405.4,24.55333333333333,87.11,1.53
Batangas,2018,2,549.86,27.246666666666666,82.21,1.3433333333333335
Batangas,2018,3,843.8299999999999,26.19666666666667,88.79333333333334,1.3933333333333333
Batangas,2018,4,808.3,25.463333333333335,88.10666666666667,1.4533333333333331
Batangas,2019,1,125.8,24.546666666666667,80.71666666666667,1.5766666666666669
Batangas,2019,2,359.9,28.66,75.25333333333333,1.1766666666666665
Batangas,2019,3,724.11,26.55666666666667,87.32666666666667,1.4033333333333333
Batangas,2019,4,726.6,25.713333333333335,88.25666666666666,1.343333333333333
Batangas,2020,1,1108.88,24.433333333333334,86.33333333333333,1.5966666666666667
Batangas,2020,2,1345.56,27.506666666666664,83.83666666666666,1.1033333333333333
Batangas,2020,3,660.99,27.046666666666667,85.39666666666666,0.9833333333333334
Batangas,2020,4,2417.76,25.753333333333334,91.17999999999999,1.3966666666666665
Batangas,2021,1,611.04,24.596666666666664,88.21333333333332,1.5766666666666669
Batangas,2021,2,310.43,27.38,81.02666666666666,1.2733333333333334
Batangas,2021,3,1057.73,26.916666666666668,87.19666666666667,1.2266666666666668
Batangas,2021,4,787.55,25.44666666666667,90.08666666666666,1.4900000000000002
Batangas,2022,1,351.28,24.83666666666667,86.92333333333333,1.5633333333333332
Batangas,2022,2,690.75,27.083333333333332,83.57,1.1433333333333333
Batangas,2022,3,891.12,26.76,87.16666666666667,1.0833333333333333
Batangas,2022,4,1111.37,25.71666666666667,90.62666666666667,1.3766666666666667
Batangas,2023,1,531.75,24.236666666666668,87.43666666666667,1.6433333333333333
Batangas,2023,2,458.8,27.91,80.05,1.1633333333333333
Batangas,2023,3,695.56,27.313333333333333,86.44333333333334,1.32
Batangas,2023,4,1009.56,26.03333333333333,90.39333333333333,1.3666666666666665
Batangas,2024,1,180.3,24.99,83.32000000000001,1.68
Batangas,2024,2,472.33,29.036666666666665,75.33666666666666,1.26
Batangas,2024,3,953.33,27.26,87.05666666666667,1.21
Batangas,2024,4,1313.35,26.27,89.52,1.3800000000000001
Batangas,2025,1,603.2,24.89333333333333,88.87333333333333,1.5866666666666667
Batangas,2025,2,549.63,27.626666666666665,82.05333333333333,1.2166666666666668
Batangas,2025,3,1112.58,26.63,87.52333333333333,1.2699999999999998
Batangas,2025,4,1297.99,25.94333333333333,90.66333333333334,1.3233333333333333
Benguet,2000,1,227.71,21.86,82.61666666666667,1.75
Benguet,2000,2,723.16,23.94666666666667,84.79,1.42
Benguet,2000,3,1898.99,22.689999999999998,92.11000000000001,2.23
Benguet,2000,4,802.8,22.543333333333333,87.51333333333332,2.1333333333333333
Benguet,2001,1,256.90000000000003,21.963333333333335,83.05666666666667,1.7133333333333332
Benguet,2001,2,649.65,24.096666666666664,85.94666666666666,1.4333333333333333
Benguet,2001,3,1167.04,22.823333333333334,92.79333333333334,2.0366666666666666
Benguet,2001,4,165.17000000000002,21.856666666666666,83.62,2.0433333333333334
Benguet,2002,1,43.78,21.49666666666667,76.91666666666667,1.6500000000000001
Benguet,2002,2,628.28,24.906666666666666,77.53666666666668,1.4866666666666666
Benguet,2002,3,2121.2799999999997,23.113333333333333,91.64333333333333,2.066666666666667
Benguet,2002,4,290.79,22.706666666666667,85.17666666666666,1.4033333333333333
Benguet,2003,1,30.8,21.226666666666667,77.67,1.72
Benguet,2003,2,926.6800000000001,24.866666666666664,78.65666666666667,1.6366666666666667
Benguet,2003,3,1640.61,23.323333333333334,90.2,1.8099999999999998
Benguet,2003,4,227.5,21.723333333333333,83.95333333333333,1.8066666666666666
Benguet,2004,1,168.97,21.733333333333334,80.27666666666666,1.46
Benguet,2004,2,1140.16,24.436666666666667,80.29666666666667,1.7633333333333334
Benguet,2004,3,1644.22,23.02333333333333,90.52999999999999,1.75
Benguet,2004,4,319.23,21.91,84.02666666666666,1.8366666666666667
Benguet,2005,1,98.52999999999999,21.246666666666666,78.56666666666666,1.4100000000000001
Benguet,2005,2,659.96,24.563333333333333,79.95666666666666,1.54
Benguet,2005,3,1305.78,23.406666666666666,89.83999999999999,1.8800000000000001
Benguet,2005,4,405.53,22.53,86.14999999999999,1.57
Benguet,2006,1,214.26,22.016666666666666,82.78,1.4666666666666668
Benguet,2006,2,432.61,24.649999999999995,79.27666666666666,1.4266666666666667
Benguet,2006,3,1940.74,23.040000000000003,91.85000000000001,1.9733333333333334
Benguet,2006,4,481.90999999999997,22.456666666666667,85.86,1.6900000000000002
Benguet,2007,1,53.85,21.78333333333333,80.77666666666666,1.47
Benguet,2007,2,542.9,24.403333333333336,80.94,1.29
Benguet,2007,3,1437.03,23.39,90.19666666666667,1.8699999999999999
Benguet,2007,4,667.65,22.13,87.03333333333335,1.9633333333333336
Benguet,2008,1,152.68,21.45,82.10000000000001,1.8500000000000003
Benguet,2008,2,864.2,23.75333333333333,83.94,1.49
Benguet,2008,3,1865.27,23.080000000000002,90.53666666666668,1.8633333333333333
Benguet,2008,4,310.97,22.456666666666667,85.54333333333334,1.5966666666666667
Benguet,2009,1,124.58,21.853333333333335,81.14333333333333,1.5899999999999999
Benguet,2009,2,1228.3899999999999,23.580000000000002,86.22333333333331,1.7
Benguet,2009,3,1855.8899999999999,23.430000000000003,92.22666666666667,1.95
Benguet,2009,4,1286.32,21.80333333333333,85.71666666666665,1.84
Benguet,2010,1,25.840000000000003,22.05,76.83666666666666,1.4166666666666667
Benguet,2010,2,542.73,25.22,76.91000000000001,1.36
Benguet,2010,3,1171.79,23.456666666666667,88.59666666666668,1.5200000000000002
Benguet,2010,4,808.63,22.64,86.71333333333332,1.4000000000000001
Benguet,2011,1,133.65,21.093333333333334,82.07333333333334,1.6066666666666667
Benguet,2011,2,935.4599999999999,23.83666666666667,81.86666666666667,1.6066666666666665
Benguet,2011,3,1846.54,23.116666666666664,90.99333333333334,1.89
Benguet,2011,4,474.59,22.47,86.87333333333333,1.7666666666666666
Benguet,2012,1,187.7,22.136666666666667,81.91333333333334,1.27
Benguet,2012,2,842.71,24.070000000000004,85.31333333333333,1.5766666666666669
Benguet,2012,3,2241.73,23.080000000000002,91.60666666666667,1.8933333333333333
Benguet,2012,4,189.46,22.570000000000004,84.27,1.29
Benguet,2013,1,110.22,22.209999999999997,79.29333333333334,1.4266666666666667
Benguet,2013,2,560.23,24.706666666666667,81.03666666666668,1.3266666666666667
Benguet,2013,3,1925.3000000000002,23.203333333333333,89.37333333333333,1.74
Benguet,2013,4,411.48,22.28,86.67,1.3733333333333333
Benguet,2014,1,40.27,20.97,79.28,1.2966666666666666
Benguet,2014,2,670.5899999999999,24.560000000000002,82.06,1.3666666666666665
Benguet,2014,3,1713.8799999999999,23.513333333333335,89.36333333333334,1.7433333333333334
Benguet,2014,4,252.7,22.669999999999998,84.86,1.3466666666666667
Benguet,2015,1,74.7,21.17,79.10333333333334,1.3733333333333333
Benguet,2015,2,430.39,25.063333333333333,77.95666666666666,1.3066666666666666
Benguet,2015,3,1917.96,23.563333333333333,89.63333333333333,1.9166666666666667
Benguet,2015,4,720.46,22.786666666666665,85.03666666666668,1.6166666666666665
Benguet,2016,1,44.55,22.14,81.46666666666665,1.2933333333333332
Benguet,2016,2,494.83,25.14,79.25333333333333,1.28
Benguet,2016,3,1669.8600000000001,23.69333333333333,89.77,1.6333333333333335
Benguet,2016,4,763.4499999999999,22.819999999999997,86.73666666666668,1.7066666666666668
Benguet,2017,1,193.24,21.583333333333332,82.94333333333334,1.3866666666666667
Benguet,2017,2,717.97,24.320000000000004,82.68333333333334,1.2633333333333334
Benguet,2017,3,1371.3799999999999,23.723333333333333,89.56666666666666,1.5833333333333333
Benguet,2017,4,509.12,22.906666666666666,86.19666666666667,1.64
Benguet,2018,1,71.64,22.073333333333334,80.93333333333332,1.3399999999999999
Benguet,2018,2,873.88,24.5,83.16666666666667,1.3266666666666667
Benguet,2018,3,2659.0,23.189999999999998,91.98666666666666,2.07
Benguet,2018,4,263.96000000000004,22.626666666666665,84.29666666666667,1.4966666666666668
Benguet,2019,1,53.809999999999995,21.84,77.76333333333334,1.3
Benguet,2019,2,705.57,24.97,81.28,1.3466666666666667
Benguet,2019,3,1865.18,23.36,91.71999999999998,2.0433333333333334
Benguet,2019,4,373.57,22.786666666666665,85.31666666666666,1.3399999999999999
Benguet,2020,1,281.8,21.703333333333333,80.43666666666667,1.4133333333333333
Benguet,2020,2,861.29,24.76,82.46666666666667,1.2866666666666666
Benguet,2020,3,1354.8,23.97666666666667,88.38,1.3166666666666667
Benguet,2020,4,1112.67,23.116666666666664,87.96666666666665,1.7033333333333331
Benguet,2021,1,211.34,21.83666666666667,84.25,1.42
Benguet,2021,2,419.3,24.5,81.5,1.3333333333333333
Benguet,2021,3,1784.53,23.939999999999998,89.27666666666666,1.7933333333333332
Benguet,2021,4,540.07,22.653333333333336,85.81666666666666,1.61
Benguet,2022,1,211.09,22.310000000000002,82.55,1.2066666666666668
Benguet,2022,2,730.73,24.236666666666668,83.91000000000001,1.25
Benguet,2022,3,1315.99,23.603333333333335,89.91000000000001,1.6466666666666665
Benguet,2022,4,600.64,23.063333333333333,85.80333333333333,1.5666666666666667
Benguet,2023,1,105.5,21.873333333333335,79.82666666666667,1.5466666666666666
Benguet,2023,2,819.52,24.876666666666665,82.72666666666667,1.4833333333333334
Benguet,2023,3,1940.46,24.133333333333336,91.00333333333333,1.9333333333333333
Benguet,2023,4,250.39999999999998,23.453333333333333,85.79,1.3866666666666667
Benguet,2024,1,53.53,22.52,77.66000000000001,1.4233333333333331
Benguet,2024,2,539.76,25.923333333333332,77.38333333333334,1.33
Benguet,2024,3,1726.45,24.066666666666666,89.56666666666666,1.7566666666666666
Benguet,2024,4,807.01,23.37,87.36,1.7266666666666666
Benguet,2025,1,204.64,22.426666666666666,82.20666666666666,1.54
Benguet,2025,2,770.07,24.866666666666664,82.17999999999999,1.2366666666666666
Benguet,2025,3,2225.86,23.576666666666668,90.81,2.0466666666666664
Benguet,2025,4,725.02,23.349999999999998,86.78666666666668,1.5666666666666664
Biliran,2000,1,826.5,26.473333333333333,84.03666666666666,4.6499999999999995
Biliran,2000,2,440.0,28.02333333333333,79.48666666666666,3.16
Biliran,2000,3,527.21,27.336666666666662,82.42,3.7866666666666666
Biliran,2000,4,1018.0,27.236666666666668,84.93666666666667,3.99
Biliran,2001,1,837.86,26.666666666666668,83.50333333333333,4.46
Biliran,2001,2,457.33,28.203333333333333,78.94333333333333,3.31
Biliran,2001,3,445.77000000000004,27.400000000000002,83.76666666666667,4.023333333333333
Biliran,2001,4,1043.79,26.78,84.90333333333334,4.453333333333333
Biliran,2002,1,384.11,25.73,81.93,5.003333333333334
Biliran,2002,2,290.32,28.376666666666665,76.44333333333333,3.276666666666667
Biliran,2002,3,689.98,27.386666666666667,83.14333333333333,4.433333333333334
Biliran,2002,4,544.28,27.25,82.86,3.7899999999999996
Biliran,2003,1,329.96000000000004,26.05,81.16666666666667,4.890000000000001
Biliran,2003,2,424.15,28.599999999999998,75.38,3.6166666666666667
Biliran,2003,3,663.52,27.310000000000002,83.96,3.4066666666666667
Biliran,2003,4,690.29,26.866666666666664,83.14333333333333,4.17
Biliran,2004,1,413.86,26.320000000000004,83.92333333333333,4.383333333333334
Biliran,2004,2,444.3,28.013333333333332,80.33333333333333,4.136666666666667
Biliran,2004,3,379.66,27.486666666666668,81.72000000000001,3.77
Biliran,2004,4,608.2,26.986666666666668,83.73666666666666,4.05
Biliran,2005,1,255.04000000000002,26.16333333333333,79.7,4.666666666666667
Biliran,2005,2,243.23000000000002,28.599999999999998,74.97333333333334,3.323333333333333
Biliran,2005,3,657.99,27.573333333333334,83.20333333333333,3.6300000000000003
Biliran,2005,4,912.28,27.19666666666667,84.96,3.86
Biliran,2006,1,632.85,26.34,84.29666666666667,4.793333333333333
Biliran,2006,2,500.61,28.05,78.50666666666666,3.546666666666667
Biliran,2006,3,598.19,27.39,83.54333333333334,4.203333333333333
Biliran,2006,4,614.5,27.27,83.21666666666665,4.113333333333333
Biliran,2007,1,387.67,26.30666666666667,81.11,4.763333333333333
Biliran,2007,2,338.0,28.540000000000003,75.83,3.2933333333333334
Biliran,2007,3,519.09,27.80666666666667,81.25666666666666,3.546666666666667
Biliran,2007,4,826.91,27.013333333333335,85.76666666666667,4.193333333333333
Biliran,2008,1,1067.03,26.340000000000003,84.80666666666667,4.72
Biliran,2008,2,745.32,27.463333333333335,82.40333333333332,3.73
Biliran,2008,3,566.6800000000001,27.27,82.06333333333333,3.1033333333333335
Biliran,2008,4,822.29,27.293333333333333,84.17,3.74
Biliran,2009,1,615.03,26.363333333333333,84.65333333333332,4.433333333333334
Biliran,2009,2,600.03,27.776666666666667,81.22666666666667,3.5400000000000005
Biliran,2009,3,457.84000000000003,27.706666666666667,82.81,4.423333333333333
Biliran,2009,4,553.61,26.939999999999998,83.72666666666667,4.326666666666667
Biliran,2010,1,316.37,26.463333333333335,80.04333333333334,4.546666666666667
Biliran,2010,2,194.71,29.146666666666665,72.46333333333332,3.4
Biliran,2010,3,691.5799999999999,28.090000000000003,77.98666666666666,2.59
Biliran,2010,4,709.41,27.333333333333332,83.71,3.3000000000000003
Biliran,2011,1,1550.85,26.14,86.05666666666667,4.833333333333333
Biliran,2011,2,724.5699999999999,27.459999999999997,81.97666666666667,3.6
Biliran,2011,3,676.12,27.456666666666667,83.18,4.28
Biliran,2011,4,897.4100000000001,27.27,84.13,3.64
Biliran,2012,1,881.37,26.576666666666668,84.31666666666666,4.673333333333333
Biliran,2012,2,374.2,28.173333333333332,78.5,3.3833333333333333
Biliran,2012,3,606.38,27.513333333333332,82.89333333333333,4.323333333333333
Biliran,2012,4,674.96,27.16,83.19,4.306666666666667
Biliran,2013,1,676.7,26.419999999999998,84.18333333333334,4.696666666666666
Biliran,2013,2,546.3100000000001,28.689999999999998,76.59333333333332,3.0833333333333335
Biliran,2013,3,574.1,27.63,81.88666666666667,3.7266666666666666
Biliran,2013,4,688.15,27.27333333333333,83.80666666666667,4.406666666666666
Biliran,2014,1,641.95,25.746666666666666,82.55,5.033333333333334
Biliran,2014,2,514.13,28.473333333333333,79.40333333333334,3.3366666666666664
Biliran,2014,3,859.72,27.540000000000003,82.66666666666667,3.9266666666666663
Biliran,2014,4,1132.72,27.106666666666666,85.36666666666667,4.253333333333334
Biliran,2015,1,355.89,25.986666666666665,80.42333333333333,4.623333333333333
Biliran,2015,2,277.17,28.986666666666665,71.98666666666666,3.223333333333333
Biliran,2015,3,464.15,28.046666666666667,80.26333333333334,3.78
Biliran,2015,4,429.78999999999996,27.66,81.36666666666666,4.3966666666666665
Biliran,2016,1,280.89,26.883333333333336,78.91333333333334,4.543333333333333
Biliran,2016,2,278.41,29.223333333333333,73.37333333333333,3.47
Biliran,2016,3,600.0,28.189999999999998,80.37,3.6666666666666665
Biliran,2016,4,896.38,27.396666666666665,84.16333333333334,3.9433333333333334
Biliran,2017,1,603.73,26.16,84.60666666666667,4.8933333333333335
Biliran,2017,2,421.29999999999995,28.526666666666667,78.45666666666666,2.94
Biliran,2017,3,758.04,28.09,80.47666666666667,3.09
Biliran,2017,4,1046.23,27.69333333333333,83.47000000000001,4.196666666666666
Biliran,2018,1,1036.02,26.77333333333333,83.66333333333334,4.456666666666667
Biliran,2018,2,408.48,28.316666666666666,78.8,3.393333333333333
Biliran,2018,3,419.65000000000003,27.97,81.7,4.59
Biliran,2018,4,778.47,27.463333333333335,82.29666666666667,4.17
Biliran,2019,1,329.96000000000004,25.96666666666667,78.74,4.69
Biliran,2019,2,405.75,29.013333333333332,75.14,3.276666666666667
Biliran,2019,3,511.15,28.09,81.21333333333332,4.246666666666667
Biliran,2019,4,651.74,27.683333333333334,81.66333333333334,3.823333333333333
Biliran,2020,1,393.07,26.62,80.57333333333334,4.6933333333333325
Biliran,2020,2,409.41999999999996,28.84,76.52,3.64
Biliran,2020,3,576.3199999999999,28.293333333333333,79.10000000000001,2.6766666666666663
Biliran,2020,4,1153.62,27.616666666666664,84.40666666666665,3.6933333333333334
Biliran,2021,1,800.42,26.8,84.11333333333333,4.49
Biliran,2021,2,485.15999999999997,28.22,79.47000000000001,3.3033333333333332
Biliran,2021,3,528.3199999999999,28.209999999999997,80.56,3.51
Biliran,2021,4,885.36,27.503333333333334,84.57000000000001,4.326666666666667
Biliran,2022,1,585.6,26.616666666666664,84.43333333333334,4.47
Biliran,2022,2,684.5799999999999,27.956666666666667,81.04333333333334,3.4033333333333338
Biliran,2022,3,556.85,28.16,80.74,2.9299999999999997
Biliran,2022,4,793.86,27.599999999999998,84.12666666666667,3.9566666666666666
Biliran,2023,1,927.99,26.47,85.10666666666667,4.6066666666666665
Biliran,2023,2,387.21999999999997,28.586666666666662,78.60000000000001,3.11
Biliran,2023,3,558.62,28.473333333333333,81.55,4.073333333333333
Biliran,2023,4,622.9300000000001,28.05,82.90666666666667,3.6566666666666663
Biliran,2024,1,204.0,26.97,79.03666666666668,4.823333333333333
Biliran,2024,2,323.0,29.566666666666666,73.77666666666667,3.65
Biliran,2024,3,647.94,28.569999999999997,81.34666666666666,3.58
Biliran,2024,4,760.39,28.12,82.97666666666667,3.8866666666666667
Biliran,2025,1,795.6700000000001,27.046666666666667,85.34333333333332,4.5
Biliran,2025,2,478.48,28.466666666666665,80.20333333333333,3.266666666666667
Biliran,2025,3,740.58,27.933333333333334,82.13,3.6999999999999997
Biliran,2025,4,878.1,27.733333333333334,84.89333333333333,3.643333333333333
Bohol,2000,1,497.57,26.253333333333334,85.99000000000001,3.8966666666666665
Bohol,2000,2,310.78999999999996,27.673333333333336,81.04,2.77
Bohol,2000,3,474.58,27.126666666666665,82.87,3.0666666666666664
Bohol,2000,4,710.06,26.8,86.91000000000001,3.106666666666667
Bohol,2001,1,414.79,26.396666666666665,85.57000000000001,3.7466666666666666
Bohol,2001,2,425.70000000000005,27.743333333333336,81.03333333333333,2.9766666666666666
Bohol,2001,3,413.74,27.2,83.37666666666667,3.14
Bohol,2001,4,1012.68,26.576666666666668,86.98666666666666,3.4966666666666666
Bohol,2002,1,337.7,25.653333333333336,84.49666666666667,4.263333333333334
Bohol,2002,2,337.01,28.223333333333333,77.73333333333333,2.8766666666666665
Bohol,2002,3,479.69,27.103333333333335,83.53333333333333,3.5999999999999996
Bohol,2002,4,483.9,26.89,85.15666666666667,3.08
Bohol,2003,1,336.0,25.956666666666667,83.91666666666667,4.29
Bohol,2003,2,318.9,28.24666666666667,77.61,3.1133333333333333
Bohol,2003,3,623.61,27.02,84.66000000000001,2.8266666666666667
Bohol,2003,4,756.18,26.59,85.71333333333332,3.263333333333333
Bohol,2004,1,310.85,26.16,86.25666666666666,3.5866666666666664
Bohol,2004,2,394.97999999999996,27.84,80.7,3.453333333333333
Bohol,2004,3,381.7,27.143333333333334,82.68,2.893333333333333
Bohol,2004,4,402.96999999999997,26.96666666666667,84.34666666666666,3.2900000000000005
Bohol,2005,1,215.22,26.363333333333333,79.87666666666667,4.1866666666666665
Bohol,2005,2,216.68,28.58,75.07000000000001,3.09
Bohol,2005,3,618.9,27.323333333333334,83.65666666666668,3.09
Bohol,2005,4,679.8,26.856666666666666,87.17,3.143333333333333
Bohol,2006,1,573.22,26.133333333333336,87.11666666666667,4.12
Bohol,2006,2,407.15999999999997,27.689999999999998,80.18333333333334,3.0866666666666664
Bohol,2006,3,492.63,27.133333333333336,83.49666666666667,3.4599999999999995
Bohol,2006,4,461.03000000000003,26.963333333333335,85.25666666666666,3.2733333333333334
Bohol,2007,1,331.7,26.203333333333333,83.23333333333333,4.1499999999999995
Bohol,2007,2,338.44,28.333333333333332,77.76666666666667,3.0066666666666664
Bohol,2007,3,498.38,27.393333333333334,82.55333333333334,2.9933333333333336
Bohol,2007,4,665.98,26.689999999999998,87.30666666666666,3.1833333333333336
Bohol,2008,1,696.05,26.03333333333333,87.75333333333333,3.796666666666667
Bohol,2008,2,584.59,27.11,84.17666666666666,3.0566666666666666
Bohol,2008,3,600.11,26.973333333333333,82.72,2.4766666666666666
Bohol,2008,4,542.83,26.939999999999998,86.24000000000001,3.09
Bohol,2009,1,472.99,26.156666666666666,86.65333333333335,3.733333333333333
Bohol,2009,2,434.62,27.439999999999998,82.3,2.91
Bohol,2009,3,355.58,27.45,82.63,3.5733333333333337
Bohol,2009,4,407.71999999999997,26.863333333333333,84.38333333333334,3.35
Bohol,2010,1,226.19,26.47,80.79,4.08
Bohol,2010,2,198.57,29.070000000000004,72.88000000000001,3.276666666666667
Bohol,2010,3,569.0,27.826666666666668,78.74333333333333,2.27
Bohol,2010,4,592.33,27.03,84.69,2.64
Bohol,2011,1,1187.46,25.959999999999997,88.60333333333334,3.56
Bohol,2011,2,451.59000000000003,27.14,83.46333333333332,2.893333333333333
Bohol,2011,3,633.37,27.03,83.73333333333333,3.263333333333333
Bohol,2011,4,796.27,26.873333333333335,85.75666666666666,2.86
Bohol,2012,1,705.64,26.203333333333333,87.17,3.67
Bohol,2012,2,335.23,27.623333333333335,80.29333333333334,2.8533333333333335
Bohol,2012,3,616.82,27.183333333333337,82.79333333333334,3.4066666666666663
Bohol,2012,4,614.0600000000001,26.753333333333334,85.82666666666667,3.5
Bohol,2013,1,510.28,26.21666666666667,86.23,3.8333333333333335
Bohol,2013,2,365.33,28.406666666666666,77.37666666666667,2.7600000000000002
Bohol,2013,3,644.47,27.316666666666666,82.14333333333333,2.9299999999999997
Bohol,2013,4,523.59,26.893333333333334,85.58333333333333,3.4433333333333334
Bohol,2014,1,700.13,25.636666666666667,85.68666666666667,4.18
Bohol,2014,2,346.88,28.093333333333334,80.75666666666666,2.7866666666666666
Bohol,2014,3,681.91,27.233333333333334,82.94,3.033333333333333
Bohol,2014,4,778.43,26.813333333333333,86.89666666666666,3.3200000000000003
Bohol,2015,1,259.11,25.903333333333336,82.39333333333333,3.7266666666666666
Bohol,2015,2,274.58000000000004,28.909999999999997,72.29,2.8066666666666666
Bohol,2015,3,570.15,27.633333333333336,81.51666666666667,3.016666666666667
Bohol,2015,4,392.86,27.23,84.11333333333333,3.356666666666667
Bohol,2016,1,177.55,26.813333333333333,79.34333333333333,4.05
Bohol,2016,2,324.94,29.02333333333333,74.37666666666667,3.1033333333333335
Bohol,2016,3,643.16,27.726666666666663,81.47333333333334,2.8866666666666667
Bohol,2016,4,839.4300000000001,27.040000000000003,85.88666666666666,2.936666666666667
Bohol,2017,1,600.8299999999999,25.953333333333333,87.12666666666667,3.9033333333333338
Bohol,2017,2,440.75,27.99,81.31666666666666,2.4233333333333333
Bohol,2017,3,834.61,27.683333333333334,81.49333333333334,2.5033333333333334
Bohol,2017,4,676.93,27.310000000000002,85.28333333333335,3.216666666666667
Bohol,2018,1,732.98,26.580000000000002,85.82666666666667,3.51
Bohol,2018,2,350.23,28.086666666666662,79.72666666666667,2.8366666666666664
Bohol,2018,3,511.52,27.526666666666667,82.75,3.6833333333333336
Bohol,2018,4,540.05,27.159999999999997,84.64999999999999,3.2099999999999995
Bohol,2019,1,521.54,25.61,82.52999999999999,3.8866666666666667
Bohol,2019,2,504.35,28.21666666666667,79.80666666666666,2.8000000000000003
Bohol,2019,3,683.8,27.606666666666666,82.65333333333334,3.3033333333333332
Bohol,2019,4,530.89,27.316666666666666,83.78,2.9033333333333338
Bohol,2020,1,284.77,26.540000000000003,82.11333333333333,4.016666666666667
Bohol,2020,2,296.7,28.766666666666666,75.77999999999999,3.233333333333333
Bohol,2020,3,567.87,28.00333333333333,79.87666666666667,2.263333333333333
Bohol,2020,4,1231.31,27.266666666666666,85.85000000000001,2.8699999999999997
Bohol,2021,1,587.69,26.606666666666666,85.95,3.4066666666666663
Bohol,2021,2,512.74,27.926666666666666,80.52666666666666,2.6266666666666665
Bohol,2021,3,471.36,27.94666666666667,80.58,2.7699999999999996
Bohol,2021,4,828.14,27.203333333333333,86.18666666666667,3.2133333333333334
Bohol,2022,1,446.21000000000004,26.36,86.68333333333334,3.64
Bohol,2022,2,617.54,27.463333333333335,83.25999999999999,2.7900000000000005
Bohol,2022,3,680.97,27.75,81.63333333333333,2.3633333333333333
Bohol,2022,4,759.44,27.169999999999998,86.05333333333333,2.9133333333333336
Bohol,2023,1,616.96,26.246666666666666,87.36333333333334,3.606666666666667
Bohol,2023,2,469.93,28.213333333333335,79.89,2.58
Bohol,2023,3,560.64,27.95,82.89666666666666,3.39
Bohol,2023,4,537.61,27.71666666666667,84.60666666666667,2.9166666666666665
Bohol,2024,1,175.65,26.906666666666666,81.07666666666667,4.153333333333333
Bohol,2024,2,224.79,29.516666666666666,73.19,3.3699999999999997
Bohol,2024,3,570.1700000000001,28.22666666666667,81.79333333333334,2.8733333333333335
Bohol,2024,4,519.46,27.89,83.91333333333334,3.063333333333333
Bohol,2025,1,517.28,26.88,86.8,3.643333333333333
Bohol,2025,2,520.85,28.093333333333334,81.76666666666667,2.7133333333333334
Bohol,2025,3,746.9,27.650000000000002,82.82666666666667,2.9600000000000004
Bohol,2025,4,847.91,27.456666666666667,86.38666666666666,2.8666666666666667
Bukidnon,2000,1,531.04,20.923333333333332,91.78333333333335,2.023333333333333
Bukidnon,2000,2,655.8399999999999,22.08,88.92666666666666,1.2966666666666666
Bukidnon,2000,3,640.9300000000001,21.646666666666665,88.45,1.2833333333333334
Bukidnon,2000,4,607.24,21.47,91.32,1.4733333333333334
Bukidnon,2001,1,360.1,20.986666666666668,90.27666666666666,1.7933333333333332
Bukidnon,2001,2,574.79,22.169999999999998,88.02,1.32
Bukidnon,2001,3,555.42,21.94333333333333,88.36666666666667,1.4433333333333334
Bukidnon,2001,4,583.24,21.49,90.77333333333333,1.6433333333333333
Bukidnon,2002,1,319.25,20.733333333333334,89.37666666666667,2.21
Bukidnon,2002,2,579.32,22.27333333333333,87.49000000000001,1.2833333333333334
Bukidnon,2002,3,570.7,21.863333333333333,88.14999999999999,1.6300000000000001
Bukidnon,2002,4,337.77,21.583333333333332,89.25666666666666,1.3466666666666667
Bukidnon,2003,1,333.09000000000003,21.01,89.19,2.233333333333333
Bukidnon,2003,2,475.27,22.349999999999998,86.3,1.3499999999999999
Bukidnon,2003,3,931.75,21.83666666666667,89.37666666666667,1.3066666666666666
Bukidnon,2003,4,772.5400000000001,21.75666666666667,90.43666666666667,1.4566666666666668
Bukidnon,2004,1,348.12,21.429999999999996,89.63,1.7433333333333334
Bukidnon,2004,2,627.38,22.293333333333333,87.39,1.5066666666666666
Bukidnon,2004,3,670.15,21.80333333333333,88.56333333333333,1.3466666666666667
Bukidnon,2004,4,418.22,21.923333333333336,89.00666666666666,1.51
Bukidnon,2005,1,214.76,20.933333333333334,87.94,1.9833333333333334
Bukidnon,2005,2,466.91,22.623333333333335,85.51,1.2633333333333334
Bukidnon,2005,3,732.44,21.99,88.26333333333334,1.49
Bukidnon,2005,4,645.9100000000001,21.666666666666668,90.45666666666666,1.36
Bukidnon,2006,1,464.88,21.043333333333333,91.21999999999998,2.183333333333333
Bukidnon,2006,2,518.0799999999999,21.92,87.71666666666665,1.3466666666666667
Bukidnon,2006,3,571.12,21.75,88.06,1.5266666666666666
Bukidnon,2006,4,498.84,21.593333333333334,89.69333333333333,1.5733333333333333
Bukidnon,2007,1,315.12,20.84,90.10666666666667,2.123333333333333
Bukidnon,2007,2,553.38,22.3,87.69,1.2733333333333334
Bukidnon,2007,3,755.44,21.773333333333337,88.74000000000001,1.4633333333333332
Bukidnon,2007,4,602.4300000000001,21.599999999999998,90.72666666666667,1.5233333333333334
Bukidnon,2008,1,542.44,20.716666666666665,91.56333333333333,1.92
Bukidnon,2008,2,730.44,21.656666666666666,89.23666666666668,1.4966666666666668
Bukidnon,2008,3,819.74,21.49,88.77,1.25
Bukidnon,2008,4,678.42,21.42,91.49333333333334,1.4333333333333333
Bukidnon,2009,1,621.98,21.16333333333333,90.89999999999999,1.8166666666666667
Bukidnon,2009,2,764.06,21.94333333333333,89.06,1.3133333333333332
Bukidnon,2009,3,810.37,21.929999999999996,88.54,1.62
Bukidnon,2009,4,448.58,21.419999999999998,89.62,1.4633333333333332
Bukidnon,2010,1,289.23,20.86,88.60333333333334,1.9833333333333334
Bukidnon,2010,2,516.28,22.560000000000002,86.40666666666668,1.3699999999999999
Bukidnon,2010,3,914.1700000000001,21.91,87.81333333333333,1.0633333333333332
Bukidnon,2010,4,659.54,21.49,89.64333333333333,1.2066666666666668
Bukidnon,2011,1,769.03,20.873333333333335,92.07,1.6600000000000001
Bukidnon,2011,2,695.64,21.833333333333332,89.37333333333333,1.3266666666666667
Bukidnon,2011,3,929.29,21.656666666666666,88.64666666666666,1.36
Bukidnon,2011,4,723.97,21.436666666666667,89.99333333333334,1.3433333333333335
Bukidnon,2012,1,470.64,20.91,90.68333333333334,1.7933333333333332
Bukidnon,2012,2,690.4,22.0,87.85666666666667,1.1933333333333334
Bukidnon,2012,3,823.97,21.659999999999997,88.46999999999998,1.42
Bukidnon,2012,4,564.13,21.23,90.92333333333333,1.6900000000000002
Bukidnon,2013,1,645.22,21.173333333333336,90.89666666666666,1.9366666666666665
Bukidnon,2013,2,630.11,22.310000000000002,87.81333333333333,1.05
Bukidnon,2013,3,688.57,21.643333333333334,88.69,1.25
Bukidnon,2013,4,603.71,21.373333333333335,90.06666666666666,1.4833333333333334
Bukidnon,2014,1,581.6,20.76,90.38333333333333,2.033333333333333
Bukidnon,2014,2,407.34,22.623333333333335,87.03666666666668,1.09
Bukidnon,2014,3,701.12,21.80666666666667,88.07333333333334,1.2633333333333334
Bukidnon,2014,4,645.91,21.756666666666664,89.67333333333333,1.4266666666666667
Bukidnon,2015,1,294.27,20.706666666666667,88.74666666666667,1.8633333333333333
Bukidnon,2015,2,407.16,22.570000000000004,85.21333333333332,1.0466666666666666
Bukidnon,2015,3,666.95,22.166666666666668,86.22333333333331,1.2933333333333332
Bukidnon,2015,4,437.28,21.709999999999997,89.44333333333333,1.4966666666666668
Bukidnon,2016,1,109.00999999999999,21.51,84.93666666666667,1.8233333333333333
Bukidnon,2016,2,595.89,23.21666666666667,83.24666666666667,1.25
Bukidnon,2016,3,809.96,22.2,86.55,1.16
Bukidnon,2016,4,736.34,21.72666666666667,90.24,1.2466666666666668
Bukidnon,2017,1,784.13,20.866666666666667,91.53333333333335,1.8266666666666669
Bukidnon,2017,2,783.98,22.416666666666668,88.62,1.11
Bukidnon,2017,3,804.52,22.063333333333333,88.25666666666666,1.04
Bukidnon,2017,4,746.49,21.713333333333335,90.03666666666668,1.4833333333333334
Bukidnon,2018,1,359.04,21.16333333333333,90.00666666666666,1.5266666666666666
Bukidnon,2018,2,564.65,22.453333333333333,87.24000000000001,1.1066666666666667
Bukidnon,2018,3,724.28,21.896666666666665,87.93666666666667,1.3800000000000001
Bukidnon,2018,4,411.38,21.766666666666666,89.63333333333333,1.3499999999999999
Bukidnon,2019,1,253.08999999999997,20.58666666666667,87.81333333333333,1.843333333333333
Bukidnon,2019,2,482.59999999999997,22.933333333333334,85.90666666666668,1.0966666666666667
Bukidnon,2019,3,592.67,22.073333333333334,86.17999999999999,1.4133333333333333
Bukidnon,2019,4,459.71000000000004,21.94666666666667,88.03333333333335,1.2533333333333332
Bukidnon,2020,1,179.62,21.383333333333336,87.37333333333333,1.9333333333333336
Bukidnon,2020,2,725.9,23.070000000000004,83.77,1.2233333333333334
Bukidnon,2020,3,814.64,22.363333333333333,86.85333333333334,1.0033333333333332
Bukidnon,2020,4,978.02,21.88,89.87333333333333,1.1900000000000002
Bukidnon,2021,1,639.6899999999999,21.203333333333333,90.67,1.5733333333333335
Bukidnon,2021,2,745.5699999999999,22.39,88.46,1.15
Bukidnon,2021,3,819.13,22.256666666666664,87.71999999999998,1.0933333333333335
Bukidnon,2021,4,775.99,21.80666666666667,89.90666666666668,1.3833333333333335
Bukidnon,2022,1,418.47,21.146666666666665,90.39,1.7433333333333334
Bukidnon,2022,2,878.96,22.103333333333335,89.25333333333333,1.2266666666666666
Bukidnon,2022,3,731.04,22.24,88.47666666666667,1.0033333333333332
Bukidnon,2022,4,684.59,21.69666666666667,90.27333333333333,1.24
Bukidnon,2023,1,561.27,21.123333333333335,91.34333333333332,1.6366666666666667
Bukidnon,2023,2,702.48,22.623333333333335,87.20333333333333,1.0
Bukidnon,2023,3,763.63,22.33,88.42,1.3399999999999999
Bukidnon,2023,4,501.91999999999996,22.296666666666667,89.43,1.3033333333333335
Bukidnon,2024,1,324.93,21.373333333333335,89.39333333333333,2.0066666666666664
Bukidnon,2024,2,511.27000000000004,23.203333333333333,85.22000000000001,1.2266666666666668
Bukidnon,2024,3,866.52,22.680000000000003,88.12666666666667,1.1900000000000002
Bukidnon,2024,4,670.64,22.406666666666666,89.97666666666667,1.3566666666666667
Bukidnon,2025,1,474.3,21.583333333333332,91.23,1.6500000000000001
Bukidnon,2025,2,810.24,22.526666666666667,88.99333333333334,1.2366666666666666
Bukidnon,2025,3,867.74,22.126666666666665,88.75666666666666,1.2666666666666666
Bukidnon,2025,4,567.79,22.136666666666667,89.95,1.3166666666666667
Bulacan,2000,1,483.57,23.66,88.06333333333333,1.51
Bulacan,2000,2,494.4,26.203333333333333,84.89333333333333,0.9933333333333333
Bulacan,2000,3,970.61,25.183333333333334,90.43666666666667,1.1533333333333333
Bulacan,2000,4,1093.52,24.713333333333335,91.76666666666667,1.42
Bulacan,2001,1,392.47,24.14,86.31,1.49
Bulacan,2001,2,461.01,26.656666666666666,82.91333333333334,0.9666666666666667
Bulacan,2001,3,574.17,25.419999999999998,90.26333333333334,1.1233333333333333
Bulacan,2001,4,702.9399999999999,24.180000000000003,88.27,1.5633333333333332
Bulacan,2002,1,200.19,23.409999999999997,81.19333333333333,1.5933333333333335
Bulacan,2002,2,336.5,26.95,77.24,1.1633333333333333
Bulacan,2002,3,1139.1299999999999,25.566666666666666,89.92333333333333,1.0599999999999998
Bulacan,2002,4,777.31,24.686666666666667,90.16666666666667,1.1966666666666668
Bulacan,2003,1,132.75,23.560000000000002,80.07,1.5833333333333333
Bulacan,2003,2,521.22,27.02,78.54666666666667,1.1833333333333333
Bulacan,2003,3,925.3900000000001,25.646666666666665,89.24666666666667,0.9766666666666667
Bulacan,2003,4,480.41,24.146666666666665,86.92,1.3966666666666667
Bulacan,2004,1,206.56,24.290000000000003,80.95333333333333,1.4066666666666665
Bulacan,2004,2,540.09,26.53,82.37333333333333,1.21
Bulacan,2004,3,807.63,25.5,88.71333333333332,1.0
Bulacan,2004,4,813.1700000000001,24.150000000000002,87.81,1.3966666666666665
Bulacan,2005,1,147.09,23.996666666666666,79.35666666666667,1.4033333333333333
Bulacan,2005,2,415.29,27.123333333333335,77.53666666666668,0.9666666666666667
Bulacan,2005,3,891.56,25.776666666666667,89.41000000000001,0.98
Bulacan,2005,4,1085.81,24.613333333333333,90.85666666666667,1.29
Bulacan,2006,1,469.48,23.953333333333333,86.8,1.3800000000000001
Bulacan,2006,2,415.16999999999996,26.526666666666667,80.63333333333334,1.1533333333333333
Bulacan,2006,3,990.59,25.563333333333333,89.95333333333333,1.01
Bulacan,2006,4,756.12,24.80333333333333,89.46,1.22
Bulacan,2007,1,200.84,24.076666666666668,82.10000000000001,1.4966666666666668
Bulacan,2007,2,411.34000000000003,27.083333333333332,79.37,0.9900000000000001
Bulacan,2007,3,878.16,25.929999999999996,88.53666666666668,0.9566666666666667
Bulacan,2007,4,969.24,24.400000000000002,90.55,1.4000000000000001
Bulacan,2008,1,535.95,23.583333333333332,87.13,1.5266666666666666
Bulacan,2008,2,681.91,26.083333333333332,84.38666666666667,1.0466666666666666
Bulacan,2008,3,850.21,25.48,88.80333333333333,0.9666666666666667
Bulacan,2008,4,1027.7,24.53333333333333,90.75999999999999,1.2866666666666668
Bulacan,2009,1,386.91999999999996,23.796666666666667,85.45,1.4566666666666668
Bulacan,2009,2,1049.25,25.820000000000004,87.26666666666667,1.0433333333333332
Bulacan,2009,3,1123.14,25.863333333333333,89.67999999999999,1.0566666666666666
Bulacan,2009,4,567.37,24.21666666666667,87.21333333333332,1.2766666666666666
Bulacan,2010,1,139.82,24.540000000000003,78.62333333333333,1.4666666666666668
Bulacan,2010,2,305.13,27.883333333333336,74.91666666666667,1.02
Bulacan,2010,3,971.4399999999999,25.97666666666667,87.42999999999999,0.82
Bulacan,2010,4,903.95,24.650000000000002,90.97666666666667,1.1500000000000001
Bulacan,2011,1,437.47,23.22,86.19,1.5333333333333332
Bulacan,2011,2,799.53,25.97,82.53,1.1066666666666667
Bulacan,2011,3,998.6700000000001,25.55666666666667,90.0,1.0666666666666667
Bulacan,2011,4,1300.01,24.743333333333336,90.91333333333334,1.2366666666666666
Bulacan,2012,1,654.6,23.883333333333336,88.02999999999999,1.36
Bulacan,2012,2,474.91,26.396666666666665,84.38,0.96
Bulacan,2012,3,1475.82,25.61,89.66333333333334,0.9866666666666667
Bulacan,2012,4,656.12,24.763333333333332,87.88666666666666,1.1766666666666667
Bulacan,2013,1,421.32,24.08666666666667,84.17,1.4666666666666668
Bulacan,2013,2,520.22,27.326666666666664,79.47,0.89
Bulacan,2013,3,1434.14,25.599999999999998,89.65333333333332,0.9466666666666667
Bulacan,2013,4,932.03,24.593333333333334,89.77,1.1266666666666667
Bulacan,2014,1,149.08,23.30333333333333,80.84333333333335,1.3933333333333333
Bulacan,2014,2,303.25,27.686666666666667,75.91666666666667,0.9966666666666667
Bulacan,2014,3,1007.6400000000001,25.876666666666665,88.34666666666668,0.98
Bulacan,2014,4,872.36,24.58666666666667,89.47333333333334,1.2533333333333332
Bulacan,2015,1,191.99,23.25,81.38333333333334,1.4400000000000002
Bulacan,2015,2,249.01999999999998,27.72666666666667,74.13666666666667,1.0266666666666666
Bulacan,2015,3,769.37,26.38,86.35666666666667,0.96
Bulacan,2015,4,1167.75,25.10666666666667,87.95333333333333,1.3233333333333333
Bulacan,2016,1,262.06,24.383333333333336,83.41666666666667,1.3133333333333332
Bulacan,2016,2,436.32,27.506666666666664,78.80666666666666,1.0166666666666666
Bulacan,2016,3,891.78,26.236666666666668,88.11666666666667,0.93
Bulacan,2016,4,1044.37,24.91,90.74333333333334,1.26
Bulacan,2017,1,476.28000000000003,23.453333333333333,86.09333333333332,1.4533333333333334
Bulacan,2017,2,485.4,27.169999999999998,80.29,0.9166666666666666
Bulacan,2017,3,1066.9,26.206666666666667,88.13,0.8766666666666666
Bulacan,2017,4,1069.49,24.97666666666667,90.58999999999999,1.2733333333333334
Bulacan,2018,1,341.53,24.063333333333333,84.91333333333334,1.3933333333333333
Bulacan,2018,2,584.11,26.69333333333333,82.11333333333333,1.1500000000000001
Bulacan,2018,3,1119.3000000000002,25.61,90.31666666666666,1.0933333333333335
Bulacan,2018,4,614.5999999999999,24.956666666666667,86.58999999999999,1.3033333333333335
Bulacan,2019,1,164.2,23.886666666666667,80.22,1.4066666666666665
Bulacan,2019,2,523.78,27.506666666666664,79.58666666666666,0.9533333333333333
Bulacan,2019,3,883.0699999999999,25.793333333333333,90.00333333333333,1.0933333333333335
Bulacan,2019,4,629.5799999999999,25.040000000000003,88.25666666666666,1.1500000000000001
Bulacan,2020,1,1117.58,23.786666666666665,85.05,1.38
Bulacan,2020,2,1291.79,26.683333333333334,85.20666666666666,0.9333333333333332
Bulacan,2020,3,880.0699999999999,26.343333333333334,86.90333333333335,0.8033333333333333
Bulacan,2020,4,2807.82,25.146666666666665,91.45,1.2233333333333334
Bulacan,2021,1,501.86,23.886666666666667,87.32333333333334,1.37
Bulacan,2021,2,306.09000000000003,27.099999999999998,79.06666666666666,1.0833333333333333
Bulacan,2021,3,1046.78,26.266666666666666,88.75,1.0166666666666666
Bulacan,2021,4,568.91,24.873333333333335,88.98,1.32
Bulacan,2022,1,334.36,24.383333333333336,84.53333333333333,1.4000000000000001
Bulacan,2022,2,622.23,26.55666666666667,83.22000000000001,1.0
Bulacan,2022,3,1046.27,26.156666666666666,88.55333333333334,0.86
Bulacan,2022,4,944.8199999999999,25.016666666666666,90.89999999999999,1.2066666666666668
Bulacan,2023,1,463.14,23.723333333333333,85.00333333333333,1.5033333333333332
Bulacan,2023,2,541.91,27.356666666666666,80.63333333333333,1.0
Bulacan,2023,3,910.16,26.623333333333335,88.36666666666667,1.0533333333333335
Bulacan,2023,4,694.63,25.433333333333334,89.64666666666666,1.2466666666666668
Bulacan,2024,1,199.08,24.433333333333334,81.56,1.5533333333333335
Bulacan,2024,2,528.23,28.013333333333335,78.18333333333334,1.1066666666666667
Bulacan,2024,3,1260.58,26.47,89.18666666666667,0.9766666666666667
Bulacan,2024,4,1013.27,25.49666666666667,89.87,1.2566666666666666
Bulacan,2025,1,463.24,24.27,87.03333333333335,1.4866666666666666
Bulacan,2025,2,590.75,27.060000000000002,81.98666666666666,1.01
Bulacan,2025,3,1314.1100000000001,25.95,89.17999999999999,1.0599999999999998
Bulacan,2025,4,1156.4,25.246666666666666,91.06,1.1766666666666667
Cagayan,2000,1,177.62,23.663333333333338,83.73,1.24
Cagayan,2000,2,309.38,27.463333333333335,78.89666666666666,0.8333333333333334
Cagayan,2000,3,639.53,26.61,85.69,0.8933333333333332
Cagayan,2000,4,842.85,25.233333333333334,88.55333333333333,1.3499999999999999
Cagayan,2001,1,300.52,23.75666666666667,84.87,1.2566666666666666
Cagayan,2001,2,315.55,27.706666666666667,80.43333333333334,0.8566666666666668
Cagayan,2001,3,814.25,26.793333333333333,86.53333333333335,0.8066666666666666
Cagayan,2001,4,371.59000000000003,24.373333333333335,84.04333333333334,1.39
Cagayan,2002,1,75.18,23.793333333333333,75.73,1.1866666666666668
Cagayan,2002,2,233.45,28.136666666666667,72.93,0.8766666666666666
Cagayan,2002,3,593.21,27.179999999999996,84.08,0.8066666666666666
Cagayan,2002,4,301.19,25.25,85.13333333333333,1.1900000000000002
Cagayan,2003,1,45.82,23.91,73.63666666666667,1.2433333333333332
Cagayan,2003,2,454.56,28.136666666666667,74.44,0.8666666666666667
Cagayan,2003,3,438.6,26.926666666666666,84.97666666666667,0.85
Cagayan,2003,4,441.78,24.350000000000005,83.52333333333333,1.3366666666666667
Cagayan,2004,1,115.92,24.043333333333333,78.43666666666667,1.1333333333333333
Cagayan,2004,2,562.7,27.833333333333332,75.39,0.98
Cagayan,2004,3,512.7,26.72,84.63666666666667,0.8300000000000001
Cagayan,2004,4,304.62,24.373333333333335,83.05666666666667,1.39
Cagayan,2005,1,174.57999999999998,23.816666666666666,77.69333333333334,1.0966666666666667
Cagayan,2005,2,420.8,27.830000000000002,76.0,0.7733333333333334
Cagayan,2005,3,856.29,26.930000000000003,85.10666666666667,0.9533333333333335
Cagayan,2005,4,610.99,24.560000000000002,88.17333333333333,1.3066666666666666
Cagayan,2006,1,209.65,23.936666666666667,83.64999999999999,1.1966666666666665
Cagayan,2006,2,145.63,28.459999999999997,71.80333333333333,0.86
Cagayan,2006,3,646.51,27.176666666666666,84.72666666666667,0.8233333333333334
Cagayan,2006,4,714.9499999999999,24.906666666666666,87.28333333333335,1.24
Cagayan,2007,1,98.84,24.05,80.28333333333335,1.1700000000000002
Cagayan,2007,2,338.23,27.77,76.95,0.8633333333333333
Cagayan,2007,3,642.98,27.276666666666667,84.68333333333334,0.7666666666666666
Cagayan,2007,4,590.55,24.636666666666667,87.28000000000002,1.4166666666666667
Cagayan,2008,1,189.01,23.51,82.76333333333334,1.3133333333333332
Cagayan,2008,2,286.65000000000003,27.679999999999996,76.95333333333333,0.9133333333333334
Cagayan,2008,3,1362.13,26.74,85.41000000000001,0.8966666666666666
Cagayan,2008,4,599.81,24.706666666666667,86.97000000000001,1.3
Cagayan,2009,1,166.1,23.873333333333335,81.38333333333334,1.2466666666666668
Cagayan,2009,2,611.8299999999999,26.516666666666666,82.70666666666666,1.01
Cagayan,2009,3,1105.25,27.296666666666667,85.92666666666666,0.8633333333333333
Cagayan,2009,4,819.59,24.320000000000004,86.05666666666667,1.3033333333333335
Cagayan,2010,1,50.8,24.496666666666666,76.13,1.1500000000000001
Cagayan,2010,2,338.46,28.61,73.17333333333333,0.7933333333333333
Cagayan,2010,3,562.31,27.02,84.38333333333334,0.7966666666666667
Cagayan,2010,4,792.11,24.83,87.62,1.21
Cagayan,2011,1,193.33,22.673333333333332,82.72000000000001,1.3466666666666667
Cagayan,2011,2,392.35,26.936666666666667,78.17333333333333,0.9433333333333334
Cagayan,2011,3,982.89,26.92,85.24,0.8866666666666667
Cagayan,2011,4,994.0,24.983333333333334,89.30333333333333,1.2833333333333334
Cagayan,2012,1,231.35,23.99666666666667,83.88,1.2133333333333332
Cagayan,2012,2,569.73,27.923333333333332,79.18666666666667,0.7833333333333333
Cagayan,2012,3,834.9,26.873333333333335,85.26,0.88
Cagayan,2012,4,435.16,24.713333333333335,86.29666666666667,1.18
Cagayan,2013,1,115.6,24.49666666666667,78.57,1.1533333333333333
Cagayan,2013,2,369.24,28.11,77.35666666666667,0.8333333333333334
Cagayan,2013,3,780.82,26.78333333333333,84.57000000000001,0.9266666666666667
Cagayan,2013,4,750.7,24.3,87.68333333333334,1.27
Cagayan,2014,1,75.14,22.76,79.86,1.1433333333333333
Cagayan,2014,2,336.28000000000003,28.656666666666666,72.66333333333334,0.7866666666666667
Cagayan,2014,3,811.1099999999999,27.3,84.26,0.8066666666666666
Cagayan,2014,4,377.06,24.56,86.22666666666667,1.2533333333333332
Cagayan,2015,1,134.05,23.036666666666665,78.82333333333332,1.1966666666666665
Cagayan,2015,2,252.91,28.376666666666665,73.2,0.8766666666666666
Cagayan,2015,3,829.97,27.430000000000003,81.80333333333333,0.87
Cagayan,2015,4,652.1600000000001,25.49,85.88666666666667,1.1466666666666667
Cagayan,2016,1,132.37,24.03,81.71666666666667,1.11
Cagayan,2016,2,312.13,28.963333333333335,73.36,0.8433333333333334
Cagayan,2016,3,844.55,27.599999999999998,83.16000000000001,0.7266666666666666
Cagayan,2016,4,951.59,25.34,88.39333333333333,1.2699999999999998
Cagayan,2017,1,255.3,23.150000000000002,83.98333333333333,1.24
Cagayan,2017,2,431.78999999999996,27.84,78.36666666666667,0.8166666666666668
Cagayan,2017,3,671.26,27.566666666666666,84.34,0.8166666666666668
Cagayan,2017,4,853.6,25.03,88.71,1.3099999999999998
Cagayan,2018,1,244.92000000000002,23.560000000000002,83.50666666666667,1.1966666666666665
Cagayan,2018,2,246.82999999999998,28.246666666666666,74.68333333333334,0.8666666666666667
Cagayan,2018,3,941.8499999999999,27.27333333333333,83.89999999999999,0.7966666666666667
Cagayan,2018,4,316.96,25.30333333333333,83.30666666666667,1.1366666666666667
Cagayan,2019,1,91.59,24.53,75.15666666666667,1.0766666666666667
Cagayan,2019,2,507.88,28.28333333333333,78.01333333333334,0.7666666666666666
Cagayan,2019,3,1207.42,27.373333333333335,84.91000000000001,0.7933333333333333
Cagayan,2019,4,1023.48,24.97666666666667,87.63666666666666,1.21
Cagayan,2020,1,124.06,24.006666666666664,80.02999999999999,1.1333333333333333
Cagayan,2020,2,1159.1299999999999,28.406666666666666,75.90666666666667,0.8433333333333333
Cagayan,2020,3,638.2,27.459999999999997,84.05,0.7866666666666666
Cagayan,2020,4,4373.93,25.44666666666667,89.79,1.3266666666666667
Cagayan,2021,1,233.5,23.580000000000002,85.04333333333334,1.19
Cagayan,2021,2,210.83,28.349999999999998,72.64,0.93
Cagayan,2021,3,631.78,27.546666666666667,84.12666666666667,0.7733333333333334
Cagayan,2021,4,579.05,25.166666666666668,85.89666666666666,1.2633333333333334
Cagayan,2022,1,187.82,24.526666666666667,80.98,1.1066666666666667
Cagayan,2022,2,538.44,27.403333333333336,80.67666666666666,0.91
Cagayan,2022,3,769.7,27.336666666666662,84.64,0.8466666666666667
Cagayan,2022,4,1005.42,25.34,88.34333333333335,1.2266666666666666
Cagayan,2023,1,199.45,23.44333333333333,81.95,1.27
Cagayan,2023,2,219.98,28.55,73.58,0.93
Cagayan,2023,3,1153.77,28.02333333333333,83.83999999999999,0.87
Cagayan,2023,4,419.39,25.673333333333336,86.84666666666668,1.1500000000000001
Cagayan,2024,1,73.33,24.49,77.23333333333333,1.1666666666666667
Cagayan,2024,2,343.28,29.290000000000003,73.2,0.9033333333333333
Cagayan,2024,3,1073.13,27.903333333333332,84.34666666666666,0.8533333333333334
Cagayan,2024,4,1033.88,25.586666666666662,88.70666666666666,1.3466666666666667
Cagayan,2025,1,283.57,23.560000000000002,85.97666666666667,1.29
Cagayan,2025,2,440.97,28.41333333333333,77.14666666666666,0.8133333333333334
Cagayan,2025,3,1203.06,27.11,86.69,0.8866666666666667
Cagayan,2025,4,815.4,25.47666666666667,89.17333333333333,1.2566666666666666
Camarines Norte,2000,1,924.11,25.290000000000003,85.78666666666668,5.373333333333332
Camarines Norte,2000,2,404.71,27.506666666666664,81.59666666666666,3.1966666666666668
Camarines Norte,2000,3,622.4300000000001,26.78333333333333,85.02666666666666,3.9166666666666665
Camarines Norte,2000,4,1552.46,26.400000000000002,87.50999999999999,4.956666666666666
Camarines Norte,2001,1,689.71,25.736666666666668,83.99,5.246666666666666
Camarines Norte,2001,2,468.94,27.929999999999996,79.61,3.1799999999999997
Camarines Norte,2001,3,439.12,26.896666666666665,86.02999999999999,3.7433333333333336
Camarines Norte,2001,4,1498.75,25.916666666666668,85.00666666666666,5.82
Camarines Norte,2002,1,367.24,24.84,80.01666666666667,5.510000000000001
Camarines Norte,2002,2,344.89,28.113333333333333,75.78,3.4599999999999995
Camarines Norte,2002,3,764.04,27.043333333333333,84.94666666666667,3.74
Camarines Norte,2002,4,1143.81,26.46666666666667,85.02666666666667,4.22
Camarines Norte,2003,1,206.37,25.28333333333333,77.56,5.583333333333333
Camarines Norte,2003,2,406.31,28.569999999999997,73.78333333333335,4.0633333333333335
Camarines Norte,2003,3,673.85,27.023333333333337,85.23333333333333,3.3000000000000003
Camarines Norte,2003,4,823.39,25.936666666666667,83.25,5.456666666666666
Camarines Norte,2004,1,384.76,25.383333333333336,82.34666666666666,4.953333333333333
Camarines Norte,2004,2,441.08,27.63,80.48,4.21
Camarines Norte,2004,3,500.51,26.913333333333338,84.41000000000001,3.42
Camarines Norte,2004,4,1335.65,25.826666666666664,85.86666666666667,5.533333333333334
Camarines Norte,2005,1,356.06,25.156666666666666,79.95666666666666,4.82
Camarines Norte,2005,2,301.04,28.183333333333334,75.42333333333333,3.1933333333333334
Camarines Norte,2005,3,848.42,27.106666666666666,85.71666666666665,3.356666666666667
Camarines Norte,2005,4,1740.51,26.313333333333333,86.93333333333334,4.726666666666667
Camarines Norte,2006,1,610.71,25.566666666666666,83.81333333333333,4.989999999999999
Camarines Norte,2006,2,340.17,28.070000000000004,76.45333333333333,3.6300000000000003
Camarines Norte,2006,3,766.3100000000001,26.91333333333333,85.77999999999999,3.5066666666666664
Camarines Norte,2006,4,1079.44,26.433333333333334,85.14,4.523333333333333
Camarines Norte,2007,1,359.59000000000003,25.55,79.95333333333333,5.0633333333333335
Camarines Norte,2007,2,428.55,28.406666666666666,75.58333333333333,3.1199999999999997
Camarines Norte,2007,3,557.25,27.310000000000002,84.13,3.3166666666666664
Camarines Norte,2007,4,1725.43,26.113333333333333,87.40333333333332,5.473333333333334
Camarines Norte,2008,1,1291.49,25.28,84.96,5.443333333333334
Camarines Norte,2008,2,702.89,27.156666666666666,82.77333333333333,3.4566666666666666
Camarines Norte,2008,3,537.38,26.77,85.16,3.3266666666666667
Camarines Norte,2008,4,1627.8,26.38,86.56,4.83
Camarines Norte,2009,1,717.39,25.27,84.67666666666666,5.260000000000001
Camarines Norte,2009,2,1174.68,27.02333333333333,84.86666666666667,3.483333333333333
Camarines Norte,2009,3,703.29,27.183333333333334,85.75999999999999,3.776666666666667
Camarines Norte,2009,4,899.51,25.94666666666667,83.85000000000001,4.826666666666667
Camarines Norte,2010,1,365.92999999999995,25.636666666666667,79.18,4.886666666666667
Camarines Norte,2010,2,221.35000000000002,29.349999999999998,70.51333333333334,3.313333333333334
Camarines Norte,2010,3,997.96,27.236666666666668,83.52,2.7533333333333334
Camarines Norte,2010,4,1696.22,26.416666666666668,87.12666666666667,4.276666666666666
Camarines Norte,2011,1,967.51,24.830000000000002,84.8,5.976666666666667
Camarines Norte,2011,2,653.63,26.913333333333338,82.49,3.8433333333333337
Camarines Norte,2011,3,816.19,27.00333333333333,85.85333333333334,3.7900000000000005
Camarines Norte,2011,4,1604.27,26.430000000000003,87.04,4.52
Camarines Norte,2012,1,1192.45,25.626666666666665,84.86,5.226666666666667
Camarines Norte,2012,2,368.16,27.843333333333334,80.31666666666666,3.01
Camarines Norte,2012,3,821.47,27.0,85.47666666666667,3.546666666666667
Camarines Norte,2012,4,869.22,26.49666666666667,83.67666666666666,4.510000000000001
Camarines Norte,2013,1,573.13,25.596666666666664,82.49666666666667,5.57
Camarines Norte,2013,2,386.28999999999996,28.88,74.77666666666666,2.9899999999999998
Camarines Norte,2013,3,830.12,26.97666666666667,85.60333333333334,3.3466666666666662
Camarines Norte,2013,4,1324.2600000000002,26.316666666666666,85.61666666666667,4.696666666666666
Camarines Norte,2014,1,294.59000000000003,24.76,79.57333333333334,5.56
Camarines Norte,2014,2,208.07,28.98,73.39999999999999,3.3200000000000003
Camarines Norte,2014,3,895.04,27.396666666666665,83.55333333333333,3.6666666666666665
Camarines Norte,2014,4,1509.64,26.22,86.45333333333333,5.08
Camarines Norte,2015,1,464.48,24.74,80.11333333333333,5.466666666666666
Camarines Norte,2015,2,275.14,28.71666666666667,73.05666666666667,3.25
Camarines Norte,2015,3,472.45,27.849999999999998,81.31333333333333,3.47
Camarines Norte,2015,4,1094.3,26.80666666666667,83.59333333333333,5.073333333333333
Camarines Norte,2016,1,671.26,25.679999999999996,82.62666666666667,4.776666666666666
Camarines Norte,2016,2,291.31,29.0,74.13666666666667,3.14
Camarines Norte,2016,3,481.90999999999997,27.83,82.25,3.18
Camarines Norte,2016,4,1754.99,26.576666666666668,86.58666666666666,4.953333333333333
Camarines Norte,2017,1,728.99,25.133333333333336,83.51333333333334,5.663333333333334
Camarines Norte,2017,2,487.35,28.23333333333333,78.80666666666667,2.9299999999999997
Camarines Norte,2017,3,1016.31,27.633333333333336,83.47,2.8966666666666665
Camarines Norte,2017,4,1826.5,26.75,86.43333333333334,5.026666666666666
Camarines Norte,2018,1,863.6,25.52333333333333,84.22333333333334,5.303333333333334
Camarines Norte,2018,2,491.2,27.796666666666667,80.73,3.7099999999999995
Camarines Norte,2018,3,604.47,27.19333333333333,85.27333333333333,3.8200000000000003
Camarines Norte,2018,4,1239.32,26.603333333333335,83.45666666666666,5.14
Camarines Norte,2019,1,186.54999999999998,25.516666666666666,75.98333333333333,5.11
Camarines Norte,2019,2,320.27,29.623333333333335,70.41666666666667,3.1033333333333335
Camarines Norte,2019,3,603.54,27.613333333333333,83.18666666666667,3.8800000000000003
Camarines Norte,2019,4,973.5999999999999,26.686666666666667,84.40666666666668,4.663333333333333
Camarines Norte,2020,1,1381.96,25.55666666666667,81.67666666666666,5.226666666666667
Camarines Norte,2020,2,1262.28,28.246666666666666,79.66666666666667,3.323333333333333
Camarines Norte,2020,3,604.72,27.663333333333338,82.87333333333333,2.6333333333333333
Camarines Norte,2020,4,2508.39,26.816666666666666,86.93333333333334,4.75
Camarines Norte,2021,1,1098.29,25.626666666666665,84.46333333333332,5.5
Camarines Norte,2021,2,326.09,27.876666666666665,79.72,3.6466666666666665
Camarines Norte,2021,3,836.73,27.673333333333332,84.15333333333334,3.2866666666666666
Camarines Norte,2021,4,1133.14,26.61,85.33666666666666,5.253333333333333
Camarines Norte,2022,1,550.1500000000001,25.78333333333333,83.22666666666667,4.9799999999999995
Camarines Norte,2022,2,649.95,27.706666666666667,81.18333333333334,3.27
Camarines Norte,2022,3,770.5799999999999,27.55,84.09666666666668,2.9066666666666663
Camarines Norte,2022,4,1498.98,26.743333333333336,86.52333333333333,4.793333333333333
Camarines Norte,2023,1,1028.72,25.296666666666667,83.99333333333334,5.859999999999999
Camarines Norte,2023,2,429.59000000000003,28.406666666666666,78.48333333333333,3.2566666666666664
Camarines Norte,2023,3,524.55,28.24,82.85333333333334,3.6133333333333333
Camarines Norte,2023,4,1556.65,27.150000000000002,85.88,4.67
Camarines Norte,2024,1,410.37,25.91333333333333,80.03666666666668,5.3500000000000005
Camarines Norte,2024,2,400.14,29.459999999999997,73.78666666666668,3.643333333333333
Camarines Norte,2024,3,840.4000000000001,28.08,84.38,3.3000000000000003
Camarines Norte,2024,4,1899.98,27.12,86.83666666666666,4.826666666666667
Camarines Norte,2025,1,1184.54,25.89,85.55333333333333,5.263333333333333
Camarines Norte,2025,2,484.42,28.326666666666668,79.25999999999999,3.0533333333333332
Camarines Norte,2025,3,934.24,27.400000000000002,85.10666666666667,3.64
Camarines Norte,2025,4,1653.71,26.91,86.80666666666667,4.666666666666667
Camarines Sur,2000,1,1049.07,25.663333333333338,85.46,4.826666666666667
Camarines Sur,2000,2,379.36,27.900000000000002,80.06,3.016666666666667
Camarines Sur,2000,3,558.2,27.146666666666665,83.58666666666666,4.010000000000001
Camarines Sur,2000,4,1455.93,26.836666666666662,86.04,4.353333333333333
Camarines Sur,2001,1,704.41,26.169999999999998,83.34333333333332,4.723333333333334
Camarines Sur,2001,2,464.29999999999995,28.30666666666667,78.15666666666668,3.0500000000000003
Camarines Sur,2001,3,460.01,27.083333333333332,86.13333333333333,4.013333333333333
Camarines Sur,2001,4,1239.2,26.276666666666667,84.79,5.15
Camarines Sur,2002,1,362.35,25.290000000000003,79.47333333333334,5.16
Camarines Sur,2002,2,284.07,28.573333333333334,74.18333333333334,3.2899999999999996
Camarines Sur,2002,3,760.49,27.23,84.56333333333333,4.073333333333333
Camarines Sur,2002,4,837.3399999999999,26.833333333333332,83.86333333333333,3.7833333333333337
Camarines Sur,2003,1,190.08,25.813333333333333,76.77666666666666,5.213333333333334
Camarines Sur,2003,2,429.12,28.986666666666668,71.73333333333333,3.9566666666666666
Camarines Sur,2003,3,689.07,27.24,85.00999999999999,3.3200000000000003
Camarines Sur,2003,4,648.3,26.316666666666666,82.76666666666667,4.81
Camarines Sur,2004,1,383.89,25.983333333333334,80.79,4.6433333333333335
Camarines Sur,2004,2,478.48,28.006666666666664,79.25333333333333,4.113333333333333
Camarines Sur,2004,3,531.62,27.2,83.79333333333334,3.526666666666667
Camarines Sur,2004,4,1133.8899999999999,26.27,85.35333333333334,4.673333333333333
Camarines Sur,2005,1,303.31,25.676666666666666,78.48,4.476666666666667
Camarines Sur,2005,2,256.83,28.796666666666667,72.46,3.14
Camarines Sur,2005,3,964.1700000000001,27.396666666666665,84.99,3.453333333333333
Camarines Sur,2005,4,1372.43,26.713333333333335,85.96333333333332,4.12
Camarines Sur,2006,1,585.9,25.993333333333336,82.77666666666667,4.666666666666667
Camarines Sur,2006,2,386.69,28.223333333333333,76.53333333333333,3.3733333333333335
Camarines Sur,2006,3,738.53,27.086666666666662,85.95666666666666,3.7133333333333334
Camarines Sur,2006,4,906.0,26.796666666666667,84.10333333333334,4.083333333333333
Camarines Sur,2007,1,413.13,25.883333333333336,79.36666666666667,4.66
Camarines Sur,2007,2,397.91,28.593333333333334,75.23333333333333,2.936666666666667
Camarines Sur,2007,3,642.87,27.59,83.43333333333334,3.4
Camarines Sur,2007,4,1644.81,26.473333333333333,86.79666666666667,4.896666666666667
Camarines Sur,2008,1,1364.78,25.66,84.62333333333333,4.913333333333333
Camarines Sur,2008,2,785.89,27.316666666666666,83.02333333333333,3.353333333333333
Camarines Sur,2008,3,561.77,26.98,84.78333333333335,3.2133333333333334
Camarines Sur,2008,4,1255.55,26.796666666666667,85.63333333333333,4.18
Camarines Sur,2009,1,764.87,25.819999999999997,83.74,4.876666666666666
Camarines Sur,2009,2,1219.72,27.30333333333333,84.13333333333333,3.3333333333333335
Camarines Sur,2009,3,670.88,27.366666666666664,85.51666666666665,4.06
Camarines Sur,2009,4,785.31,26.313333333333333,83.50666666666666,4.510000000000001
Camarines Sur,2010,1,364.13,26.070000000000004,78.05666666666666,4.483333333333333
Camarines Sur,2010,2,234.53,29.563333333333333,69.89333333333333,3.1833333333333336
Camarines Sur,2010,3,936.65,27.55666666666667,82.11333333333333,2.58
Camarines Sur,2010,4,1547.9,26.820000000000004,86.14333333333333,3.67
Camarines Sur,2011,1,1080.29,25.25,84.87333333333333,5.533333333333334
Camarines Sur,2011,2,798.51,27.22666666666667,82.02,3.6966666666666668
Camarines Sur,2011,3,968.76,27.203333333333333,85.67999999999999,4.01
Camarines Sur,2011,4,1372.63,26.823333333333334,85.67666666666666,3.9299999999999997
Camarines Sur,2012,1,1285.46,26.01,84.17666666666666,4.733333333333333
Camarines Sur,2012,2,384.47999999999996,28.01,80.34666666666666,3.03
Camarines Sur,2012,3,747.61,27.296666666666667,84.89333333333333,3.9299999999999997
Camarines Sur,2012,4,942.05,26.790000000000003,83.5,4.166666666666667
Camarines Sur,2013,1,652.0,25.956666666666667,82.23666666666666,5.1466666666666665
Camarines Sur,2013,2,410.90000000000003,28.986666666666668,74.92333333333333,2.8266666666666667
Camarines Sur,2013,3,769.35,27.25,84.83,3.436666666666667
Camarines Sur,2013,4,1169.78,26.73,84.91000000000001,4.286666666666666
Camarines Sur,2014,1,315.93,25.209999999999997,78.91000000000001,5.3500000000000005
Camarines Sur,2014,2,260.56,29.093333333333334,73.99666666666667,3.2433333333333336
Camarines Sur,2014,3,944.84,27.53333333333333,83.87333333333333,3.8333333333333335
Camarines Sur,2014,4,1295.94,26.62,85.72333333333334,4.573333333333333
Camarines Sur,2015,1,494.77,25.22666666666667,79.53333333333333,5.093333333333334
Camarines Sur,2015,2,328.5,28.986666666666668,72.30333333333334,3.0399999999999996
Camarines Sur,2015,3,500.18,28.02,81.16666666666667,3.706666666666667
Camarines Sur,2015,4,955.1,27.166666666666668,82.52333333333333,4.69
Camarines Sur,2016,1,567.15,26.11,81.24333333333334,4.3533333333333335
Camarines Sur,2016,2,309.71,29.126666666666665,74.27,3.0233333333333334
Camarines Sur,2016,3,521.95,28.046666666666667,82.39333333333333,3.4066666666666663
Camarines Sur,2016,4,1536.91,26.88,86.03333333333335,4.38
Camarines Sur,2017,1,745.73,25.540000000000003,83.04666666666667,5.22
Camarines Sur,2017,2,432.99,28.53,77.69,2.8000000000000003
Camarines Sur,2017,3,914.89,27.92,82.7,2.9966666666666666
Camarines Sur,2017,4,1558.23,27.150000000000002,85.50999999999999,4.4366666666666665
Camarines Sur,2018,1,952.9300000000001,25.97,83.72333333333334,4.816666666666666
Camarines Sur,2018,2,461.58000000000004,28.179999999999996,79.33,3.5066666666666664
Camarines Sur,2018,3,629.36,27.50333333333333,84.95,4.183333333333334
Camarines Sur,2018,4,1149.0900000000001,26.963333333333335,82.33,4.616666666666666
Camarines Sur,2019,1,171.09,25.843333333333334,74.79333333333334,4.7299999999999995
Camarines Sur,2019,2,363.94,29.63,71.01333333333334,3.14
Camarines Sur,2019,3,661.03,27.77,83.56333333333333,4.196666666666666
Camarines Sur,2019,4,874.9599999999999,27.046666666666667,83.42666666666666,4.203333333333333
Camarines Sur,2020,1,1067.32,25.97,80.38,4.8
Camarines Sur,2020,2,917.34,28.709999999999997,77.29666666666667,3.2366666666666664
Camarines Sur,2020,3,608.7,28.046666666666667,81.53,2.4966666666666666
Camarines Sur,2020,4,1869.96,27.16,85.89,4.066666666666666
Camarines Sur,2021,1,1064.82,26.05333333333333,84.01666666666667,4.956666666666667
Camarines Sur,2021,2,391.48,28.05,79.83333333333333,3.483333333333333
Camarines Sur,2021,3,762.72,27.96666666666667,82.83333333333333,3.4299999999999997
Camarines Sur,2021,4,1071.4299999999998,26.913333333333338,85.23,4.723333333333334
Camarines Sur,2022,1,586.47,26.123333333333335,82.92,4.526666666666666
Camarines Sur,2022,2,710.01,27.893333333333334,80.99333333333334,3.0766666666666667
Camarines Sur,2022,3,715.35,27.876666666666665,83.23333333333333,2.8233333333333337
Camarines Sur,2022,4,1257.96,27.116666666666664,85.62666666666667,4.286666666666666
Camarines Sur,2023,1,1119.34,25.709999999999997,84.05666666666666,5.326666666666667
Camarines Sur,2023,2,430.25,28.616666666666664,78.16333333333334,3.206666666666667
Camarines Sur,2023,3,537.48,28.423333333333332,82.81666666666666,3.9033333333333338
Camarines Sur,2023,4,1274.45,27.513333333333335,84.75666666666666,4.04
Camarines Sur,2024,1,457.44000000000005,26.223333333333333,79.63,4.8500000000000005
Camarines Sur,2024,2,339.94,29.746666666666666,72.49333333333334,3.4333333333333336
Camarines Sur,2024,3,877.95,28.313333333333333,84.03666666666668,3.436666666666667
Camarines Sur,2024,4,1721.97,27.536666666666665,85.66000000000001,4.32
Camarines Sur,2025,1,1335.54,26.356666666666666,84.74,4.716666666666667
Camarines Sur,2025,2,484.96000000000004,28.5,79.23333333333333,2.9466666666666668
Camarines Sur,2025,3,933.9,27.636666666666667,84.58,3.736666666666667
Camarines Sur,2025,4,1417.8,27.263333333333332,85.87666666666667,4.16
Camiguin,2000,1,538.52,25.666666666666668,85.86333333333334,3.4766666666666666
Camiguin,2000,2,468.36,26.746666666666666,82.53333333333335,2.4466666666666668
Camiguin,2000,3,484.72,26.50333333333333,82.37,2.5866666666666664
Camiguin,2000,4,692.29,26.12,86.38,2.8733333333333335
Camiguin,2001,1,443.82,25.75,84.99333333333333,3.33
Camiguin,2001,2,496.05,26.786666666666665,82.59333333333333,2.61
Camiguin,2001,3,443.15000000000003,26.53333333333333,83.77,2.7099999999999995
Camiguin,2001,4,933.76,26.116666666666664,85.95666666666666,3.186666666666667
Camiguin,2002,1,516.38,24.99666666666667,85.65666666666668,3.85
Camiguin,2002,2,517.37,26.756666666666664,82.11333333333333,2.4566666666666666
Camiguin,2002,3,550.76,26.25666666666667,84.51,3.17
Camiguin,2002,4,422.61,26.28,84.26666666666667,2.733333333333333
Camiguin,2003,1,435.97,25.27,85.77,3.9499999999999997
Camiguin,2003,2,454.8,26.916666666666668,81.19666666666667,2.61
Camiguin,2003,3,755.11,26.21666666666667,85.14333333333333,2.5500000000000003
Camiguin,2003,4,854.61,25.99,85.95,2.986666666666667
Camiguin,2004,1,491.38,25.513333333333332,86.80333333333334,3.223333333333333
Camiguin,2004,2,431.87,26.673333333333332,82.82,2.94
Camiguin,2004,3,343.15,26.459999999999997,82.82333333333334,2.513333333333333
Camiguin,2004,4,353.91,26.31,84.34333333333333,3.0966666666666662
Camiguin,2005,1,324.82,25.373333333333335,83.24000000000001,3.736666666666667
Camiguin,2005,2,328.96999999999997,27.236666666666668,78.79666666666667,2.4533333333333336
Camiguin,2005,3,625.78,26.55,83.60666666666667,2.8333333333333335
Camiguin,2005,4,790.43,26.376666666666665,85.48,2.823333333333333
Camiguin,2006,1,760.33,25.55,86.72333333333334,3.6366666666666667
Camiguin,2006,2,438.51,26.673333333333332,81.64,2.6599999999999997
Camiguin,2006,3,435.65999999999997,26.373333333333335,83.42666666666666,3.033333333333333
Camiguin,2006,4,431.3,26.33,84.52,3.0933333333333333
Camiguin,2007,1,528.77,25.336666666666662,85.82666666666667,3.7533333333333334
Camiguin,2007,2,469.64,26.95,82.07666666666667,2.526666666666667
Camiguin,2007,3,526.64,26.689999999999998,82.14,2.53
Camiguin,2007,4,728.9100000000001,26.099999999999998,86.45333333333333,2.873333333333333
Camiguin,2008,1,873.53,25.51,86.54333333333334,3.3633333333333333
Camiguin,2008,2,566.27,26.393333333333334,83.77,2.6766666666666663
Camiguin,2008,3,624.54,26.223333333333333,82.75,2.2133333333333334
Camiguin,2008,4,715.62,26.363333333333333,85.08333333333333,2.813333333333333
Camiguin,2009,1,917.64,25.613333333333333,86.50333333333333,3.36
Camiguin,2009,2,551.28,26.560000000000002,82.97666666666667,2.493333333333333
Camiguin,2009,3,443.18,26.506666666666664,83.62333333333333,3.106666666666667
Camiguin,2009,4,591.02,26.03333333333333,85.13,2.9133333333333336
Camiguin,2010,1,500.38,25.27,84.94,3.64
Camiguin,2010,2,350.53999999999996,27.290000000000003,80.03333333333333,2.6366666666666667
Camiguin,2010,3,615.5899999999999,26.930000000000003,79.44333333333333,2.03
Camiguin,2010,4,577.8299999999999,26.429999999999996,83.08666666666666,2.4133333333333336
Camiguin,2011,1,1498.1599999999999,25.42,87.89666666666666,3.1833333333333336
Camiguin,2011,2,587.25,26.290000000000003,83.87,2.5833333333333335
Camiguin,2011,3,625.58,26.26,83.34666666666668,2.7066666666666666
Camiguin,2011,4,860.75,26.286666666666665,84.46333333333332,2.66
Camiguin,2012,1,730.39,25.566666666666666,86.36,3.233333333333333
Camiguin,2012,2,490.45000000000005,26.75333333333333,80.72333333333334,2.453333333333333
Camiguin,2012,3,627.45,26.403333333333336,82.36333333333333,2.703333333333333
Camiguin,2012,4,701.5699999999999,26.093333333333334,85.41000000000001,3.2266666666666666
Camiguin,2013,1,843.5799999999999,25.55333333333333,86.8,3.473333333333333
Camiguin,2013,2,518.03,26.996666666666666,81.04333333333334,2.263333333333333
Camiguin,2013,3,602.88,26.526666666666667,81.50666666666666,2.41
Camiguin,2013,4,635.61,26.19666666666667,85.04666666666667,3.0433333333333334
Camiguin,2014,1,987.3199999999999,25.02333333333333,86.60666666666667,3.8000000000000003
Camiguin,2014,2,364.03999999999996,27.02,82.20666666666666,2.283333333333333
Camiguin,2014,3,623.72,26.49,82.35000000000001,2.4933333333333336
Camiguin,2014,4,802.19,26.293333333333333,85.03,2.89
Camiguin,2015,1,434.29999999999995,25.016666666666666,84.26,3.533333333333333
Camiguin,2015,2,338.61,27.073333333333334,78.41666666666667,2.373333333333333
Camiguin,2015,3,535.76,26.84,80.96,2.29
Camiguin,2015,4,584.17,26.473333333333333,84.03,2.9899999999999998
Camiguin,2016,1,170.12,25.570000000000004,83.18666666666667,3.5500000000000003
Camiguin,2016,2,519.96,27.45,79.04666666666667,2.5366666666666666
Camiguin,2016,3,677.85,26.91,81.01,2.3866666666666667
Camiguin,2016,4,894.5,26.346666666666664,84.80333333333334,2.6199999999999997
Camiguin,2017,1,1122.1399999999999,25.253333333333334,87.63666666666667,3.4566666666666666
Camiguin,2017,2,668.02,27.036666666666665,82.14666666666666,2.1533333333333333
Camiguin,2017,3,680.26,26.903333333333336,81.08999999999999,2.0833333333333335
Camiguin,2017,4,877.0699999999999,26.603333333333335,84.28000000000002,2.8699999999999997
Camiguin,2018,1,838.0,25.83666666666667,85.55333333333333,3.0833333333333335
Camiguin,2018,2,448.42999999999995,27.02,81.19666666666666,2.36
Camiguin,2018,3,551.4100000000001,26.793333333333333,81.68333333333334,2.9
Camiguin,2018,4,598.3599999999999,26.436666666666667,84.54666666666667,2.893333333333333
Camiguin,2019,1,386.9,24.863333333333333,83.83666666666666,3.643333333333333
Camiguin,2019,2,317.1,27.366666666666664,79.49333333333334,2.4533333333333336
Camiguin,2019,3,453.17,27.040000000000003,79.85000000000001,2.5866666666666664
Camiguin,2019,4,470.57,26.74333333333333,82.64,2.67
Camiguin,2020,1,296.07000000000005,25.680000000000003,83.73333333333333,3.6633333333333336
Camiguin,2020,2,475.48,27.41,79.62333333333333,2.5966666666666667
Camiguin,2020,3,732.47,27.08666666666667,80.26666666666667,1.9066666666666665
Camiguin,2020,4,1229.35,26.626666666666665,84.15333333333334,2.48
Camiguin,2021,1,815.09,25.913333333333338,85.61666666666667,3.033333333333333
Camiguin,2021,2,700.61,26.849999999999998,82.39666666666666,2.3466666666666667
Camiguin,2021,3,613.93,27.12,80.31,2.1366666666666667
Camiguin,2021,4,1103.09,26.616666666666664,84.57666666666667,2.8000000000000003
Camiguin,2022,1,657.91,25.703333333333333,86.42666666666666,3.31
Camiguin,2022,2,797.88,26.663333333333338,83.19333333333334,2.3533333333333335
Camiguin,2022,3,678.29,26.853333333333335,81.93333333333332,1.9100000000000001
Camiguin,2022,4,934.23,26.52333333333333,84.66333333333334,2.63
Camiguin,2023,1,1080.29,25.570000000000004,87.70333333333333,3.2866666666666666
Camiguin,2023,2,514.96,27.08666666666667,80.93,2.2133333333333334
Camiguin,2023,3,632.86,27.186666666666667,81.66333333333334,2.7133333333333334
Camiguin,2023,4,674.81,26.953333333333333,84.13666666666667,2.643333333333333
Camiguin,2024,1,417.47,25.683333333333334,85.53333333333335,3.6733333333333333
Camiguin,2024,2,350.19,27.590000000000003,80.33,2.6033333333333335
Camiguin,2024,3,575.22,27.423333333333332,81.16,2.236666666666667
Camiguin,2024,4,700.37,27.106666666666666,84.23333333333333,2.8166666666666664
Camiguin,2025,1,687.0,26.176666666666666,86.90666666666668,3.186666666666667
Camiguin,2025,2,655.0799999999999,27.10666666666667,83.21666666666667,2.473333333333333
Camiguin,2025,3,659.4200000000001,26.94666666666667,81.61333333333333,2.473333333333333
Camiguin,2025,4,849.24,26.916666666666668,84.60666666666667,2.52
Capiz,2000,1,372.94,25.46666666666667,87.88333333333333,2.9066666666666663
Capiz,2000,2,623.47,27.099999999999998,83.73,1.8566666666666667
Capiz,2000,3,721.44,26.17,87.66666666666667,2.1
Capiz,2000,4,1189.0900000000001,26.083333333333332,89.62333333333333,2.3866666666666667
Capiz,2001,1,395.49,25.703333333333333,86.56333333333333,2.8633333333333333
Capiz,2001,2,574.3,27.583333333333332,80.42999999999999,1.95
Capiz,2001,3,542.78,26.276666666666667,87.68666666666667,2.2133333333333334
Capiz,2001,4,907.66,25.636666666666667,89.02333333333333,2.77
Capiz,2002,1,102.36,25.456666666666667,79.37666666666667,3.3000000000000003
Capiz,2002,2,291.06,28.27333333333333,74.74666666666667,2.1233333333333335
Capiz,2002,3,928.65,26.19666666666667,88.10666666666667,2.316666666666667
Capiz,2002,4,443.65999999999997,26.11,87.55,2.3033333333333332
Capiz,2003,1,85.56,25.959999999999997,76.98666666666666,3.3166666666666664
Capiz,2003,2,397.8,28.093333333333334,75.41000000000001,2.1933333333333334
Capiz,2003,3,920.99,26.34,87.85333333333334,1.8800000000000001
Capiz,2003,4,611.5500000000001,25.8,86.79333333333334,2.6666666666666665
Capiz,2004,1,128.96,26.263333333333332,79.74333333333333,2.9166666666666665
Capiz,2004,2,644.21,27.546666666666667,80.66000000000001,2.4466666666666668
Capiz,2004,3,641.59,26.233333333333334,86.80333333333333,2.07
Capiz,2004,4,514.31,25.97,86.74000000000001,2.5399999999999996
Capiz,2005,1,106.48,26.006666666666664,76.77666666666666,3.06
Capiz,2005,2,328.29,28.23,75.24333333333333,1.9799999999999998
Capiz,2005,3,937.58,26.366666666666664,88.45666666666666,2.013333333333333
Capiz,2005,4,716.9000000000001,26.083333333333332,89.46666666666665,2.3933333333333335
Capiz,2006,1,262.27,25.626666666666665,85.91666666666667,3.0066666666666664
Capiz,2006,2,674.36,27.45,80.39333333333333,2.11
Capiz,2006,3,754.3299999999999,26.24,88.15333333333332,2.1233333333333335
Capiz,2006,4,664.74,26.19666666666667,87.31666666666666,2.4566666666666666
Capiz,2007,1,175.32,25.713333333333335,81.56333333333333,3.063333333333334
Capiz,2007,2,503.16,28.05333333333333,77.52,1.9833333333333334
Capiz,2007,3,1057.56,26.55333333333333,87.40666666666668,1.97
Capiz,2007,4,812.3599999999999,25.893333333333334,89.95,2.5566666666666666
Capiz,2008,1,445.0,25.236666666666665,88.41000000000001,3.016666666666666
Capiz,2008,2,1178.45,26.600000000000005,86.03333333333335,2.0533333333333332
Capiz,2008,3,1052.99,26.183333333333334,87.06333333333333,1.8099999999999998
Capiz,2008,4,887.51,26.186666666666667,89.00333333333333,2.4233333333333333
Capiz,2009,1,243.22,25.593333333333334,85.66333333333334,2.98
Capiz,2009,2,1063.13,26.75,85.79333333333334,2.01
Capiz,2009,3,818.39,26.53,87.32000000000001,2.39
Capiz,2009,4,401.41,25.919999999999998,86.56333333333333,2.6233333333333335
Capiz,2010,1,106.92,26.323333333333334,77.05666666666667,3.063333333333333
Capiz,2010,2,280.75,29.05333333333333,71.38666666666667,2.063333333333333
Capiz,2010,3,1090.06,26.823333333333334,84.60000000000001,1.4566666666666668
Capiz,2010,4,865.2,26.19333333333333,89.31666666666666,2.0733333333333337
Capiz,2011,1,459.98,25.116666666666664,88.15666666666668,3.19
Capiz,2011,2,606.0600000000001,26.653333333333336,84.37,2.0500000000000003
Capiz,2011,3,909.24,26.313333333333333,87.75333333333333,2.24
Capiz,2011,4,986.1600000000001,26.21666666666667,88.40333333333332,2.2733333333333334
Capiz,2012,1,482.62,25.61,87.65666666666668,2.8800000000000003
Capiz,2012,2,504.07,27.090000000000003,83.3,1.9266666666666665
Capiz,2012,3,1110.03,26.28,87.40666666666668,2.3133333333333335
Capiz,2012,4,486.25,26.17,86.74333333333334,2.5966666666666667
Capiz,2013,1,348.36,25.736666666666668,84.86,3.1
Capiz,2013,2,655.4200000000001,28.19333333333333,77.96333333333332,1.8366666666666667
Capiz,2013,3,1132.62,26.423333333333332,87.20333333333333,1.9866666666666666
Capiz,2013,4,685.2,26.173333333333336,88.13,2.6199999999999997
Capiz,2014,1,240.8,24.926666666666666,83.12333333333333,3.23
Capiz,2014,2,499.77,28.006666666666664,79.24666666666667,2.0033333333333334
Capiz,2014,3,989.6800000000001,26.406666666666666,86.92,2.0966666666666667
Capiz,2014,4,769.85,26.126666666666665,88.69333333333334,2.6366666666666667
Capiz,2015,1,141.25,25.33666666666667,80.89666666666666,3.0500000000000003
Capiz,2015,2,283.18,28.606666666666666,73.0,1.9566666666666668
Capiz,2015,3,972.9000000000001,26.74,86.39666666666666,2.06
Capiz,2015,4,500.65999999999997,26.583333333333332,85.83333333333333,2.6833333333333336
Capiz,2016,1,155.0,26.513333333333335,78.83666666666666,2.953333333333333
Capiz,2016,2,421.9,28.76,75.11,1.9799999999999998
Capiz,2016,3,870.41,26.893333333333334,86.45,1.9933333333333334
Capiz,2016,4,982.36,26.28,88.82666666666667,2.34
Capiz,2017,1,352.52,25.383333333333336,85.57333333333334,3.15
Capiz,2017,2,664.44,28.006666666666664,79.89666666666666,1.763333333333333
Capiz,2017,3,1164.19,26.956666666666667,85.94333333333333,1.7433333333333334
Capiz,2017,4,1049.98,26.55333333333333,88.29333333333334,2.47
Capiz,2018,1,489.41,25.683333333333334,87.03666666666668,2.8633333333333333
Capiz,2018,2,603.24,27.55333333333333,81.89,2.1166666666666667
Capiz,2018,3,1001.8699999999999,26.42,88.41333333333334,2.3833333333333333
Capiz,2018,4,524.01,26.456666666666667,86.09666666666665,2.63
Capiz,2019,1,119.33,25.52,78.42333333333333,3.11
Capiz,2019,2,370.91,28.59,76.06333333333333,1.9633333333333336
Capiz,2019,3,1079.01,26.703333333333333,87.25999999999999,2.263333333333333
Capiz,2019,4,977.45,26.459999999999997,86.93666666666667,2.36
Capiz,2020,1,188.85,26.043333333333333,81.26333333333334,3.0566666666666666
Capiz,2020,2,1387.76,28.603333333333335,76.48333333333333,2.0766666666666667
Capiz,2020,3,986.64,27.23,84.54,1.5166666666666666
Capiz,2020,4,1722.8600000000001,26.513333333333335,89.05666666666667,2.2733333333333334
Capiz,2021,1,463.65000000000003,25.73,87.48666666666666,2.8466666666666662
Capiz,2021,2,402.34999999999997,27.706666666666667,80.84333333333333,2.0033333333333334
Capiz,2021,3,987.5,27.043333333333333,86.02666666666666,1.9433333333333334
Capiz,2021,4,682.64,26.430000000000003,88.45,2.75
Capiz,2022,1,231.66,25.993333333333336,84.88,2.92
Capiz,2022,2,901.33,27.19666666666667,83.78666666666668,1.93
Capiz,2022,3,938.78,26.986666666666668,85.98333333333333,1.6633333333333333
Capiz,2022,4,1010.47,26.49,88.35333333333334,2.43
Capiz,2023,1,507.40999999999997,25.393333333333334,87.91000000000001,3.026666666666667
Capiz,2023,2,440.81,28.01,80.23333333333333,1.8666666666666665
Capiz,2023,3,779.16,27.28333333333333,86.25333333333333,2.2333333333333334
Capiz,2023,4,571.55,26.94666666666667,87.83,2.35
Capiz,2024,1,127.00999999999999,26.55333333333333,78.61333333333333,3.1966666666666668
Capiz,2024,2,326.78000000000003,29.423333333333332,72.75,2.2133333333333334
Capiz,2024,3,1220.05,27.316666666666663,87.35666666666667,2.01
Capiz,2024,4,807.56,27.043333333333333,87.60666666666667,2.296666666666667
Capiz,2025,1,372.9,26.063333333333333,87.91000000000001,2.9033333333333338
Capiz,2025,2,572.92,27.826666666666668,82.0,1.9400000000000002
Capiz,2025,3,1051.21,26.736666666666668,87.34666666666668,2.07
Capiz,2025,4,1070.15,26.666666666666668,89.07333333333334,2.34
Catanduanes,2000,1,1406.25,26.453333333333333,82.81666666666666,6.163333333333334
Catanduanes,2000,2,542.73,28.046666666666667,81.58666666666666,3.9633333333333334
Catanduanes,2000,3,661.4100000000001,27.709999999999997,83.17,4.623333333333334
Catanduanes,2000,4,1814.41,27.63,84.01333333333334,5.8
Catanduanes,2001,1,825.51,26.89,81.64,6.146666666666667
Catanduanes,2001,2,575.41,28.286666666666665,80.67666666666666,3.796666666666667
Catanduanes,2001,3,622.23,27.953333333333333,83.50333333333333,4.566666666666666
Catanduanes,2001,4,1545.27,27.286666666666665,82.14333333333333,6.446666666666666
Catanduanes,2002,1,477.61,25.80666666666667,79.44333333333333,6.476666666666667
Catanduanes,2002,2,346.06,28.236666666666668,78.55,3.9800000000000004
Catanduanes,2002,3,705.61,27.926666666666666,83.01,4.566666666666666
Catanduanes,2002,4,1088.33,27.659999999999997,81.96,5.006666666666667
Catanduanes,2003,1,300.28,25.95,79.11333333333333,6.3133333333333335
Catanduanes,2003,2,502.21000000000004,28.376666666666665,78.34666666666666,4.433333333333334
Catanduanes,2003,3,717.7,27.876666666666665,83.48333333333333,3.966666666666667
Catanduanes,2003,4,1013.52,27.146666666666665,81.43,6.156666666666666
Catanduanes,2004,1,726.62,26.223333333333333,82.17333333333333,5.69
Catanduanes,2004,2,641.53,27.883333333333336,81.99,5.033333333333333
Catanduanes,2004,3,613.69,27.7,83.28,4.26
Catanduanes,2004,4,1483.3700000000001,26.983333333333334,84.35000000000001,5.8
Catanduanes,2005,1,413.76,26.046666666666667,79.10000000000001,5.663333333333333
Catanduanes,2005,2,320.24,28.146666666666665,78.90666666666668,3.8800000000000003
Catanduanes,2005,3,957.26,28.046666666666667,83.82666666666667,4.223333333333334
Catanduanes,2005,4,2013.49,27.53,83.72666666666667,5.359999999999999
Catanduanes,2006,1,935.87,26.53333333333333,81.81,6.166666666666667
Catanduanes,2006,2,479.70000000000005,28.136666666666667,79.82666666666667,4.27
Catanduanes,2006,3,861.94,27.99,83.25333333333334,4.46
Catanduanes,2006,4,1113.08,27.566666666666666,82.34333333333333,5.43
Catanduanes,2007,1,448.24,26.573333333333334,78.47333333333334,6.046666666666667
Catanduanes,2007,2,416.28,28.326666666666668,78.91333333333334,3.783333333333333
Catanduanes,2007,3,770.36,28.22666666666667,82.28666666666668,4.05
Catanduanes,2007,4,2210.19,27.37,84.62333333333333,6.373333333333334
Catanduanes,2008,1,1723.54,26.566666666666666,81.97333333333334,6.47
Catanduanes,2008,2,833.13,27.776666666666667,82.73333333333333,4.323333333333333
Catanduanes,2008,3,799.9100000000001,27.78,82.83666666666666,4.066666666666666
Catanduanes,2008,4,1697.55,27.746666666666666,83.36999999999999,5.62
Catanduanes,2009,1,1226.09,26.573333333333334,82.32666666666667,6.263333333333333
Catanduanes,2009,2,1246.38,27.849999999999998,82.95,4.34
Catanduanes,2009,3,785.79,28.22666666666667,82.64999999999999,4.633333333333334
Catanduanes,2009,4,865.13,27.24333333333333,81.34333333333332,5.913333333333334
Catanduanes,2010,1,391.58,26.293333333333333,79.94666666666666,5.646666666666667
Catanduanes,2010,2,299.94,28.69333333333333,77.96333333333332,3.9433333333333334
Catanduanes,2010,3,1020.4300000000001,28.179999999999996,81.39333333333333,3.6833333333333336
Catanduanes,2010,4,2000.0500000000002,27.790000000000003,83.41000000000001,5.046666666666667
Catanduanes,2011,1,1594.41,26.183333333333334,82.39999999999999,7.093333333333334
Catanduanes,2011,2,991.3,27.5,83.00666666666666,4.83
Catanduanes,2011,3,1046.47,28.086666666666662,82.99666666666667,4.8966666666666665
Catanduanes,2011,4,1752.78,27.733333333333334,83.46333333333332,5.44
Catanduanes,2012,1,1233.3000000000002,26.87,81.66333333333334,6.419999999999999
Catanduanes,2012,2,485.95,28.47,79.78,3.9233333333333333
Catanduanes,2012,3,995.8,28.063333333333333,82.91333333333334,4.876666666666666
Catanduanes,2012,4,987.07,27.616666666666664,81.11666666666666,5.573333333333333
Catanduanes,2013,1,864.79,26.636666666666667,81.32666666666667,6.609999999999999
Catanduanes,2013,2,546.4399999999999,28.603333333333335,79.79333333333334,3.7933333333333334
Catanduanes,2013,3,1020.38,27.98,83.20333333333333,4.3566666666666665
Catanduanes,2013,4,1398.23,27.570000000000004,82.47333333333333,5.8566666666666665
Catanduanes,2014,1,613.59,25.72666666666667,79.54,6.586666666666666
Catanduanes,2014,2,359.08,28.703333333333333,79.03,4.073333333333333
Catanduanes,2014,3,1033.02,28.189999999999998,82.44333333333334,4.64
Catanduanes,2014,4,1499.58,27.47,83.65333333333332,5.826666666666667
Catanduanes,2015,1,608.9,25.853333333333335,79.21666666666667,6.373333333333334
Catanduanes,2015,2,349.55,28.236666666666668,78.58666666666666,4.183333333333334
Catanduanes,2015,3,468.52,28.540000000000003,80.27666666666666,4.263333333333333
Catanduanes,2015,4,855.26,27.983333333333334,80.57333333333334,6.046666666666667
Catanduanes,2016,1,381.4,26.52333333333333,80.62333333333333,5.553333333333334
Catanduanes,2016,2,329.42,28.863333333333333,78.42,4.226666666666667
Catanduanes,2016,3,595.34,28.689999999999998,81.42,4.306666666666667
Catanduanes,2016,4,1743.01,27.723333333333333,83.66333333333334,5.760000000000001
Catanduanes,2017,1,1055.04,26.22666666666667,81.98666666666666,6.726666666666667
Catanduanes,2017,2,359.89,28.506666666666664,80.07,3.94
Catanduanes,2017,3,897.61,28.606666666666666,80.70666666666666,3.7066666666666666
Catanduanes,2017,4,1635.76,28.026666666666667,83.39,5.890000000000001
Catanduanes,2018,1,1373.46,26.80333333333333,82.27,6.239999999999999
Catanduanes,2018,2,519.06,28.386666666666667,80.80333333333333,4.42
Catanduanes,2018,3,785.25,28.33666666666667,82.45,4.956666666666667
Catanduanes,2018,4,1007.21,27.633333333333336,81.77,5.95
Catanduanes,2019,1,430.84000000000003,26.08666666666667,76.60333333333334,5.82
Catanduanes,2019,2,287.86,28.80666666666667,78.69333333333333,3.9266666666666663
Catanduanes,2019,3,755.9300000000001,28.536666666666665,81.71666666666667,5.036666666666666
Catanduanes,2019,4,1180.35,27.88,81.96333333333332,5.38
Catanduanes,2020,1,614.12,26.583333333333332,79.94666666666667,6.046666666666667
Catanduanes,2020,2,355.76,28.536666666666665,80.21666666666667,4.466666666666667
Catanduanes,2020,3,675.0,28.566666666666666,80.80333333333333,3.453333333333333
Catanduanes,2020,4,2155.27,28.12,83.07333333333334,5.46
Catanduanes,2021,1,1379.8899999999999,26.986666666666668,81.79333333333334,6.3066666666666675
Catanduanes,2021,2,498.12,28.38,80.57666666666667,4.516666666666667
Catanduanes,2021,3,575.54,28.546666666666667,82.15666666666668,4.1066666666666665
Catanduanes,2021,4,1525.21,27.88,82.70333333333333,6.05
Catanduanes,2022,1,871.42,26.78,81.63666666666667,5.896666666666667
Catanduanes,2022,2,641.24,28.28333333333333,81.57333333333334,4.5
Catanduanes,2022,3,769.77,28.47666666666667,81.95666666666666,3.6933333333333334
Catanduanes,2022,4,1411.58,28.093333333333334,83.28333333333335,5.663333333333334
Catanduanes,2023,1,1455.25,26.583333333333332,82.38,6.703333333333333
Catanduanes,2023,2,378.82,28.64,80.46333333333332,4.266666666666667
Catanduanes,2023,3,505.67,29.073333333333334,81.22333333333334,4.666666666666667
Catanduanes,2023,4,1216.92,28.403333333333336,82.49333333333334,5.326666666666667
Catanduanes,2024,1,427.58,26.883333333333336,78.89666666666666,6.226666666666667
Catanduanes,2024,2,307.69,28.986666666666665,79.92999999999999,4.383333333333334
Catanduanes,2024,3,754.3499999999999,28.98,82.34666666666668,4.21
Catanduanes,2024,4,1624.04,28.213333333333335,84.42333333333333,5.756666666666667
Catanduanes,2025,1,1308.17,27.11,82.92333333333333,6.293333333333333
Catanduanes,2025,2,469.41,28.73,80.56333333333333,3.85
Catanduanes,2025,3,1024.1599999999999,28.36,82.76,4.3533333333333335
Catanduanes,2025,4,1652.4299999999998,28.126666666666665,83.88666666666667,5.420000000000001
Cavite,2000,1,160.22,25.98,81.71333333333332,4.59
Cavite,2000,2,526.74,28.266666666666666,78.62,3.14
Cavite,2000,3,1489.3200000000002,26.833333333333332,86.39333333333333,4.233333333333333
Cavite,2000,4,473.13,26.53333333333333,87.11666666666667,4.2700000000000005
Cavite,2001,1,152.47,26.386666666666667,80.39999999999999,4.526666666666667
Cavite,2001,2,573.0799999999999,28.653333333333336,77.18666666666667,3.063333333333334
Cavite,2001,3,850.23,26.796666666666667,87.50666666666666,4.25
Cavite,2001,4,299.91,26.27,83.18333333333334,4.713333333333334
Cavite,2002,1,39.9,26.026666666666667,73.99666666666667,4.69
Cavite,2002,2,357.83,28.863333333333333,73.14,3.3833333333333333
Cavite,2002,3,1493.02,26.983333333333334,86.96666666666665,4.1000000000000005
Cavite,2002,4,261.63,26.766666666666666,84.14666666666666,3.6666666666666665
Cavite,2003,1,36.89,26.316666666666666,72.27666666666667,4.696666666666666
Cavite,2003,2,678.96,28.906666666666666,73.95333333333333,3.6566666666666667
Cavite,2003,3,1264.3799999999999,27.11,85.86666666666667,3.436666666666667
Cavite,2003,4,186.69,26.45,80.47,4.22
Cavite,2004,1,45.120000000000005,26.94666666666667,72.50666666666667,4.086666666666667
Cavite,2004,2,901.27,28.516666666666666,77.36666666666666,3.896666666666667
Cavite,2004,3,967.17,27.026666666666667,85.10333333333334,3.5
Cavite,2004,4,304.76,26.463333333333335,80.71333333333332,4.176666666666667
Cavite,2005,1,44.06,26.55666666666667,72.03666666666668,3.953333333333333
Cavite,2005,2,445.22999999999996,28.97666666666667,72.93333333333334,2.7633333333333336
Cavite,2005,3,1239.02,27.336666666666662,85.68,3.513333333333333
Cavite,2005,4,404.17,26.680000000000003,84.90666666666667,3.856666666666667
Cavite,2006,1,127.03,26.47,78.92,4.173333333333333
Cavite,2006,2,363.93,28.986666666666668,73.10666666666667,3.223333333333333
Cavite,2006,3,1472.84,27.006666666666664,86.84666666666668,3.783333333333333
Cavite,2006,4,347.05,26.72666666666667,83.99333333333333,3.82
Cavite,2007,1,38.769999999999996,26.62,74.69,4.376666666666666
Cavite,2007,2,268.15,29.00333333333333,73.93333333333334,2.966666666666667
Cavite,2007,3,1655.8400000000001,27.473333333333333,84.94,3.5066666666666664
Cavite,2007,4,523.22,26.39,85.49666666666667,4.273333333333333
Cavite,2008,1,131.87,25.97666666666667,80.0,4.613333333333333
Cavite,2008,2,647.98,27.96666666666667,78.89,3.4200000000000004
Cavite,2008,3,1438.69,26.959999999999997,85.79666666666667,3.4333333333333336
Cavite,2008,4,423.99,26.56,85.22,3.8666666666666667
Cavite,2009,1,92.67,26.310000000000002,77.92333333333333,4.3566666666666665
Cavite,2009,2,1166.68,27.583333333333332,82.81,3.473333333333333
Cavite,2009,3,1681.44,27.320000000000004,86.62333333333333,4.016666666666667
Cavite,2009,4,284.77,26.42,81.21333333333332,3.8666666666666667
Cavite,2010,1,23.89,27.233333333333334,70.69333333333333,4.2
Cavite,2010,2,260.72,29.743333333333336,70.62333333333333,2.796666666666667
Cavite,2010,3,994.28,27.51,83.48,2.7466666666666666
Cavite,2010,4,577.28,26.63,85.71666666666665,3.5366666666666666
Cavite,2011,1,99.89,25.673333333333332,79.36333333333333,4.723333333333334
Cavite,2011,2,1206.09,28.126666666666665,76.33666666666666,3.373333333333333
Cavite,2011,3,2034.6,27.133333333333336,86.27333333333333,3.8766666666666665
Cavite,2011,4,557.8,26.623333333333335,85.88666666666667,3.7433333333333336
Cavite,2012,1,178.56,26.30333333333333,80.77999999999999,4.22
Cavite,2012,2,772.43,28.39,78.39999999999999,3.2566666666666664
Cavite,2012,3,2540.17,27.016666666666666,86.58999999999999,3.78
Cavite,2012,4,346.7,26.86,81.98,3.706666666666667
Cavite,2013,1,162.3,26.689999999999998,75.88333333333333,4.323333333333333
Cavite,2013,2,567.59,29.333333333333332,73.39,2.733333333333333
Cavite,2013,3,2336.8599999999997,27.293333333333333,85.14666666666666,3.4133333333333336
Cavite,2013,4,402.47,26.666666666666668,83.58666666666666,3.563333333333333
Cavite,2014,1,23.45,26.236666666666668,71.59666666666668,4.0200000000000005
Cavite,2014,2,487.65000000000003,29.633333333333336,71.30666666666667,2.796666666666667
Cavite,2014,3,1674.31,27.349999999999998,85.32,3.6
Cavite,2014,4,422.79999999999995,26.599999999999998,83.79333333333334,3.83
Cavite,2015,1,48.93,25.873333333333335,74.16333333333334,4.163333333333333
Cavite,2015,2,241.2,29.563333333333333,69.74,2.986666666666667
Cavite,2015,3,1108.56,27.746666666666666,83.42666666666666,3.3833333333333333
Cavite,2015,4,593.24,27.133333333333336,82.42,4.073333333333333
Cavite,2016,1,77.69,26.813333333333333,76.16666666666667,3.8266666666666667
Cavite,2016,2,383.72,29.590000000000003,72.74,2.8466666666666662
Cavite,2016,3,1224.84,27.633333333333336,85.2,3.5666666666666664
Cavite,2016,4,631.5799999999999,26.820000000000004,85.64666666666666,3.8966666666666665
Cavite,2017,1,128.69,25.96666666666667,79.13666666666667,4.373333333333333
Cavite,2017,2,484.28000000000003,28.983333333333334,75.35666666666667,2.7533333333333334
Cavite,2017,3,1116.52,27.853333333333335,83.25666666666666,3.0700000000000003
Cavite,2017,4,589.81,26.993333333333336,84.83666666666666,3.9
Cavite,2018,1,144.65,26.463333333333335,78.11666666666666,4.0200000000000005
Cavite,2018,2,818.31,29.02333333333333,74.80666666666667,3.4299999999999997
Cavite,2018,3,1446.2800000000002,27.163333333333338,86.77,4.22
Cavite,2018,4,289.36,27.26,79.84333333333333,3.9033333333333338
Cavite,2019,1,35.76,26.633333333333336,72.14666666666666,4.1000000000000005
Cavite,2019,2,543.9,29.516666666666666,73.79666666666667,2.9599999999999995
Cavite,2019,3,1241.4099999999999,27.516666666666666,85.51,4.286666666666666
Cavite,2019,4,402.61,27.060000000000002,82.60333333333334,3.526666666666667
Cavite,2020,1,330.09999999999997,26.263333333333332,77.76333333333334,4.31
Cavite,2020,2,864.5699999999999,28.80666666666667,78.34666666666668,2.8466666666666662
Cavite,2020,3,866.53,28.01,82.43666666666667,2.5766666666666667
Cavite,2020,4,1743.8,26.96666666666667,86.53666666666668,3.7433333333333336
Cavite,2021,1,164.6,26.223333333333333,80.97333333333334,4.22
Cavite,2021,2,327.39,29.05666666666667,73.88666666666667,3.3766666666666665
Cavite,2021,3,1313.06,27.846666666666668,84.38333333333334,3.5033333333333334
Cavite,2021,4,500.40999999999997,26.853333333333335,84.39666666666666,4.11
Cavite,2022,1,114.73,26.956666666666667,76.94666666666666,4.213333333333334
Cavite,2022,2,576.86,28.599999999999998,76.89333333333333,2.9466666666666668
Cavite,2022,3,1384.98,27.66,84.70333333333333,3.0566666666666666
Cavite,2022,4,798.1400000000001,26.956666666666667,85.76333333333332,3.7600000000000002
Cavite,2023,1,144.10999999999999,26.213333333333335,78.21333333333332,4.423333333333333
Cavite,2023,2,540.4399999999999,29.02,76.68666666666667,3.0133333333333336
Cavite,2023,3,1122.53,28.23,83.97,3.813333333333333
Cavite,2023,4,376.51,27.53,83.76333333333334,3.69
Cavite,2024,1,55.96,27.083333333333332,73.92666666666666,4.546666666666667
Cavite,2024,2,428.74,30.25,71.19333333333333,3.0399999999999996
Cavite,2024,3,1464.8400000000001,28.233333333333334,84.19,3.456666666666667
Cavite,2024,4,742.47,27.59,83.60333333333334,3.723333333333333
Cavite,2025,1,148.46,26.833333333333332,79.41000000000001,4.343333333333333
Cavite,2025,2,788.43,29.393333333333334,74.75,3.0400000000000005
Cavite,2025,3,1624.1599999999999,27.51,85.32333333333334,3.8066666666666666
Cavite,2025,4,741.11,27.203333333333333,85.19333333333333,3.51
Cebu,2000,1,400.99,26.12,86.28000000000002,3.8833333333333333
Cebu,2000,2,373.31,27.790000000000003,79.70666666666666,2.6300000000000003
Cebu,2000,3,537.4300000000001,26.900000000000002,83.66000000000001,2.91
Cebu,2000,4,688.36,26.7,87.28000000000002,3.186666666666667
Cebu,2001,1,336.53,26.349999999999998,85.24333333333334,3.8000000000000003
Cebu,2001,2,432.99,27.986666666666668,79.06333333333333,2.8066666666666666
Cebu,2001,3,465.28,27.03,84.08333333333333,2.9633333333333334
Cebu,2001,4,851.87,26.39333333333333,87.38666666666666,3.7100000000000004
Cebu,2002,1,187.07999999999998,25.77333333333333,82.16666666666667,4.526666666666666
Cebu,2002,2,261.86,28.55666666666667,74.94,2.7866666666666666
Cebu,2002,3,572.1800000000001,26.89,84.28333333333333,3.3166666666666664
Cebu,2002,4,399.72,26.790000000000003,85.20333333333333,3.186666666666667
Cebu,2003,1,203.95999999999998,26.136666666666667,81.05666666666666,4.483333333333333
Cebu,2003,2,276.02,28.55333333333333,74.88666666666667,3.0100000000000002
Cebu,2003,3,712.33,26.96666666666667,84.62333333333333,2.6266666666666665
Cebu,2003,4,616.1700000000001,26.453333333333333,86.08999999999999,3.5066666666666664
Cebu,2004,1,193.84,26.273333333333337,84.52666666666666,3.8666666666666667
Cebu,2004,2,387.16999999999996,28.066666666666666,78.62333333333333,3.3633333333333333
Cebu,2004,3,484.11,26.923333333333332,83.70333333333333,2.72
Cebu,2004,4,392.94,26.713333333333335,85.04666666666667,3.47
Cebu,2005,1,132.35,26.53333333333333,77.57666666666667,4.3
Cebu,2005,2,223.6,28.843333333333334,72.87333333333333,2.853333333333333
Cebu,2005,3,669.85,27.08,84.71,2.8766666666666665
Cebu,2005,4,567.84,26.753333333333334,87.13333333333333,3.1799999999999997
Cebu,2006,1,336.0,26.03,86.74333333333334,4.1066666666666665
Cebu,2006,2,455.84,27.919999999999998,78.15666666666668,2.9633333333333334
Cebu,2006,3,531.6700000000001,26.88,84.56,3.14
Cebu,2006,4,442.48,26.833333333333332,85.54,3.27
Cebu,2007,1,224.62,26.176666666666666,82.17999999999999,4.23
Cebu,2007,2,388.33,28.48,75.98,2.8233333333333337
Cebu,2007,3,634.83,27.153333333333336,83.87333333333333,2.7866666666666666
Cebu,2007,4,581.4,26.506666666666664,88.10333333333334,3.3233333333333337
Cebu,2008,1,505.17,25.91,87.47333333333334,3.94
Cebu,2008,2,724.13,27.03,84.24666666666667,2.9233333333333333
Cebu,2008,3,616.62,26.849999999999998,83.19666666666667,2.3833333333333333
Cebu,2008,4,500.12,26.83666666666667,86.44,3.23
Cebu,2009,1,298.89,26.123333333333335,85.91666666666667,3.953333333333333
Cebu,2009,2,502.8,27.46666666666667,81.45,2.8166666666666664
Cebu,2009,3,456.55,27.166666666666668,83.99333333333334,3.346666666666667
Cebu,2009,4,334.42,26.603333333333335,85.52666666666666,3.6566666666666663
Cebu,2010,1,128.82999999999998,26.77333333333333,77.63666666666667,4.173333333333333
Cebu,2010,2,218.76999999999998,29.256666666666664,71.18333333333334,2.9633333333333334
Cebu,2010,3,719.23,27.53,80.53333333333333,2.066666666666667
Cebu,2010,4,674.5,26.863333333333333,85.48333333333333,2.6833333333333336
Cebu,2011,1,746.38,25.8,88.58,4.043333333333334
Cebu,2011,2,463.86,27.040000000000003,83.40333333333334,2.8633333333333333
Cebu,2011,3,744.93,26.886666666666667,84.43666666666667,3.1
Cebu,2011,4,785.76,26.80333333333333,86.05,2.9166666666666665
Cebu,2012,1,566.59,26.136666666666667,86.92,3.7466666666666666
Cebu,2012,2,309.75,27.686666666666667,79.45666666666666,2.6966666666666668
Cebu,2012,3,717.35,26.94666666666667,83.93333333333334,3.2266666666666666
Cebu,2012,4,454.71000000000004,26.676666666666666,85.48333333333333,3.4933333333333336
Cebu,2013,1,356.16999999999996,26.21666666666667,85.33333333333333,4.08
Cebu,2013,2,476.11,28.69333333333333,75.50666666666666,2.57
Cebu,2013,3,718.66,27.103333333333335,83.41333333333334,2.776666666666667
Cebu,2013,4,459.70000000000005,26.790000000000003,85.85666666666667,3.5033333333333334
Cebu,2014,1,428.49,25.486666666666668,85.02,4.516666666666667
Cebu,2014,2,348.84000000000003,28.39,78.28666666666668,2.7300000000000004
Cebu,2014,3,760.21,27.003333333333334,83.8,2.9066666666666667
Cebu,2014,4,715.1500000000001,26.676666666666666,87.33999999999999,3.48
Cebu,2015,1,211.5,25.786666666666665,82.31666666666666,4.003333333333333
Cebu,2015,2,278.29,29.103333333333335,71.05333333333333,2.5833333333333335
Cebu,2015,3,638.74,27.34,83.00666666666666,2.8533333333333335
Cebu,2015,4,337.8,27.169999999999998,84.17,3.516666666666667
Cebu,2016,1,184.28,27.03,77.64999999999999,3.9466666666666668
Cebu,2016,2,372.53000000000003,29.126666666666665,73.61333333333333,2.7900000000000005
Cebu,2016,3,653.16,27.53,82.53666666666668,2.7266666666666666
Cebu,2016,4,790.12,26.916666666666668,86.23333333333333,3.11
Cebu,2017,1,469.14000000000004,25.853333333333335,86.93333333333334,4.213333333333334
Cebu,2017,2,488.55,28.05333333333333,80.32666666666667,2.3166666666666664
Cebu,2017,3,934.87,27.493333333333336,82.62,2.3166666666666664
Cebu,2017,4,702.81,27.203333333333333,85.84333333333335,3.2699999999999996
Cebu,2018,1,616.04,26.366666666666664,86.35000000000001,3.7866666666666666
Cebu,2018,2,372.45,28.09,79.31,2.78
Cebu,2018,3,492.53000000000003,27.30333333333333,83.5,3.456666666666667
Cebu,2018,4,520.98,27.076666666666668,84.63333333333333,3.4166666666666665
Cebu,2019,1,537.36,25.47,82.75,4.043333333333334
Cebu,2019,2,690.9300000000001,28.070000000000004,80.48,2.5566666666666666
Cebu,2019,3,925.75,27.326666666666664,84.27,3.1
Cebu,2019,4,641.38,27.13,84.62,3.0366666666666666
Cebu,2020,1,265.3,26.406666666666666,82.35666666666667,4.086666666666667
Cebu,2020,2,398.59,28.833333333333332,75.29666666666667,2.926666666666667
Cebu,2020,3,740.2,27.77,81.21666666666667,2.09
Cebu,2020,4,1224.04,27.14,86.38333333333333,2.966666666666667
Cebu,2021,1,526.05,26.41,86.64999999999999,3.6966666666666668
Cebu,2021,2,473.45,27.94333333333333,80.08333333333333,2.6466666666666665
Cebu,2021,3,557.99,27.666666666666668,82.24,2.6466666666666665
Cebu,2021,4,726.73,27.03333333333333,86.85666666666667,3.5066666666666664
Cebu,2022,1,351.15999999999997,26.24666666666667,86.57,3.7933333333333334
Cebu,2022,2,705.51,27.44666666666667,83.19666666666667,2.7066666666666666
Cebu,2022,3,772.72,27.580000000000002,82.49333333333333,2.2566666666666664
Cebu,2022,4,703.73,27.09,86.31333333333333,3.123333333333333
Cebu,2023,1,520.0400000000001,26.05,87.82333333333334,3.99
Cebu,2023,2,436.49,28.30666666666667,79.14666666666666,2.4766666666666666
Cebu,2023,3,607.5799999999999,27.823333333333334,83.49000000000001,3.063333333333334
Cebu,2023,4,523.23,27.606666666666666,85.16,2.9966666666666666
Cebu,2024,1,134.49,27.036666666666665,79.09,4.286666666666666
Cebu,2024,2,249.29999999999998,29.7,72.19666666666667,3.0399999999999996
Cebu,2024,3,719.76,27.976666666666663,83.22666666666667,2.6733333333333333
Cebu,2024,4,518.11,27.706666666666667,84.53,3.0533333333333332
Cebu,2025,1,466.98,26.753333333333334,86.82666666666667,3.7900000000000005
Cebu,2025,2,530.13,28.080000000000002,81.27,2.5833333333333335
Cebu,2025,3,765.76,27.400000000000002,83.94,2.8033333333333332
Cebu,2025,4,845.85,27.313333333333333,86.90333333333332,3.01
Cotabato,2000,1,649.49,24.436666666666667,87.17,1.7833333333333332
Cotabato,2000,2,431.25,25.346666666666664,85.64666666666666,1.3033333333333335
Cotabato,2000,3,603.86,24.64,86.55,1.1666666666666667
Cotabato,2000,4,586.52,24.763333333333335,88.59666666666665,1.3833333333333335
Cotabato,2001,1,289.32,24.45,86.59666666666665,1.6266666666666667
Cotabato,2001,2,371.16999999999996,25.38,85.07000000000001,1.3633333333333333
Cotabato,2001,3,487.43,24.87,86.71999999999998,1.2633333333333334
Cotabato,2001,4,405.38,24.87,86.63666666666666,1.3933333333333333
Cotabato,2002,1,289.29,24.603333333333335,82.8,1.9933333333333334
Cotabato,2002,2,432.6,26.159999999999997,80.35666666666667,1.3866666666666667
Cotabato,2002,3,432.84000000000003,25.0,84.45,1.43
Cotabato,2002,4,313.69,25.133333333333336,84.94666666666667,1.3566666666666667
Cotabato,2003,1,395.88,24.98,81.84666666666668,2.0966666666666667
Cotabato,2003,2,549.42,25.986666666666665,81.46666666666667,1.3366666666666667
Cotabato,2003,3,838.8100000000001,24.69333333333333,88.32333333333334,1.1933333333333334
Cotabato,2003,4,763.85,24.896666666666665,88.12333333333333,1.2866666666666666
Cotabato,2004,1,285.92,25.013333333333332,85.03333333333333,1.5933333333333335
Cotabato,2004,2,866.14,25.419999999999998,85.99666666666667,1.3466666666666667
Cotabato,2004,3,864.57,24.706666666666667,87.50999999999999,1.1733333333333333
Cotabato,2004,4,577.35,25.12,87.08,1.3166666666666667
Cotabato,2005,1,211.3,24.52,83.91333333333334,1.7966666666666666
Cotabato,2005,2,533.5699999999999,25.78333333333333,83.3,1.2466666666666666
Cotabato,2005,3,643.58,24.886666666666667,87.60000000000001,1.29
Cotabato,2005,4,681.6,24.933333333333334,87.85000000000001,1.2666666666666666
Cotabato,2006,1,573.76,24.580000000000002,87.23,1.8
Cotabato,2006,2,697.22,25.17,85.82,1.343333333333333
Cotabato,2006,3,620.08,24.560000000000002,87.98,1.2833333333333334
Cotabato,2006,4,487.71999999999997,24.849999999999998,87.59999999999998,1.3966666666666665
Cotabato,2007,1,284.99,24.536666666666665,85.44333333333334,1.8533333333333333
Cotabato,2007,2,482.35,25.74,83.92666666666666,1.33
Cotabato,2007,3,632.24,24.723333333333333,87.12,1.2833333333333334
Cotabato,2007,4,455.75,24.796666666666667,88.03666666666668,1.2666666666666666
Cotabato,2008,1,517.06,24.26,87.11666666666667,1.6933333333333334
Cotabato,2008,2,935.16,24.823333333333334,87.14333333333333,1.3699999999999999
Cotabato,2008,3,686.6800000000001,24.5,87.69333333333333,1.18
Cotabato,2008,4,605.48,24.843333333333334,88.00333333333333,1.2533333333333334
Cotabato,2009,1,494.29999999999995,24.603333333333335,87.32333333333334,1.5
Cotabato,2009,2,761.56,25.0,87.45666666666666,1.2266666666666666
Cotabato,2009,3,827.71,24.736666666666668,88.38666666666667,1.38
Cotabato,2009,4,381.65,24.77333333333333,86.61333333333334,1.3133333333333332
Cotabato,2010,1,259.07,24.606666666666666,83.58666666666666,1.8266666666666669
Cotabato,2010,2,538.39,25.956666666666667,83.11333333333333,1.4400000000000002
Cotabato,2010,3,783.5,25.09,85.13,1.1233333333333333
Cotabato,2010,4,609.85,24.886666666666667,86.44,1.1666666666666667
Cotabato,2011,1,556.0699999999999,24.323333333333334,87.87,1.3866666666666667
Cotabato,2011,2,680.12,25.026666666666667,87.10666666666667,1.1966666666666665
Cotabato,2011,3,773.72,24.44666666666667,87.85000000000001,1.1866666666666665
Cotabato,2011,4,529.57,24.75,87.20666666666666,1.24
Cotabato,2012,1,413.59999999999997,24.393333333333334,86.67,1.57
Cotabato,2012,2,605.9300000000001,25.05333333333333,85.69666666666667,1.11
Cotabato,2012,3,736.4300000000001,24.53,87.42333333333333,1.1333333333333335
Cotabato,2012,4,503.25,24.72,87.24333333333334,1.5099999999999998
Cotabato,2013,1,544.13,24.706666666666667,86.69,1.64
Cotabato,2013,2,514.49,25.543333333333333,85.15666666666667,1.0933333333333335
Cotabato,2013,3,558.13,24.69666666666667,86.37666666666667,1.0266666666666666
Cotabato,2013,4,575.66,24.673333333333332,87.14333333333333,1.3533333333333335
Cotabato,2014,1,434.48,24.366666666666664,85.58,1.6766666666666667
Cotabato,2014,2,387.71,25.84,84.15666666666667,1.0166666666666666
Cotabato,2014,3,548.74,24.833333333333332,85.57333333333334,1.0533333333333332
Cotabato,2014,4,559.77,25.083333333333332,86.42666666666668,1.1833333333333333
Cotabato,2015,1,224.72,24.44333333333333,83.24333333333334,1.7533333333333332
Cotabato,2015,2,404.18,26.040000000000003,81.29666666666667,1.1500000000000001
Cotabato,2015,3,497.74,25.22,83.89,1.1566666666666665
Cotabato,2015,4,372.06,25.25,84.63666666666667,1.3766666666666667
Cotabato,2016,1,90.12,26.30333333333333,72.42666666666666,2.1166666666666667
Cotabato,2016,2,471.53,27.143333333333334,76.24333333333334,1.3866666666666667
Cotabato,2016,3,541.03,25.30666666666667,84.40333333333334,1.05
Cotabato,2016,4,664.94,25.133333333333336,86.51666666666667,1.0733333333333335
Cotabato,2017,1,588.5899999999999,24.433333333333334,87.08,1.6300000000000001
Cotabato,2017,2,657.89,25.673333333333332,85.33333333333333,1.0666666666666667
Cotabato,2017,3,644.17,25.05333333333333,86.45333333333333,0.9500000000000001
Cotabato,2017,4,643.37,25.01666666666667,87.45333333333333,1.2666666666666666
Cotabato,2018,1,248.59,24.810000000000002,85.50333333333333,1.3233333333333333
Cotabato,2018,2,543.0,25.75,84.49666666666667,1.0266666666666666
Cotabato,2018,3,627.6600000000001,24.820000000000004,86.38666666666666,1.1433333333333333
Cotabato,2018,4,397.94,25.26,85.55666666666667,1.2266666666666668
Cotabato,2019,1,207.76999999999998,24.540000000000003,81.23,1.8833333333333335
Cotabato,2019,2,539.56,26.436666666666667,81.01666666666667,1.1566666666666665
Cotabato,2019,3,511.55,25.03333333333333,85.02,1.1133333333333333
Cotabato,2019,4,463.53,25.333333333333332,84.93666666666667,1.0533333333333335
Cotabato,2020,1,181.43,25.563333333333333,78.99666666666667,1.97
Cotabato,2020,2,763.0,26.939999999999998,77.15333333333334,1.3166666666666667
Cotabato,2020,3,541.03,25.41,84.61333333333333,1.0
Cotabato,2020,4,640.4,25.176666666666666,86.53333333333335,1.0366666666666666
Cotabato,2021,1,571.71,24.766666666666666,86.31333333333333,1.37
Cotabato,2021,2,765.78,25.439999999999998,85.99666666666667,1.11
Cotabato,2021,3,832.66,25.286666666666665,85.73666666666668,0.9666666666666667
Cotabato,2021,4,528.07,25.183333333333334,86.48,1.1866666666666668
Cotabato,2022,1,329.99,24.766666666666666,85.67,1.5533333333333335
Cotabato,2022,2,706.9,25.433333333333334,85.85000000000001,1.2133333333333332
Cotabato,2022,3,521.8100000000001,25.25,85.77666666666666,0.9633333333333334
Cotabato,2022,4,539.96,25.03333333333333,87.13333333333333,1.16
Cotabato,2023,1,403.89,24.69333333333333,86.68666666666667,1.4100000000000001
Cotabato,2023,2,583.94,25.84,84.74,0.9233333333333333
Cotabato,2023,3,566.8199999999999,25.323333333333334,86.25333333333333,1.12
Cotabato,2023,4,354.03,25.736666666666665,85.55666666666667,1.1500000000000001
Cotabato,2024,1,361.27,25.176666666666666,83.59333333333333,1.9866666666666666
Cotabato,2024,2,420.52,27.016666666666666,78.80000000000001,1.3833333333333335
Cotabato,2024,3,635.62,25.689999999999998,85.83,1.0933333333333335
Cotabato,2024,4,515.14,25.84,85.85666666666667,1.1866666666666665
Cotabato,2025,1,385.75,25.143333333333334,86.37,1.4800000000000002
Cotabato,2025,2,603.58,25.766666666666666,85.85000000000001,1.2066666666666668
Cotabato,2025,3,644.9,25.09,86.82000000000001,1.1066666666666667
Cotabato,2025,4,387.75,25.55666666666667,86.33333333333333,1.0833333333333333
Davao Occidental,2000,1,813.9200000000001,24.7,88.55666666666667,3.89
Davao Occidental,2000,2,400.98,25.233333333333334,86.70333333333333,2.6966666666666668
Davao Occidental,2000,3,550.8,24.823333333333334,86.96666666666665,2.85
Davao Occidental,2000,4,690.8299999999999,25.24333333333333,87.12,2.856666666666667
Davao Occidental,2001,1,488.07,24.95,87.14333333333333,3.6566666666666663
Davao Occidental,2001,2,332.47,25.55,85.78666666666668,2.9899999999999998
Davao Occidental,2001,3,497.83,24.96666666666667,87.87666666666667,3.233333333333333
Davao Occidental,2001,4,459.24,25.310000000000002,86.44666666666667,3.0533333333333332
Davao Occidental,2002,1,450.12,24.689999999999998,86.06666666666666,4.31
Davao Occidental,2002,2,523.03,25.646666666666665,85.04666666666667,3.043333333333333
Davao Occidental,2002,3,410.77,25.113333333333333,86.73666666666666,3.703333333333333
Davao Occidental,2002,4,369.15,25.48,85.33333333333333,2.8833333333333333
Davao Occidental,2003,1,480.16,24.790000000000003,86.75,4.37
Davao Occidental,2003,2,451.78000000000003,25.473333333333333,85.39999999999999,2.9633333333333334
Davao Occidental,2003,3,564.26,24.883333333333336,88.40666666666668,3.06
Davao Occidental,2003,4,678.26,25.30333333333333,86.86,2.8266666666666667
Davao Occidental,2004,1,407.01,25.223333333333333,85.97666666666667,3.5
Davao Occidental,2004,2,599.86,25.53333333333333,86.74666666666667,3.2133333333333334
Davao Occidental,2004,3,566.97,24.673333333333332,88.13333333333333,3.15
Davao Occidental,2004,4,530.24,25.49,85.98,2.9299999999999997
Davao Occidental,2005,1,283.07,24.923333333333332,84.58,4.213333333333334
Davao Occidental,2005,2,476.62,25.53,85.05333333333334,2.81
Davao Occidental,2005,3,546.8,25.14,87.96,3.26
Davao Occidental,2005,4,619.96,25.206666666666667,87.43,2.5666666666666664
Davao Occidental,2006,1,694.46,24.843333333333334,88.25,4.06
Davao Occidental,2006,2,622.03,25.30666666666667,86.19333333333334,2.93
Davao Occidental,2006,3,516.7,24.846666666666668,88.13666666666666,3.526666666666667
Davao Occidental,2006,4,472.74,25.336666666666662,86.67666666666666,3.263333333333333
Davao Occidental,2007,1,327.55,25.00333333333333,86.28666666666668,4.19
Davao Occidental,2007,2,409.0,25.636666666666667,84.99333333333334,2.7466666666666666
Davao Occidental,2007,3,474.43,24.893333333333334,88.02,3.1300000000000003
Davao Occidental,2007,4,396.24,25.30666666666667,86.84666666666665,2.98
Davao Occidental,2008,1,480.29,24.876666666666665,86.96666666666665,3.8000000000000003
Davao Occidental,2008,2,686.12,25.060000000000002,87.23333333333333,3.0700000000000003
Davao Occidental,2008,3,501.82,24.706666666666667,87.17,2.63
Davao Occidental,2008,4,544.03,25.243333333333336,86.60666666666667,2.6766666666666663
Davao Occidental,2009,1,456.01,25.076666666666668,86.58333333333333,3.2266666666666666
Davao Occidental,2009,2,542.4,25.346666666666664,86.58999999999999,2.8366666666666664
Davao Occidental,2009,3,545.8399999999999,25.3,86.94333333333334,3.4633333333333334
Davao Occidental,2009,4,316.02,25.406666666666666,85.07333333333334,2.9233333333333333
Davao Occidental,2010,1,244.39999999999998,25.296666666666667,82.50666666666667,4.37
Davao Occidental,2010,2,387.14,25.97,83.98333333333333,3.1466666666666665
Davao Occidental,2010,3,583.1,25.30666666666667,84.50666666666666,2.3833333333333333
Davao Occidental,2010,4,460.22,25.416666666666668,84.84,2.5566666666666666
Davao Occidental,2011,1,493.17,24.80666666666667,86.64999999999999,2.986666666666667
Davao Occidental,2011,2,578.5,25.243333333333336,86.48666666666668,2.7433333333333336
Davao Occidental,2011,3,606.65,24.813333333333333,87.23,3.126666666666667
Davao Occidental,2011,4,446.32,25.25,85.98,2.6999999999999997
Davao Occidental,2012,1,404.82,24.91,86.46999999999998,3.6133333333333333
Davao Occidental,2012,2,433.47,25.326666666666668,85.21333333333332,2.6999999999999997
Davao Occidental,2012,3,527.02,24.883333333333336,86.88666666666667,3.1133333333333333
Davao Occidental,2012,4,476.52,25.25333333333333,86.39333333333333,3.436666666666667
Davao Occidental,2013,1,545.65,25.076666666666668,87.05,3.6199999999999997
Davao Occidental,2013,2,427.11,25.596666666666664,85.15666666666667,2.4833333333333334
Davao Occidental,2013,3,413.54,24.97666666666667,85.5,2.85
Davao Occidental,2013,4,534.6,25.266666666666666,85.87666666666667,3.0766666666666667
Davao Occidental,2014,1,441.11,24.810000000000002,85.33333333333333,3.5933333333333337
Davao Occidental,2014,2,340.13,25.91333333333333,83.35,2.283333333333333
Davao Occidental,2014,3,369.21000000000004,25.099999999999998,85.31333333333333,2.9566666666666666
Davao Occidental,2014,4,522.0,25.433333333333334,85.53666666666668,2.6266666666666665
Davao Occidental,2015,1,272.84,24.813333333333333,83.91333333333334,3.956666666666667
Davao Occidental,2015,2,443.62,25.84,82.58666666666666,2.5900000000000003
Davao Occidental,2015,3,390.88,25.096666666666668,85.66666666666667,3.2266666666666666
Davao Occidental,2015,4,408.29999999999995,25.429999999999996,85.76333333333332,3.206666666666667
Davao Occidental,2016,1,143.9,25.596666666666664,80.16666666666667,4.609999999999999
Davao Occidental,2016,2,430.55,26.36,81.54666666666667,2.98
Davao Occidental,2016,3,427.38,25.423333333333336,85.20333333333333,2.6666666666666665
Davao Occidental,2016,4,719.6800000000001,25.506666666666664,85.36000000000001,2.35
Davao Occidental,2017,1,611.75,24.94666666666667,87.06333333333333,3.4899999999999998
Davao Occidental,2017,2,637.59,25.623333333333335,85.06333333333333,2.2333333333333334
Davao Occidental,2017,3,608.81,25.186666666666667,86.08333333333333,2.41
Davao Occidental,2017,4,615.65,25.703333333333333,85.04333333333334,2.723333333333333
Davao Occidental,2018,1,347.93,25.366666666666664,84.76666666666667,3.06
Davao Occidental,2018,2,515.19,25.7,84.96,2.4566666666666666
Davao Occidental,2018,3,545.36,25.156666666666666,86.69333333333333,3.15
Davao Occidental,2018,4,412.87,25.643333333333334,85.16333333333334,2.856666666666667
Davao Occidental,2019,1,330.91,24.72666666666667,84.06333333333333,4.326666666666667
Davao Occidental,2019,2,520.16,26.05666666666667,83.66666666666667,2.7466666666666666
Davao Occidental,2019,3,480.5,25.013333333333332,86.63666666666666,3.203333333333333
Davao Occidental,2019,4,462.46000000000004,25.709999999999997,83.89666666666666,2.42
Davao Occidental,2020,1,243.39,25.573333333333334,82.89333333333333,4.413333333333333
Davao Occidental,2020,2,454.63,26.26,81.62,2.8433333333333333
Davao Occidental,2020,3,416.67999999999995,25.36,85.08333333333333,2.3866666666666667
Davao Occidental,2020,4,494.11,25.573333333333334,85.30666666666667,2.5033333333333334
Davao Occidental,2021,1,593.81,25.186666666666667,86.0,3.14
Davao Occidental,2021,2,618.2,25.62,85.52666666666666,2.516666666666667
Davao Occidental,2021,3,958.36,25.373333333333335,85.66666666666667,2.4766666666666666
Davao Occidental,2021,4,414.62,25.650000000000002,85.05333333333333,2.69
Davao Occidental,2022,1,413.03000000000003,25.08,86.66666666666667,3.4299999999999997
Davao Occidental,2022,2,436.65,25.41,85.92,2.546666666666667
Davao Occidental,2022,3,379.73,25.38,85.05,2.4
Davao Occidental,2022,4,489.69,25.683333333333334,85.12666666666667,2.6366666666666667
Davao Occidental,2023,1,394.89,25.083333333333332,86.39333333333333,3.11
Davao Occidental,2023,2,429.85,25.993333333333336,84.43,2.2899999999999996
Davao Occidental,2023,3,396.36,25.526666666666667,86.64,3.1199999999999997
Davao Occidental,2023,4,286.85,26.146666666666665,84.61,2.703333333333333
Davao Occidental,2024,1,352.05,25.643333333333334,84.47333333333334,4.63
Davao Occidental,2024,2,350.63,26.636666666666667,81.83666666666666,3.14
Davao Occidental,2024,3,507.66999999999996,25.656666666666666,86.85000000000001,2.8166666666666664
Davao Occidental,2024,4,431.88,26.03,85.80333333333334,2.69
Davao Occidental,2025,1,394.85,25.44666666666667,87.23333333333333,3.35
Davao Occidental,2025,2,479.96,25.84,85.94,2.65
Davao Occidental,2025,3,450.1,25.330000000000002,86.60333333333334,2.8166666666666664
Davao Occidental,2025,4,323.96000000000004,25.893333333333334,85.16,2.5566666666666666
Davao Oriental,2000,1,1195.51,23.19333333333333,90.49666666666667,2.6999999999999997
Davao Oriental,2000,2,476.90999999999997,24.143333333333334,86.56333333333333,1.6333333333333335
Davao Oriental,2000,3,546.53,23.95,85.75333333333333,1.83
Davao Oriental,2000,4,761.4499999999999,23.77,89.25999999999999,1.8
Davao Oriental,2001,1,935.5799999999999,23.236666666666668,89.49666666666667,2.4133333333333336
Davao Oriental,2001,2,587.35,24.183333333333334,87.01333333333334,1.72
Davao Oriental,2001,3,571.53,24.116666666666664,87.26666666666665,2.063333333333333
Davao Oriental,2001,4,867.4000000000001,23.853333333333335,88.69666666666666,2.17
Davao Oriental,2002,1,761.07,22.936666666666667,88.99333333333334,3.19
Davao Oriental,2002,2,722.36,24.263333333333335,86.72666666666667,1.8366666666666667
Davao Oriental,2002,3,506.27,24.13,86.88,2.2466666666666666
Davao Oriental,2002,4,583.99,23.95,87.56,1.8099999999999998
Davao Oriental,2003,1,860.16,23.05666666666667,89.92666666666666,3.1033333333333335
Davao Oriental,2003,2,454.62,24.256666666666664,86.43333333333334,1.8433333333333335
Davao Oriental,2003,3,621.4200000000001,24.116666666666664,87.24666666666667,1.7599999999999998
Davao Oriental,2003,4,785.54,23.926666666666666,88.58999999999999,2.066666666666667
Davao Oriental,2004,1,683.4000000000001,23.55666666666667,89.33,2.606666666666667
Davao Oriental,2004,2,488.34,24.39,86.37,1.9966666666666668
Davao Oriental,2004,3,507.46,24.126666666666665,85.72666666666667,1.9333333333333333
Davao Oriental,2004,4,629.1,24.153333333333336,87.59333333333332,2.0166666666666666
Davao Oriental,2005,1,529.2,23.03,88.26333333333334,3.046666666666667
Davao Oriental,2005,2,459.53999999999996,24.346666666666664,86.0,1.8633333333333333
Davao Oriental,2005,3,600.05,24.33666666666667,86.32333333333334,1.9066666666666665
Davao Oriental,2005,4,885.4300000000001,23.83,88.48,1.67
Davao Oriental,2006,1,1084.88,23.266666666666666,90.52666666666666,2.92
Davao Oriental,2006,2,648.4,23.973333333333333,86.63,1.79
Davao Oriental,2006,3,541.1800000000001,24.156666666666666,86.90666666666668,2.0466666666666664
Davao Oriental,2006,4,629.1700000000001,23.91,88.32333333333334,2.026666666666667
Davao Oriental,2007,1,934.3100000000001,23.153333333333336,90.06,3.0700000000000003
Davao Oriental,2007,2,586.4,24.19666666666667,87.20333333333333,1.7166666666666668
Davao Oriental,2007,3,541.36,23.939999999999998,87.02999999999999,2.0066666666666664
Davao Oriental,2007,4,742.5799999999999,23.94666666666667,88.33999999999999,1.9000000000000001
Davao Oriental,2008,1,1005.97,23.11,90.01333333333332,2.52
Davao Oriental,2008,2,677.53,23.87,87.33666666666666,1.9100000000000001
Davao Oriental,2008,3,578.1,23.75666666666667,86.12333333333333,1.7066666666666668
Davao Oriental,2008,4,930.4,23.75,89.23666666666666,1.8766666666666667
Davao Oriental,2009,1,1127.44,23.403333333333336,89.81333333333333,2.3699999999999997
Davao Oriental,2009,2,688.04,24.12,87.57000000000001,1.7566666666666666
Davao Oriental,2009,3,518.14,24.396666666666665,85.58,2.013333333333333
Davao Oriental,2009,4,645.04,23.78,88.29666666666667,2.06
Davao Oriental,2010,1,609.1899999999999,23.16,88.15666666666668,2.973333333333333
Davao Oriental,2010,2,553.22,24.433333333333334,86.74333333333334,1.9500000000000002
Davao Oriental,2010,3,688.66,24.02,85.23333333333333,1.4799999999999998
Davao Oriental,2010,4,765.06,23.813333333333333,87.50333333333333,1.6166666666666665
Davao Oriental,2011,1,1491.07,23.19333333333333,90.70666666666666,2.2133333333333334
Davao Oriental,2011,2,762.69,24.043333333333333,87.60333333333334,1.8366666666666667
Davao Oriental,2011,3,827.03,23.91,86.49666666666667,1.88
Davao Oriental,2011,4,985.02,23.753333333333334,88.24000000000001,1.7933333333333332
Davao Oriental,2012,1,972.45,23.22666666666667,89.73333333333333,2.4533333333333336
Davao Oriental,2012,2,641.69,24.11,86.37333333333333,1.5999999999999999
Davao Oriental,2012,3,640.2,23.94666666666667,86.49333333333334,1.9633333333333332
Davao Oriental,2012,4,877.9200000000001,23.63,89.53333333333335,2.27
Davao Oriental,2013,1,1216.97,23.39,90.37,2.8066666666666666
Davao Oriental,2013,2,647.58,24.25,86.66000000000001,1.55
Davao Oriental,2013,3,551.7,23.926666666666666,85.90666666666668,1.7666666666666666
Davao Oriental,2013,4,777.27,23.669999999999998,88.70666666666666,1.9666666666666668
Davao Oriental,2014,1,1141.48,22.953333333333333,89.65666666666668,3.1233333333333335
Davao Oriental,2014,2,374.74,24.52,85.75666666666666,1.6166666666666665
Davao Oriental,2014,3,442.41999999999996,24.180000000000003,85.08999999999999,1.82
Davao Oriental,2014,4,844.86,24.006666666666664,88.00333333333333,1.93
Davao Oriental,2015,1,563.62,22.900000000000002,87.93,2.9599999999999995
Davao Oriental,2015,2,506.99,24.483333333333334,84.46333333333332,1.6266666666666667
Davao Oriental,2015,3,554.64,24.386666666666667,84.97666666666667,1.9666666666666668
Davao Oriental,2015,4,731.99,23.98,88.62,2.1366666666666667
Davao Oriental,2016,1,323.08,23.256666666666664,86.70333333333333,2.8733333333333335
Davao Oriental,2016,2,526.45,24.72,84.42666666666666,1.7966666666666666
Davao Oriental,2016,3,570.52,24.61,84.08333333333333,1.5599999999999998
Davao Oriental,2016,4,953.89,24.02,88.41666666666667,1.7333333333333334
Davao Oriental,2017,1,1365.33,23.263333333333332,90.71,2.7900000000000005
Davao Oriental,2017,2,796.41,24.403333333333336,86.60666666666667,1.5533333333333335
Davao Oriental,2017,3,641.4300000000001,24.33666666666667,85.43333333333334,1.5333333333333332
Davao Oriental,2017,4,856.4499999999999,24.066666666666666,88.45666666666666,1.9766666666666666
Davao Oriental,2018,1,615.0899999999999,23.546666666666667,88.68666666666667,2.283333333333333
Davao Oriental,2018,2,639.24,24.483333333333334,85.99666666666667,1.6733333333333331
Davao Oriental,2018,3,723.27,24.310000000000002,86.12666666666667,1.8533333333333335
Davao Oriental,2018,4,603.3,24.040000000000003,87.99333333333334,2.0833333333333335
Davao Oriental,2019,1,535.3499999999999,22.72,87.87666666666667,3.1966666666666668
Davao Oriental,2019,2,529.02,24.873333333333335,84.92666666666666,1.6666666666666667
Davao Oriental,2019,3,509.96000000000004,24.286666666666665,85.53666666666668,2.11
Davao Oriental,2019,4,689.38,24.30333333333333,85.94,1.6466666666666667
Davao Oriental,2020,1,396.53,23.48,87.87666666666667,3.06
Davao Oriental,2020,2,707.3100000000001,24.563333333333333,85.88,1.7933333333333332
Davao Oriental,2020,3,538.89,24.376666666666665,85.07333333333334,1.5366666666666668
Davao Oriental,2020,4,951.21,24.073333333333334,88.37333333333333,1.7
Davao Oriental,2021,1,945.42,23.560000000000002,89.45666666666666,2.4266666666666663
Davao Oriental,2021,2,720.24,24.48,86.54333333333334,1.6966666666666665
Davao Oriental,2021,3,708.1800000000001,24.423333333333332,85.29,1.5733333333333333
Davao Oriental,2021,4,745.64,24.073333333333334,88.27,1.8933333333333333
Davao Oriental,2022,1,773.53,23.343333333333334,90.27,2.4933333333333336
Davao Oriental,2022,2,734.75,24.180000000000003,87.35333333333334,1.6733333333333331
Davao Oriental,2022,3,591.22,24.386666666666667,85.44,1.5233333333333334
Davao Oriental,2022,4,813.22,23.99666666666667,88.76666666666667,1.7466666666666668
Davao Oriental,2023,1,883.69,23.38,90.57,2.47
Davao Oriental,2023,2,643.34,24.823333333333334,85.45333333333333,1.5466666666666666
Davao Oriental,2023,3,734.49,24.69666666666667,86.46333333333332,1.8166666666666664
Davao Oriental,2023,4,576.86,24.55666666666667,88.02,1.8933333333333333
Davao Oriental,2024,1,699.93,23.669999999999998,88.88,3.186666666666666
Davao Oriental,2024,2,410.2,25.060000000000002,84.48333333333333,1.8733333333333333
Davao Oriental,2024,3,565.0699999999999,24.83666666666667,85.83,1.79
Davao Oriental,2024,4,714.69,24.713333333333335,87.62,1.8
Davao Oriental,2025,1,664.54,23.80333333333333,90.33,2.27
Davao Oriental,2025,2,718.96,24.543333333333333,87.58999999999999,1.62
Davao Oriental,2025,3,585.2,24.393333333333334,86.5,1.6533333333333333
Davao Oriental,2025,4,549.6800000000001,24.326666666666668,88.60666666666667,1.7333333333333334
Davao de Oro,2000,1,1195.51,23.19333333333333,90.49666666666667,2.6999999999999997
Davao de Oro,2000,2,476.90999999999997,24.143333333333334,86.56333333333333,1.6333333333333335
Davao de Oro,2000,3,546.53,23.95,85.75333333333333,1.83
Davao de Oro,2000,4,761.4499999999999,23.77,89.25999999999999,1.8
Davao de Oro,2001,1,935.5799999999999,23.236666666666668,89.49666666666667,2.4133333333333336
Davao de Oro,2001,2,587.35,24.183333333333334,87.01333333333334,1.72
Davao de Oro,2001,3,571.53,24.116666666666664,87.26666666666665,2.063333333333333
Davao de Oro,2001,4,867.4000000000001,23.853333333333335,88.69666666666666,2.17
Davao de Oro,2002,1,761.07,22.936666666666667,88.99333333333334,3.19
Davao de Oro,2002,2,722.36,24.263333333333335,86.72666666666667,1.8366666666666667
Davao de Oro,2002,3,506.27,24.13,86.88,2.2466666666666666
Davao de Oro,2002,4,583.99,23.95,87.56,1.8099999999999998
Davao de Oro,2003,1,860.16,23.05666666666667,89.92666666666666,3.1033333333333335
Davao de Oro,2003,2,454.62,24.256666666666664,86.43333333333334,1.8433333333333335
Davao de Oro,2003,3,621.4200000000001,24.116666666666664,87.24666666666667,1.7599999999999998
Davao de Oro,2003,4,785.54,23.926666666666666,88.58999999999999,2.066666666666667
Davao de Oro,2004,1,683.4000000000001,23.55666666666667,89.33,2.606666666666667
Davao de Oro,2004,2,488.34,24.39,86.37,1.9966666666666668
Davao de Oro,2004,3,507.46,24.126666666666665,85.72666666666667,1.9333333333333333
Davao de Oro,2004,4,629.1,24.153333333333336,87.59333333333332,2.0166666666666666
Davao de Oro,2005,1,529.2,23.03,88.26333333333334,3.046666666666667
Davao de Oro,2005,2,459.53999999999996,24.346666666666664,86.0,1.8633333333333333
Davao de Oro,2005,3,600.05,24.33666666666667,86.32333333333334,1.9066666666666665
Davao de Oro,2005,4,885.4300000000001,23.83,88.48,1.67
Davao de Oro,2006,1,1084.88,23.266666666666666,90.52666666666666,2.92
Davao de Oro,2006,2,648.4,23.973333333333333,86.63,1.79
Davao de Oro,2006,3,541.1800000000001,24.156666666666666,86.90666666666668,2.0466666666666664
Davao de Oro,2006,4,629.1700000000001,23.91,88.32333333333334,2.026666666666667
Davao de Oro,2007,1,934.3100000000001,23.153333333333336,90.06,3.0700000000000003
Davao de Oro,2007,2,586.4,24.19666666666667,87.20333333333333,1.7166666666666668
Davao de Oro,2007,3,541.36,23.939999999999998,87.02999999999999,2.0066666666666664
Davao de Oro,2007,4,742.5799999999999,23.94666666666667,88.33999999999999,1.9000000000000001
Davao de Oro,2008,1,1005.97,23.11,90.01333333333332,2.52
Davao de Oro,2008,2,677.53,23.87,87.33666666666666,1.9100000000000001
Davao de Oro,2008,3,578.1,23.75666666666667,86.12333333333333,1.7066666666666668
Davao de Oro,2008,4,930.4,23.75,89.23666666666666,1.8766666666666667
Davao de Oro,2009,1,1127.44,23.403333333333336,89.81333333333333,2.3699999999999997
Davao de Oro,2009,2,688.04,24.12,87.57000000000001,1.7566666666666666
Davao de Oro,2009,3,518.14,24.396666666666665,85.58,2.013333333333333
Davao de Oro,2009,4,645.04,23.78,88.29666666666667,2.06
Davao de Oro,2010,1,609.1899999999999,23.16,88.15666666666668,2.973333333333333
Davao de Oro,2010,2,553.22,24.433333333333334,86.74333333333334,1.9500000000000002
Davao de Oro,2010,3,688.66,24.02,85.23333333333333,1.4799999999999998
Davao de Oro,2010,4,765.06,23.813333333333333,87.50333333333333,1.6166666666666665
Davao de Oro,2011,1,1491.07,23.19333333333333,90.70666666666666,2.2133333333333334
Davao de Oro,2011,2,762.69,24.043333333333333,87.60333333333334,1.8366666666666667
Davao de Oro,2011,3,827.03,23.91,86.49666666666667,1.88
Davao de Oro,2011,4,985.02,23.753333333333334,88.24000000000001,1.7933333333333332
Davao de Oro,2012,1,972.45,23.22666666666667,89.73333333333333,2.4533333333333336
Davao de Oro,2012,2,641.69,24.11,86.37333333333333,1.5999999999999999
Davao de Oro,2012,3,640.2,23.94666666666667,86.49333333333334,1.9633333333333332
Davao de Oro,2012,4,877.9200000000001,23.63,89.53333333333335,2.27
Davao de Oro,2013,1,1216.97,23.39,90.37,2.8066666666666666
Davao de Oro,2013,2,647.58,24.25,86.66000000000001,1.55
Davao de Oro,2013,3,551.7,23.926666666666666,85.90666666666668,1.7666666666666666
Davao de Oro,2013,4,777.27,23.669999999999998,88.70666666666666,1.9666666666666668
Davao de Oro,2014,1,1141.48,22.953333333333333,89.65666666666668,3.1233333333333335
Davao de Oro,2014,2,374.74,24.52,85.75666666666666,1.6166666666666665
Davao de Oro,2014,3,442.41999999999996,24.180000000000003,85.08999999999999,1.82
Davao de Oro,2014,4,844.86,24.006666666666664,88.00333333333333,1.93
Davao de Oro,2015,1,563.62,22.900000000000002,87.93,2.9599999999999995
Davao de Oro,2015,2,506.99,24.483333333333334,84.46333333333332,1.6266666666666667
Davao de Oro,2015,3,554.64,24.386666666666667,84.97666666666667,1.9666666666666668
Davao de Oro,2015,4,731.99,23.98,88.62,2.1366666666666667
Davao de Oro,2016,1,323.08,23.256666666666664,86.70333333333333,2.8733333333333335
Davao de Oro,2016,2,526.45,24.72,84.42666666666666,1.7966666666666666
Davao de Oro,2016,3,570.52,24.61,84.08333333333333,1.5599999999999998
Davao de Oro,2016,4,953.89,24.02,88.41666666666667,1.7333333333333334
Davao de Oro,2017,1,1365.33,23.263333333333332,90.71,2.7900000000000005
Davao de Oro,2017,2,796.41,24.403333333333336,86.60666666666667,1.5533333333333335
Davao de Oro,2017,3,641.4300000000001,24.33666666666667,85.43333333333334,1.5333333333333332
Davao de Oro,2017,4,856.4499999999999,24.066666666666666,88.45666666666666,1.9766666666666666
Davao de Oro,2018,1,615.0899999999999,23.546666666666667,88.68666666666667,2.283333333333333
Davao de Oro,2018,2,639.24,24.483333333333334,85.99666666666667,1.6733333333333331
Davao de Oro,2018,3,723.27,24.310000000000002,86.12666666666667,1.8533333333333335
Davao de Oro,2018,4,603.3,24.040000000000003,87.99333333333334,2.0833333333333335
Davao de Oro,2019,1,535.3499999999999,22.72,87.87666666666667,3.1966666666666668
Davao de Oro,2019,2,529.02,24.873333333333335,84.92666666666666,1.6666666666666667
Davao de Oro,2019,3,509.96000000000004,24.286666666666665,85.53666666666668,2.11
Davao de Oro,2019,4,689.38,24.30333333333333,85.94,1.6466666666666667
Davao de Oro,2020,1,396.53,23.48,87.87666666666667,3.06
Davao de Oro,2020,2,707.3100000000001,24.563333333333333,85.88,1.7933333333333332
Davao de Oro,2020,3,538.89,24.376666666666665,85.07333333333334,1.5366666666666668
Davao de Oro,2020,4,951.21,24.073333333333334,88.37333333333333,1.7
Davao de Oro,2021,1,945.42,23.560000000000002,89.45666666666666,2.4266666666666663
Davao de Oro,2021,2,720.24,24.48,86.54333333333334,1.6966666666666665
Davao de Oro,2021,3,708.1800000000001,24.423333333333332,85.29,1.5733333333333333
Davao de Oro,2021,4,745.64,24.073333333333334,88.27,1.8933333333333333
Davao de Oro,2022,1,773.53,23.343333333333334,90.27,2.4933333333333336
Davao de Oro,2022,2,734.75,24.180000000000003,87.35333333333334,1.6733333333333331
Davao de Oro,2022,3,591.22,24.386666666666667,85.44,1.5233333333333334
Davao de Oro,2022,4,813.22,23.99666666666667,88.76666666666667,1.7466666666666668
Davao de Oro,2023,1,883.69,23.38,90.57,2.47
Davao de Oro,2023,2,643.34,24.823333333333334,85.45333333333333,1.5466666666666666
Davao de Oro,2023,3,734.49,24.69666666666667,86.46333333333332,1.8166666666666664
Davao de Oro,2023,4,576.86,24.55666666666667,88.02,1.8933333333333333
Davao de Oro,2024,1,699.93,23.669999999999998,88.88,3.186666666666666
Davao de Oro,2024,2,410.2,25.060000000000002,84.48333333333333,1.8733333333333333
Davao de Oro,2024,3,565.0699999999999,24.83666666666667,85.83,1.79
Davao de Oro,2024,4,714.69,24.713333333333335,87.62,1.8
Davao de Oro,2025,1,664.54,23.80333333333333,90.33,2.27
Davao de Oro,2025,2,718.96,24.543333333333333,87.58999999999999,1.62
Davao de Oro,2025,3,585.2,24.393333333333334,86.5,1.6533333333333333
Davao de Oro,2025,4,549.6800000000001,24.326666666666668,88.60666666666667,1.7333333333333334
Davao del Norte,2000,1,893.13,25.126666666666665,87.77,0.38999999999999996
Davao del Norte,2000,2,495.70000000000005,26.599999999999998,83.27666666666666,0.32666666666666666
Davao del Norte,2000,3,591.14,25.956666666666667,84.48666666666666,0.35333333333333333
Davao del Norte,2000,4,661.14,25.83666666666667,87.21333333333332,0.32666666666666666
Davao del Norte,2001,1,564.58,25.14,87.08,0.36999999999999994
Davao del Norte,2001,2,477.19,26.42,83.83,0.3466666666666667
Davao del Norte,2001,3,548.41,26.070000000000004,85.64,0.37333333333333335
Davao del Norte,2001,4,607.64,25.833333333333332,86.27,0.36333333333333334
Davao del Norte,2002,1,496.06,24.849999999999998,85.51666666666667,0.42
Davao del Norte,2002,2,600.49,26.513333333333332,83.67666666666666,0.3333333333333333
Davao del Norte,2002,3,492.23,25.963333333333335,85.00333333333333,0.37333333333333335
Davao del Norte,2002,4,430.40000000000003,25.99666666666667,84.95,0.35333333333333333
Davao del Norte,2003,1,564.79,24.986666666666665,86.31,0.41333333333333333
Davao del Norte,2003,2,455.58,26.576666666666664,83.09,0.33
Davao del Norte,2003,3,672.04,25.993333333333336,86.31666666666666,0.34
Davao del Norte,2003,4,733.6999999999999,25.96666666666667,86.24000000000001,0.35000000000000003
Davao del Norte,2004,1,475.05,25.616666666666664,85.64,0.3633333333333333
Davao del Norte,2004,2,544.23,26.543333333333333,83.81333333333333,0.3433333333333333
Davao del Norte,2004,3,589.79,26.103333333333335,84.51666666666667,0.35333333333333333
Davao del Norte,2004,4,524.69,26.153333333333332,85.24,0.35333333333333333
Davao del Norte,2005,1,320.96000000000004,24.96666666666667,84.79333333333334,0.39999999999999997
Davao del Norte,2005,2,455.54999999999995,26.703333333333333,82.65333333333334,0.31666666666666665
Davao del Norte,2005,3,611.73,26.296666666666667,84.88333333333333,0.35333333333333333
Davao del Norte,2005,4,719.92,26.13,85.48666666666668,0.33
Davao del Norte,2006,1,733.64,25.16,87.86333333333333,0.38999999999999996
Davao del Norte,2006,2,592.24,26.386666666666667,83.08333333333333,0.33
Davao del Norte,2006,3,547.36,25.953333333333333,85.85000000000001,0.36000000000000004
Davao del Norte,2006,4,521.89,25.91333333333333,85.96666666666665,0.3566666666666667
Davao del Norte,2007,1,511.13,24.936666666666667,87.11666666666667,0.39999999999999997
Davao del Norte,2007,2,532.75,26.679999999999996,83.09666666666668,0.31333333333333335
Davao del Norte,2007,3,613.3199999999999,26.02333333333333,85.16333333333334,0.3633333333333333
Davao del Norte,2007,4,578.57,25.866666666666664,86.89333333333333,0.34
Davao del Norte,2008,1,676.2,24.97,87.77333333333333,0.37666666666666665
Davao del Norte,2008,2,701.7,26.063333333333333,84.75333333333333,0.3433333333333333
Davao del Norte,2008,3,651.39,25.793333333333333,85.02,0.35333333333333333
Davao del Norte,2008,4,714.0600000000001,25.833333333333332,86.95666666666666,0.33666666666666667
Davao del Norte,2009,1,718.22,25.396666666666665,87.08,0.35666666666666663
Davao del Norte,2009,2,676.62,26.3,85.22333333333334,0.32666666666666666
Davao del Norte,2009,3,626.4200000000001,26.213333333333335,85.01666666666667,0.3633333333333333
Davao del Norte,2009,4,455.5,25.723333333333333,85.83999999999999,0.35000000000000003
Davao del Norte,2010,1,367.75,24.99666666666667,85.08999999999999,0.38999999999999996
Davao del Norte,2010,2,469.92,26.876666666666665,82.31,0.33
Davao del Norte,2010,3,757.44,26.560000000000002,81.60000000000001,0.32666666666666666
Davao del Norte,2010,4,611.66,26.02333333333333,84.73333333333333,0.34
Davao del Norte,2011,1,898.17,25.040000000000003,88.83999999999999,0.35333333333333333
Davao del Norte,2011,2,702.46,26.146666666666665,85.49333333333334,0.33
Davao del Norte,2011,3,853.01,25.80666666666667,85.61,0.3499999999999999
Davao del Norte,2011,4,709.4300000000001,25.939999999999998,85.42,0.3433333333333333
Davao del Norte,2012,1,613.8299999999999,25.19333333333333,86.86666666666667,0.3666666666666667
Davao del Norte,2012,2,613.84,26.36,83.63666666666667,0.31666666666666665
Davao del Norte,2012,3,671.89,25.906666666666666,85.15333333333332,0.3466666666666667
Davao del Norte,2012,4,639.69,25.560000000000002,87.06,0.36333333333333334
Davao del Norte,2013,1,821.27,25.263333333333332,87.75,0.38999999999999996
Davao del Norte,2013,2,577.31,26.77333333333333,82.69333333333333,0.3133333333333333
Davao del Norte,2013,3,563.05,26.09,83.78666666666666,0.3333333333333333
Davao del Norte,2013,4,640.5,25.646666666666665,86.50333333333333,0.35333333333333333
Davao del Norte,2014,1,726.18,24.813333333333333,86.97000000000001,0.41
Davao del Norte,2014,2,377.34,26.993333333333336,82.33999999999999,0.3133333333333333
Davao del Norte,2014,3,501.77,26.116666666666664,84.17666666666666,0.3333333333333333
Davao del Norte,2014,4,682.08,26.069999999999997,85.58999999999999,0.3433333333333333
Davao del Norte,2015,1,640.75,24.71666666666667,85.87666666666667,0.39666666666666667
Davao del Norte,2015,2,467.89,26.863333333333333,81.50999999999999,0.30666666666666664
Davao del Norte,2015,3,497.83,26.456666666666667,83.0,0.32666666666666666
Davao del Norte,2015,4,657.4300000000001,25.98,86.18666666666667,0.34
Davao del Norte,2016,1,370.53,25.14333333333333,83.94333333333333,0.38999999999999996
Davao del Norte,2016,2,504.41999999999996,27.073333333333334,81.79333333333334,0.31
Davao del Norte,2016,3,538.4,26.826666666666668,81.49666666666667,0.32666666666666666
Davao del Norte,2016,4,917.09,26.150000000000002,86.07,0.3233333333333333
Davao del Norte,2017,1,1313.17,25.060000000000002,88.58999999999999,0.38666666666666666
Davao del Norte,2017,2,785.01,26.96666666666667,82.70666666666666,0.30666666666666664
Davao del Norte,2017,3,637.46,26.570000000000004,83.2,0.33
Davao del Norte,2017,4,842.9300000000001,26.02333333333333,86.5,0.3499999999999999
Davao del Norte,2018,1,655.85,25.416666666666668,86.81,0.3566666666666667
Davao del Norte,2018,2,593.49,26.929999999999996,82.73666666666666,0.31
Davao del Norte,2018,3,672.33,26.27333333333333,84.39666666666666,0.3433333333333333
Davao del Norte,2018,4,605.5799999999999,26.123333333333335,85.29333333333334,0.33666666666666667
Davao del Norte,2019,1,611.4200000000001,24.41333333333333,85.78333333333335,0.4066666666666667
Davao del Norte,2019,2,569.15,27.21666666666667,81.87666666666667,0.3
Davao del Norte,2019,3,492.26,26.333333333333332,83.89333333333333,0.3466666666666667
Davao del Norte,2019,4,641.91,26.560000000000002,83.17,0.32666666666666666
Davao del Norte,2020,1,467.01,25.266666666666666,85.58666666666666,0.3933333333333333
Davao del Norte,2020,2,717.56,27.040000000000003,82.06666666666666,0.31
Davao del Norte,2020,3,501.88,26.816666666666666,82.14333333333333,0.3233333333333333
Davao del Norte,2020,4,918.45,26.286666666666665,85.64666666666666,0.33
Davao del Norte,2021,1,962.98,25.47,87.11666666666667,0.3666666666666667
Davao del Norte,2021,2,821.4100000000001,26.743333333333336,83.97666666666667,0.30333333333333334
Davao del Norte,2021,3,679.64,26.74,82.74666666666667,0.32
Davao del Norte,2021,4,783.06,26.183333333333334,85.86333333333334,0.3433333333333333
Davao del Norte,2022,1,779.7,25.276666666666667,87.66000000000001,0.37000000000000005
Davao del Norte,2022,2,714.2900000000001,26.63,83.94333333333333,0.3133333333333333
Davao del Norte,2022,3,602.0799999999999,26.689999999999998,83.11666666666667,0.31666666666666665
Davao del Norte,2022,4,766.4200000000001,26.016666666666666,86.60666666666667,0.3433333333333333
Davao del Norte,2023,1,980.1999999999999,25.22,88.62333333333333,0.36000000000000004
Davao del Norte,2023,2,661.81,27.16,82.64999999999999,0.2966666666666667
Davao del Norte,2023,3,715.0,26.713333333333335,84.52,0.33
Davao del Norte,2023,4,625.5699999999999,26.653333333333332,85.33,0.33
Davao del Norte,2024,1,749.4300000000001,25.373333333333335,86.61000000000001,0.39999999999999997
Davao del Norte,2024,2,397.87,27.346666666666668,81.92999999999999,0.31
Davao del Norte,2024,3,552.5,26.963333333333335,83.88333333333333,0.32666666666666666
Davao del Norte,2024,4,772.24,26.83666666666667,85.30333333333334,0.3333333333333333
Davao del Norte,2025,1,734.62,25.786666666666665,88.10333333333334,0.3466666666666667
Davao del Norte,2025,2,744.1,26.97666666666667,84.18333333333334,0.31
Davao del Norte,2025,3,562.0,26.55666666666667,84.19666666666667,0.3333333333333333
Davao del Norte,2025,4,544.77,26.52333333333333,85.83666666666666,0.3233333333333333
Davao del Sur,2000,1,668.46,24.33,87.83333333333333,1.7633333333333334
Davao del Sur,2000,2,348.64,25.153333333333336,86.11666666666667,1.3833333333333335
Davao del Sur,2000,3,566.85,24.656666666666666,85.99000000000001,1.3466666666666667
Davao del Sur,2000,4,583.03,24.709999999999997,88.56333333333333,1.4166666666666667
Davao del Sur,2001,1,288.71,24.36,87.11333333333334,1.5599999999999998
Davao del Sur,2001,2,311.37,25.560000000000002,83.13666666666667,1.4800000000000002
Davao del Sur,2001,3,463.14,24.87,85.88999999999999,1.4966666666666668
Davao del Sur,2001,4,370.96,24.959999999999997,85.64666666666666,1.42
Davao del Sur,2002,1,291.39,24.790000000000003,81.74,1.97
Davao del Sur,2002,2,400.49,26.30666666666667,78.81,1.5533333333333335
Davao del Sur,2002,3,397.2,25.19666666666667,82.62,1.6333333333333335
Davao del Sur,2002,4,310.03999999999996,25.213333333333335,84.27666666666666,1.3366666666666667
Davao del Sur,2003,1,404.45,24.97666666666667,81.90666666666667,2.01
Davao del Sur,2003,2,552.0600000000001,25.87,81.67333333333333,1.4866666666666666
Davao del Sur,2003,3,797.5600000000001,24.706666666666667,87.82333333333334,1.31
Davao del Sur,2003,4,745.3199999999999,24.929999999999996,87.76333333333332,1.2766666666666666
Davao del Sur,2004,1,280.34000000000003,25.02333333333333,85.13333333333333,1.5533333333333335
Davao del Sur,2004,2,874.54,25.44333333333333,85.73333333333333,1.4366666666666668
Davao del Sur,2004,3,856.49,24.590000000000003,87.64999999999999,1.4400000000000002
Davao del Sur,2004,4,591.4,25.02,87.0,1.3499999999999999
Davao del Sur,2005,1,212.32,24.590000000000003,83.67333333333333,1.7633333333333334
Davao del Sur,2005,2,538.04,25.74333333333333,83.09333333333333,1.4033333333333333
Davao del Sur,2005,3,615.75,24.876666666666665,87.20666666666666,1.45
Davao del Sur,2005,4,676.01,24.813333333333333,88.45,1.2633333333333334
Davao del Sur,2006,1,592.72,24.336666666666662,88.44333333333333,1.7466666666666668
Davao del Sur,2006,2,718.0899999999999,25.016666666666666,86.65333333333335,1.3833333333333335
Davao del Sur,2006,3,618.05,24.583333333333332,87.49333333333334,1.4666666666666668
Davao del Sur,2006,4,479.88,24.83,87.56,1.3966666666666665
Davao del Sur,2007,1,261.20000000000005,24.53333333333333,85.63,1.79
Davao del Sur,2007,2,420.99,25.826666666666668,82.77666666666666,1.4433333333333334
Davao del Sur,2007,3,520.51,24.666666666666668,86.67666666666666,1.4933333333333334
Davao del Sur,2007,4,381.5,24.893333333333334,86.94333333333333,1.32
Davao del Sur,2008,1,462.5,24.213333333333335,87.10000000000001,1.6766666666666667
Davao del Sur,2008,2,878.49,24.72666666666667,87.17666666666666,1.4833333333333334
Davao del Sur,2008,3,563.17,24.423333333333332,87.34333333333332,1.3399999999999999
Davao del Sur,2008,4,538.76,24.743333333333336,87.96,1.2866666666666666
Davao del Sur,2009,1,423.45,24.506666666666664,87.72333333333334,1.4900000000000002
Davao del Sur,2009,2,670.53,24.97,87.34333333333332,1.3866666666666667
Davao del Sur,2009,3,708.99,24.843333333333334,86.94666666666667,1.4799999999999998
Davao del Sur,2009,4,334.55,24.793333333333333,86.03666666666668,1.3533333333333333
Davao del Sur,2010,1,235.0,24.900000000000002,81.71333333333332,1.8399999999999999
Davao del Sur,2010,2,488.52,25.976666666666663,82.08666666666666,1.53
Davao del Sur,2010,3,649.36,24.97,85.16666666666667,1.2366666666666666
Davao del Sur,2010,4,527.65,24.883333333333336,85.94666666666667,1.2033333333333334
Davao del Sur,2011,1,468.02,24.266666666666666,87.71999999999998,1.3466666666666667
Davao del Sur,2011,2,606.85,24.98,86.80666666666667,1.2966666666666666
Davao del Sur,2011,3,632.33,24.49,86.99666666666667,1.3966666666666665
Davao del Sur,2011,4,437.15999999999997,24.703333333333333,87.04,1.2466666666666668
Davao del Sur,2012,1,362.21000000000004,24.30666666666667,86.92999999999999,1.5433333333333332
Davao del Sur,2012,2,513.0699999999999,25.036666666666665,85.43333333333334,1.2333333333333334
Davao del Sur,2012,3,614.98,24.566666666666666,86.66666666666667,1.3466666666666667
Davao del Sur,2012,4,443.09,24.676666666666666,87.11666666666667,1.4866666666666666
Davao del Sur,2013,1,467.78000000000003,24.613333333333333,87.15666666666665,1.5733333333333333
Davao del Sur,2013,2,436.89,25.426666666666666,85.13,1.2133333333333334
Davao del Sur,2013,3,461.41,24.733333333333334,85.34666666666668,1.25
Davao del Sur,2013,4,514.1800000000001,24.683333333333334,86.68333333333332,1.3533333333333335
Davao del Sur,2014,1,368.42,24.486666666666665,84.55,1.6933333333333334
Davao del Sur,2014,2,345.98,26.176666666666666,81.12666666666667,1.1900000000000002
Davao del Sur,2014,3,446.71,24.99666666666667,83.54,1.3499999999999999
Davao del Sur,2014,4,485.56,25.066666666666666,85.86333333333334,1.2266666666666666
Davao del Sur,2015,1,195.33,24.87,80.52333333333333,1.7133333333333336
Davao del Sur,2015,2,373.5,26.543333333333333,77.27666666666666,1.29
Davao del Sur,2015,3,414.16999999999996,25.433333333333334,81.49,1.5033333333333332
Davao del Sur,2015,4,329.65,25.430000000000003,82.98666666666666,1.42
Davao del Sur,2016,1,80.4,26.87,69.18666666666667,2.186666666666667
Davao del Sur,2016,2,416.77,27.22,75.16333333333334,1.5566666666666666
Davao del Sur,2016,3,436.65,25.41333333333333,82.79666666666667,1.2533333333333332
Davao del Sur,2016,4,595.4,25.153333333333332,85.96333333333332,1.0733333333333333
Davao del Sur,2017,1,499.76,24.376666666666665,87.12,1.5366666666666664
Davao del Sur,2017,2,580.45,25.55666666666667,85.39333333333333,1.18
Davao del Sur,2017,3,543.09,25.016666666666666,86.0,1.1733333333333331
Davao del Sur,2017,4,568.21,25.080000000000002,86.54666666666667,1.2966666666666666
Davao del Sur,2018,1,218.12,24.893333333333334,84.61666666666666,1.3333333333333333
Davao del Sur,2018,2,492.87,25.703333333333333,84.06666666666666,1.1866666666666668
Davao del Sur,2018,3,536.26,24.886666666666667,85.47333333333331,1.3766666666666667
Davao del Sur,2018,4,359.95000000000005,25.33666666666667,84.7,1.3033333333333335
Davao del Sur,2019,1,180.91,25.163333333333338,77.43666666666667,1.87
Davao del Sur,2019,2,508.56,26.790000000000003,78.19666666666667,1.3533333333333335
Davao del Sur,2019,3,443.76,25.083333333333332,84.12,1.4533333333333331
Davao del Sur,2019,4,421.55,25.49666666666667,83.12333333333333,1.1266666666666667
Davao del Sur,2020,1,174.71,26.063333333333333,76.02999999999999,1.9966666666666668
Davao del Sur,2020,2,592.77,27.133333333333336,75.42333333333333,1.4799999999999998
Davao del Sur,2020,3,431.98,25.39,83.87333333333333,1.23
Davao del Sur,2020,4,497.43,25.26,85.60000000000001,1.1333333333333335
Davao del Sur,2021,1,546.42,24.673333333333332,86.46999999999998,1.3566666666666667
Davao del Sur,2021,2,700.8299999999999,25.473333333333333,85.32333333333332,1.22
Davao del Sur,2021,3,936.6800000000001,25.183333333333334,85.92,1.1666666666666667
Davao del Sur,2021,4,379.62,25.146666666666665,85.98666666666668,1.2133333333333334
Davao del Sur,2022,1,294.54,24.766666666666666,85.35000000000001,1.5266666666666666
Davao del Sur,2022,2,560.55,25.313333333333333,85.60000000000001,1.32
Davao del Sur,2022,3,360.97,25.333333333333332,84.02333333333333,1.1966666666666665
Davao del Sur,2022,4,487.9,25.236666666666668,85.47333333333334,1.21
Davao del Sur,2023,1,321.58,24.76,85.74000000000001,1.3766666666666667
Davao del Sur,2023,2,452.16,26.123333333333335,82.51666666666667,1.0633333333333332
Davao del Sur,2023,3,427.51,25.58,83.89999999999999,1.37
Davao del Sur,2023,4,272.17,26.02,82.86,1.2333333333333334
Davao del Sur,2024,1,324.57,25.680000000000003,80.17,1.9799999999999998
Davao del Sur,2024,2,357.3,27.52333333333333,75.01666666666667,1.6066666666666665
Davao del Sur,2024,3,507.15,25.7,84.88666666666667,1.3333333333333333
Davao del Sur,2024,4,395.51,25.91,84.50666666666666,1.26
Davao del Sur,2025,1,364.49,25.09,86.31,1.4566666666666668
Davao del Sur,2025,2,485.54,25.766666666666666,84.89333333333333,1.2966666666666666
Davao del Sur,2025,3,527.74,25.073333333333334,86.08,1.3033333333333335
Davao del Sur,2025,4,340.33,25.51,85.80333333333333,1.1666666666666667
Dinagat Islands,2000,1,1173.4299999999998,26.52,85.82333333333334,3.22
Dinagat Islands,2000,2,396.31,27.5,83.24,2.276666666666667
Dinagat Islands,2000,3,476.0,27.313333333333333,83.44,2.3699999999999997
Dinagat Islands,2000,4,1316.68,26.99333333333333,87.62666666666667,2.6366666666666667
Dinagat Islands,2001,1,1211.45,26.72,85.41333333333334,3.1233333333333335
Dinagat Islands,2001,2,576.8199999999999,27.53,83.65666666666667,2.36
Dinagat Islands,2001,3,449.79,27.436666666666667,83.79666666666667,2.3633333333333333
Dinagat Islands,2001,4,1682.01,26.963333333333335,86.63333333333333,2.91
Dinagat Islands,2002,1,1110.35,25.883333333333336,85.09666666666666,3.526666666666667
Dinagat Islands,2002,2,544.58,27.73,81.62666666666667,2.263333333333333
Dinagat Islands,2002,3,660.1,27.189999999999998,85.25666666666667,2.7266666666666666
Dinagat Islands,2002,4,942.02,27.17,85.20666666666666,2.66
Dinagat Islands,2003,1,1032.07,26.11,85.18333333333334,3.486666666666667
Dinagat Islands,2003,2,502.6,27.53,83.58,2.3000000000000003
Dinagat Islands,2003,3,780.56,27.076666666666668,85.92999999999999,2.1566666666666667
Dinagat Islands,2003,4,1306.67,26.846666666666664,86.2,2.8166666666666664
Dinagat Islands,2004,1,1014.3199999999999,26.396666666666665,86.63999999999999,3.0033333333333334
Dinagat Islands,2004,2,543.54,27.459999999999997,84.27666666666666,2.623333333333333
Dinagat Islands,2004,3,385.47,27.276666666666667,83.58333333333333,2.32
Dinagat Islands,2004,4,758.6700000000001,27.060000000000002,85.41666666666667,2.7066666666666666
Dinagat Islands,2005,1,820.87,25.96666666666667,84.29666666666667,3.296666666666667
Dinagat Islands,2005,2,377.54,27.55666666666667,82.83333333333333,2.2866666666666666
Dinagat Islands,2005,3,582.78,27.45,84.65666666666667,2.393333333333333
Dinagat Islands,2005,4,1540.86,27.133333333333336,87.30666666666667,2.68
Dinagat Islands,2006,1,1559.97,26.47,86.21666666666665,3.4299999999999997
Dinagat Islands,2006,2,543.03,27.433333333333334,83.25999999999999,2.5033333333333334
Dinagat Islands,2006,3,450.43,27.28,84.66333333333334,2.6333333333333333
Dinagat Islands,2006,4,837.5899999999999,27.13,85.70666666666666,2.7566666666666664
Dinagat Islands,2007,1,1037.6399999999999,26.393333333333334,84.13666666666667,3.466666666666667
Dinagat Islands,2007,2,511.90999999999997,27.599999999999998,83.78666666666668,2.4033333333333333
Dinagat Islands,2007,3,474.11,27.55,83.01333333333334,2.2533333333333334
Dinagat Islands,2007,4,1355.27,27.013333333333335,87.25666666666666,2.723333333333333
Dinagat Islands,2008,1,1962.83,26.473333333333333,86.88333333333333,3.23
Dinagat Islands,2008,2,692.67,27.24,84.77666666666666,2.4466666666666668
Dinagat Islands,2008,3,648.79,27.213333333333335,82.53,2.0
Dinagat Islands,2008,4,1179.53,27.253333333333334,86.07,2.646666666666667
Dinagat Islands,2009,1,1711.56,26.486666666666668,86.42666666666666,3.08
Dinagat Islands,2009,2,618.21,27.44333333333333,83.92999999999999,2.313333333333333
Dinagat Islands,2009,3,390.19,27.536666666666665,84.00666666666666,2.6966666666666668
Dinagat Islands,2009,4,1053.29,27.040000000000003,85.61,2.8266666666666667
Dinagat Islands,2010,1,975.0999999999999,26.349999999999998,83.51333333333334,3.35
Dinagat Islands,2010,2,303.51,27.926666666666666,81.59666666666668,2.436666666666667
Dinagat Islands,2010,3,561.91,27.86,79.45,1.9833333333333332
Dinagat Islands,2010,4,902.45,27.286666666666665,84.49666666666667,2.3433333333333333
Dinagat Islands,2011,1,3168.37,26.46666666666667,87.80666666666667,3.1566666666666663
Dinagat Islands,2011,2,805.79,27.166666666666668,84.73333333333333,2.4366666666666665
Dinagat Islands,2011,3,576.74,27.183333333333334,84.25,2.51
Dinagat Islands,2011,4,1345.31,27.236666666666665,85.11666666666666,2.5
Dinagat Islands,2012,1,1504.63,26.58,86.33666666666666,3.15
Dinagat Islands,2012,2,421.24,27.66,81.41000000000001,2.28
Dinagat Islands,2012,3,620.58,27.356666666666666,83.02333333333333,2.5166666666666666
Dinagat Islands,2012,4,1220.49,27.05,85.88,3.03
Dinagat Islands,2013,1,1328.95,26.59,85.78333333333335,3.2900000000000005
Dinagat Islands,2013,2,555.83,27.77333333333333,82.51,2.263333333333333
Dinagat Islands,2013,3,677.1,27.396666666666665,82.75666666666667,2.2866666666666666
Dinagat Islands,2013,4,1082.87,27.063333333333333,86.19,2.9033333333333338
Dinagat Islands,2014,1,1795.89,26.063333333333333,85.46999999999998,3.563333333333333
Dinagat Islands,2014,2,533.36,27.936666666666667,83.21,2.3266666666666667
Dinagat Islands,2014,3,607.21,27.463333333333335,82.81333333333333,2.23
Dinagat Islands,2014,4,1284.55,27.02333333333333,87.04,2.733333333333333
Dinagat Islands,2015,1,863.84,26.05666666666667,82.97666666666667,3.25
Dinagat Islands,2015,2,477.42,27.599999999999998,81.06666666666666,2.2133333333333334
Dinagat Islands,2015,3,479.21,27.843333333333334,81.53333333333335,2.106666666666667
Dinagat Islands,2015,4,900.04,27.396666666666665,84.29333333333334,2.793333333333333
Dinagat Islands,2016,1,414.06,26.340000000000003,83.54666666666667,3.143333333333333
Dinagat Islands,2016,2,436.23,28.03,81.87333333333333,2.3433333333333333
Dinagat Islands,2016,3,621.74,27.88,81.89,2.216666666666667
Dinagat Islands,2016,4,1411.08,27.233333333333334,85.8,2.5533333333333332
Dinagat Islands,2017,1,1898.1399999999999,26.25,87.39333333333333,3.2899999999999996
Dinagat Islands,2017,2,713.65,27.95,82.39666666666666,2.18
Dinagat Islands,2017,3,689.1600000000001,27.883333333333336,81.32666666666667,2.0366666666666666
Dinagat Islands,2017,4,1422.76,27.473333333333333,85.35000000000001,2.75
Dinagat Islands,2018,1,1837.55,26.900000000000002,85.74666666666667,3.0966666666666662
Dinagat Islands,2018,2,677.0699999999999,27.846666666666664,82.21,2.2566666666666664
Dinagat Islands,2018,3,528.12,27.576666666666668,84.37333333333333,2.6199999999999997
Dinagat Islands,2018,4,1166.69,27.243333333333336,85.55,2.8000000000000003
Dinagat Islands,2019,1,720.48,25.886666666666667,82.13,3.3266666666666667
Dinagat Islands,2019,2,350.6,27.876666666666665,82.55,2.263333333333333
Dinagat Islands,2019,3,371.71999999999997,27.919999999999998,81.68666666666667,2.3666666666666667
Dinagat Islands,2019,4,790.37,27.55666666666667,83.39666666666666,2.5566666666666666
Dinagat Islands,2020,1,672.47,26.55333333333333,83.62666666666667,3.313333333333333
Dinagat Islands,2020,2,536.05,27.80333333333333,83.10666666666667,2.4499999999999997
Dinagat Islands,2020,3,576.87,28.03,80.21666666666665,1.9166666666666667
Dinagat Islands,2020,4,1590.04,27.46666666666667,85.92,2.43
Dinagat Islands,2021,1,1453.29,26.866666666666664,85.98666666666668,3.0500000000000003
Dinagat Islands,2021,2,835.39,27.75,82.71333333333332,2.243333333333333
Dinagat Islands,2021,3,560.5699999999999,28.08,80.89333333333333,2.0933333333333333
Dinagat Islands,2021,4,1733.72,27.463333333333335,86.46666666666665,2.7533333333333334
Dinagat Islands,2022,1,1387.94,26.643333333333334,86.96,3.1366666666666667
Dinagat Islands,2022,2,1002.01,27.49,84.49333333333333,2.3533333333333335
Dinagat Islands,2022,3,530.41,27.95,80.86999999999999,1.87
Dinagat Islands,2022,4,1515.0,27.47,85.91666666666667,2.5533333333333332
Dinagat Islands,2023,1,1999.02,26.596666666666668,87.48,3.1733333333333333
Dinagat Islands,2023,2,583.1,28.05,82.04666666666667,2.1533333333333333
Dinagat Islands,2023,3,635.13,27.933333333333334,84.34666666666666,2.5433333333333334
Dinagat Islands,2023,4,1029.94,27.906666666666666,84.81666666666666,2.5966666666666667
Dinagat Islands,2024,1,701.1,26.756666666666664,83.84333333333333,3.4066666666666663
Dinagat Islands,2024,2,410.76,28.253333333333334,82.07000000000001,2.4133333333333336
Dinagat Islands,2024,3,521.22,28.343333333333334,82.00666666666666,2.1366666666666667
Dinagat Islands,2024,4,1112.41,27.94,85.20333333333333,2.6566666666666667
Dinagat Islands,2025,1,1508.62,27.060000000000002,87.5,3.0533333333333332
Dinagat Islands,2025,2,683.35,28.01666666666667,83.80333333333333,2.3166666666666664
Dinagat Islands,2025,3,651.26,27.84,82.78,2.2566666666666664
Dinagat Islands,2025,4,1261.17,27.703333333333333,86.34333333333332,2.5233333333333334
Eastern Samar,2000,1,1320.8,27.013333333333332,82.57,5.846666666666667
Eastern Samar,2000,2,537.1800000000001,27.99666666666667,81.64999999999999,3.6199999999999997
Eastern Samar,2000,3,578.69,27.763333333333332,81.93333333333334,4.1066666666666665
Eastern Samar,2000,4,1579.02,27.71666666666667,84.24666666666667,5.103333333333333
Eastern Samar,2001,1,1329.41,27.296666666666667,82.11,5.753333333333333
Eastern Samar,2001,2,650.0,28.123333333333335,81.74666666666667,3.81
Eastern Samar,2001,3,518.03,28.046666666666667,81.97666666666667,4.1866666666666665
Eastern Samar,2001,4,1524.0700000000002,27.540000000000003,83.03333333333333,5.57
Eastern Samar,2002,1,711.6,26.426666666666666,80.8,6.609999999999999
Eastern Samar,2002,2,510.51,28.176666666666666,80.11666666666666,3.776666666666667
Eastern Samar,2002,3,719.54,27.91333333333333,82.58,4.61
Eastern Samar,2002,4,770.14,27.78333333333333,82.21666666666667,4.61
Eastern Samar,2003,1,577.99,26.483333333333334,80.97666666666667,6.286666666666666
Eastern Samar,2003,2,530.69,28.246666666666666,80.08666666666666,4.193333333333333
Eastern Samar,2003,3,790.22,27.76,83.62666666666667,3.7466666666666666
Eastern Samar,2003,4,1148.6,27.323333333333334,83.14999999999999,5.33
Eastern Samar,2004,1,835.19,26.756666666666664,83.79666666666667,5.8066666666666675
Eastern Samar,2004,2,550.19,28.0,82.45,4.743333333333333
Eastern Samar,2004,3,439.04,27.786666666666665,82.45,4.093333333333334
Eastern Samar,2004,4,857.75,27.44333333333333,83.53,4.96
Eastern Samar,2005,1,460.65999999999997,26.52333333333333,79.98333333333333,5.94
Eastern Samar,2005,2,355.41999999999996,28.070000000000004,80.34333333333335,3.8733333333333335
Eastern Samar,2005,3,669.6,28.016666666666666,82.95,4.023333333333333
Eastern Samar,2005,4,1537.29,27.76,84.2,4.786666666666666
Eastern Samar,2006,1,1138.81,27.02333333333333,82.37,6.256666666666667
Eastern Samar,2006,2,566.21,27.986666666666668,81.24,4.1499999999999995
Eastern Samar,2006,3,660.3100000000001,28.00666666666667,82.03333333333333,4.4799999999999995
Eastern Samar,2006,4,925.4100000000001,27.74333333333333,82.82333333333334,4.966666666666666
Eastern Samar,2007,1,672.1800000000001,26.96666666666667,79.68333333333334,6.133333333333333
Eastern Samar,2007,2,430.51,28.093333333333334,81.31333333333333,3.82
Eastern Samar,2007,3,631.43,28.046666666666667,81.92999999999999,3.783333333333333
Eastern Samar,2007,4,1440.78,27.606666666666666,84.73,5.256666666666667
Eastern Samar,2008,1,2021.83,27.126666666666665,82.66,6.1066666666666665
Eastern Samar,2008,2,887.31,27.746666666666666,82.84666666666668,4.276666666666666
Eastern Samar,2008,3,720.77,27.689999999999998,81.67666666666666,3.31
Eastern Samar,2008,4,1348.03,27.83666666666667,83.14,4.566666666666666
Eastern Samar,2009,1,1554.37,26.953333333333333,83.58666666666666,5.553333333333334
Eastern Samar,2009,2,715.98,27.900000000000002,82.66000000000001,3.9066666666666663
Eastern Samar,2009,3,564.84,28.21666666666667,81.95333333333333,4.7299999999999995
Eastern Samar,2009,4,906.34,27.623333333333335,82.34666666666668,5.53
Eastern Samar,2010,1,597.01,26.900000000000002,79.95666666666666,5.830000000000001
Eastern Samar,2010,2,281.49,28.51,79.07333333333334,4.04
Eastern Samar,2010,3,769.39,28.179999999999996,80.17,3.186666666666667
Eastern Samar,2010,4,1311.99,27.893333333333334,82.7,3.953333333333333
Eastern Samar,2011,1,2574.23,27.03,83.86,6.47
Eastern Samar,2011,2,985.32,27.709999999999997,82.84666666666666,4.4366666666666665
Eastern Samar,2011,3,767.56,28.01,81.58666666666666,4.483333333333333
Eastern Samar,2011,4,1368.73,27.790000000000003,83.35666666666667,4.6066666666666665
Eastern Samar,2012,1,1500.9,27.203333333333333,82.82000000000001,6.043333333333333
Eastern Samar,2012,2,552.21,28.27,80.09333333333333,3.766666666666667
Eastern Samar,2012,3,738.14,28.040000000000003,81.73333333333333,4.623333333333333
Eastern Samar,2012,4,1063.27,27.80666666666667,81.79666666666667,5.366666666666667
Eastern Samar,2013,1,1160.46,27.099999999999998,82.72333333333334,6.166666666666667
Eastern Samar,2013,2,683.8,28.316666666666666,81.18,3.6799999999999997
Eastern Samar,2013,3,779.04,27.953333333333333,81.94333333333333,4.0633333333333335
Eastern Samar,2013,4,1104.15,27.78333333333333,82.96333333333332,5.359999999999999
Eastern Samar,2014,1,1373.69,26.566666666666666,81.06,6.72
Eastern Samar,2014,2,669.63,28.48,81.82333333333334,3.9800000000000004
Eastern Samar,2014,3,845.34,28.05,81.72666666666667,4.233333333333333
Eastern Samar,2014,4,1512.15,27.61,84.68,5.296666666666667
Eastern Samar,2015,1,611.23,26.546666666666667,79.66666666666667,6.05
Eastern Samar,2015,2,375.24,28.179999999999996,78.83666666666666,3.7999999999999994
Eastern Samar,2015,3,368.53999999999996,28.406666666666666,80.15333333333334,4.013333333333333
Eastern Samar,2015,4,582.39,28.040000000000003,81.23,5.359999999999999
Eastern Samar,2016,1,337.61,26.88,80.79,5.4366666666666665
Eastern Samar,2016,2,351.2,28.66333333333333,79.14333333333333,4.1066666666666665
Eastern Samar,2016,3,587.84,28.53,80.41666666666667,3.97
Eastern Samar,2016,4,1317.47,27.826666666666668,83.60666666666667,4.803333333333334
Eastern Samar,2017,1,1265.4,26.8,83.57333333333334,6.496666666666667
Eastern Samar,2017,2,535.94,28.41333333333333,81.62666666666667,3.7733333333333334
Eastern Samar,2017,3,828.71,28.396666666666665,80.98,3.44
Eastern Samar,2017,4,1410.39,28.133333333333336,82.96,5.136666666666667
Eastern Samar,2018,1,1433.91,27.5,82.21,5.883333333333333
Eastern Samar,2018,2,599.83,28.356666666666666,81.17999999999999,3.9433333333333334
Eastern Samar,2018,3,586.16,28.393333333333334,81.44333333333334,4.6433333333333335
Eastern Samar,2018,4,887.6700000000001,27.91,82.06666666666666,5.37
Eastern Samar,2019,1,400.7,26.496666666666666,77.52666666666666,5.916666666666667
Eastern Samar,2019,2,365.0,28.656666666666666,79.33333333333333,3.83
Eastern Samar,2019,3,536.99,28.50666666666667,80.40333333333334,4.473333333333334
Eastern Samar,2019,4,768.68,28.106666666666666,81.52,4.62
Eastern Samar,2020,1,497.26,27.086666666666662,80.07333333333334,5.836666666666667
Eastern Samar,2020,2,454.9,28.38,81.56333333333333,4.286666666666666
Eastern Samar,2020,3,556.8199999999999,28.436666666666667,80.35000000000001,3.096666666666667
Eastern Samar,2020,4,1322.94,28.083333333333332,83.88333333333334,4.533333333333333
Eastern Samar,2021,1,1384.05,27.429999999999996,82.82666666666667,5.706666666666667
Eastern Samar,2021,2,623.6800000000001,28.183333333333334,82.21,4.046666666666667
Eastern Samar,2021,3,592.8399999999999,28.486666666666668,81.17999999999999,3.8166666666666664
Eastern Samar,2021,4,1236.62,28.116666666666664,83.44666666666667,5.359999999999999
Eastern Samar,2022,1,989.76,27.266666666666666,82.92333333333333,5.823333333333333
Eastern Samar,2022,2,898.39,28.016666666666666,83.20666666666666,4.243333333333333
Eastern Samar,2022,3,590.16,28.41,81.15666666666667,3.3066666666666666
Eastern Samar,2022,4,1274.48,28.166666666666668,83.20666666666666,4.736666666666667
Eastern Samar,2023,1,1423.3899999999999,27.21666666666667,83.36,6.146666666666667
Eastern Samar,2023,2,506.48,28.570000000000004,80.76333333333334,3.7099999999999995
Eastern Samar,2023,3,513.68,28.83,81.17333333333333,4.246666666666667
Eastern Samar,2023,4,649.28,28.58666666666667,82.05,4.63
Eastern Samar,2024,1,354.78999999999996,27.349999999999998,79.39999999999999,6.043333333333333
Eastern Samar,2024,2,326.33,28.94666666666667,79.58666666666666,4.1466666666666665
Eastern Samar,2024,3,553.25,28.926666666666666,81.00666666666666,3.766666666666667
Eastern Samar,2024,4,1052.8,28.419999999999998,83.36666666666667,4.676666666666667
Eastern Samar,2025,1,1419.65,27.7,83.75666666666667,5.78
Eastern Samar,2025,2,573.09,28.5,82.43666666666667,3.7133333333333334
Eastern Samar,2025,3,717.0799999999999,28.346666666666664,81.92,3.94
Eastern Samar,2025,4,1288.6399999999999,28.263333333333335,84.05333333333334,4.59
Guimaras,2000,1,299.49,26.52,85.3,4.4366666666666665
Guimaras,2000,2,491.18,28.30666666666667,78.89333333333333,2.81
Guimaras,2000,3,791.79,27.116666666666664,84.59333333333333,3.76
Guimaras,2000,4,766.87,27.153333333333336,85.92,3.653333333333333
Guimaras,2001,1,276.79,26.953333333333333,83.18666666666667,4.496666666666667
Guimaras,2001,2,543.87,28.52,77.97,3.08
Guimaras,2001,3,602.34,27.0,86.10000000000001,3.8233333333333337
Guimaras,2001,4,796.86,26.72,86.30333333333333,4.293333333333333
Guimaras,2002,1,106.15,26.41,78.7,4.956666666666666
Guimaras,2002,2,298.16,28.84,75.49333333333333,3.1233333333333335
Guimaras,2002,3,923.77,26.94666666666667,85.91000000000001,4.260000000000001
Guimaras,2002,4,349.39,27.2,84.52666666666667,3.736666666666667
Guimaras,2003,1,113.61,26.916666666666668,76.76333333333334,5.0
Guimaras,2003,2,399.87,28.790000000000003,75.20333333333333,3.223333333333333
Guimaras,2003,3,905.8199999999999,27.133333333333336,85.28,3.33
Guimaras,2003,4,528.93,26.930000000000003,84.27333333333333,4.076666666666667
Guimaras,2004,1,122.04,27.186666666666667,79.39999999999999,4.496666666666667
Guimaras,2004,2,558.3199999999999,28.473333333333333,78.24,3.7399999999999998
Guimaras,2004,3,689.4300000000001,27.153333333333336,84.11666666666666,3.436666666666667
Guimaras,2004,4,379.40999999999997,27.146666666666665,83.38,4.046666666666667
Guimaras,2005,1,81.97,27.233333333333334,74.77333333333333,4.596666666666667
Guimaras,2005,2,312.06,28.94666666666667,74.23333333333333,2.783333333333333
Guimaras,2005,3,917.61,27.266666666666666,85.13666666666667,3.5833333333333335
Guimaras,2005,4,543.13,27.209999999999997,85.85000000000001,3.723333333333333
Guimaras,2006,1,205.87,26.75,83.23333333333333,4.760000000000001
Guimaras,2006,2,546.08,28.55333333333333,76.73,3.143333333333333
Guimaras,2006,3,835.1400000000001,27.036666666666665,85.82333333333334,4.02
Guimaras,2006,4,472.13,27.30333333333333,84.22333333333334,3.8166666666666664
Guimaras,2007,1,149.12,26.849999999999998,79.52,4.776666666666667
Guimaras,2007,2,460.86,29.05,74.73666666666666,2.7266666666666666
Guimaras,2007,3,952.67,27.41333333333333,84.52666666666667,3.596666666666667
Guimaras,2007,4,552.3100000000001,26.903333333333336,86.79,3.8800000000000003
Guimaras,2008,1,366.02,26.44666666666667,85.11666666666667,4.623333333333334
Guimaras,2008,2,1006.24,27.626666666666665,82.36,3.35
Guimaras,2008,3,800.42,27.063333333333333,84.19,3.206666666666667
Guimaras,2008,4,574.9200000000001,27.27333333333333,85.53000000000002,3.83
Guimaras,2009,1,238.78,26.756666666666664,83.13333333333333,4.633333333333334
Guimaras,2009,2,704.74,27.826666666666664,81.59666666666668,3.3766666666666665
Guimaras,2009,3,823.19,27.383333333333336,84.77999999999999,4.123333333333334
Guimaras,2009,4,352.88,27.003333333333334,84.24333333333333,4.26
Guimaras,2010,1,74.17,27.536666666666665,74.74000000000001,4.603333333333333
Guimaras,2010,2,261.49,29.7,70.61333333333333,2.7099999999999995
Guimaras,2010,3,846.96,27.76,80.88333333333333,2.3766666666666665
Guimaras,2010,4,682.04,27.330000000000002,84.88000000000001,3.2733333333333334
Guimaras,2011,1,463.44,26.189999999999998,86.48333333333333,4.853333333333333
Guimaras,2011,2,585.22,27.626666666666665,81.58333333333333,3.2899999999999996
Guimaras,2011,3,991.0899999999999,27.08,85.45333333333333,3.97
Guimaras,2011,4,814.45,27.24,85.00666666666666,3.516666666666667
Guimaras,2012,1,439.15,26.643333333333334,85.13,4.36
Guimaras,2012,2,449.59,28.08,79.81,3.1233333333333335
Guimaras,2012,3,1011.61,27.153333333333336,84.69,4.05
Guimaras,2012,4,411.84,27.153333333333332,84.38,4.09
Guimaras,2013,1,283.78000000000003,26.83,82.3,4.760000000000001
Guimaras,2013,2,581.16,28.986666666666668,75.74333333333334,2.57
Guimaras,2013,3,1098.78,27.316666666666666,84.17333333333333,3.56
Guimaras,2013,4,515.52,27.263333333333332,84.83666666666666,3.9633333333333334
Guimaras,2014,1,300.71,25.97,82.12666666666667,4.96
Guimaras,2014,2,467.11,28.76666666666667,77.85666666666667,2.86
Guimaras,2014,3,1016.77,27.143333333333334,84.95,3.5866666666666664
Guimaras,2014,4,736.94,27.133333333333336,85.98333333333333,4.053333333333334
Guimaras,2015,1,99.75,26.400000000000002,79.56666666666666,4.53
Guimaras,2015,2,323.45,29.286666666666665,72.52,2.6999999999999997
Guimaras,2015,3,1000.52,27.47,84.16333333333334,3.716666666666667
Guimaras,2015,4,355.86,27.563333333333333,83.72666666666667,4.109999999999999
Guimaras,2016,1,93.11,27.856666666666666,75.10666666666667,4.236666666666666
Guimaras,2016,2,476.06,29.560000000000002,73.73666666666666,2.733333333333333
Guimaras,2016,3,898.87,27.686666666666667,83.67,3.456666666666667
Guimaras,2016,4,787.6500000000001,27.30333333333333,85.41333333333334,3.5400000000000005
Guimaras,2017,1,303.91,26.406666666666666,84.01666666666667,4.69
Guimaras,2017,2,622.12,28.673333333333332,78.55333333333333,2.5500000000000003
Guimaras,2017,3,1278.32,27.766666666666666,82.93333333333334,3.026666666666667
Guimaras,2017,4,895.23,27.64,84.71666666666667,3.77
Guimaras,2018,1,394.12,26.89,84.19,4.3566666666666665
Guimaras,2018,2,525.51,28.656666666666666,78.54333333333334,3.1733333333333333
Guimaras,2018,3,873.38,27.46666666666667,85.02333333333333,4.396666666666667
Guimaras,2018,4,475.35,27.516666666666666,83.58666666666666,3.9233333333333333
Guimaras,2019,1,215.99,26.42,78.68666666666667,4.683333333333334
Guimaras,2019,2,547.87,28.91,77.53666666666668,2.97
Guimaras,2019,3,1218.5900000000001,27.64,84.57000000000001,4.093333333333334
Guimaras,2019,4,709.52,27.55666666666667,83.79666666666667,3.546666666666667
Guimaras,2020,1,144.42,27.166666666666668,79.51333333333334,4.573333333333333
Guimaras,2020,2,994.03,29.52,74.00666666666667,2.76
Guimaras,2020,3,1122.48,27.98,82.11,2.65
Guimaras,2020,4,1388.4099999999999,27.543333333333333,85.66000000000001,3.5666666666666664
Guimaras,2021,1,387.27,26.816666666666666,85.13,4.233333333333333
Guimaras,2021,2,500.69,28.413333333333338,79.62333333333333,3.1
Guimaras,2021,3,939.25,27.963333333333335,82.82333333333334,3.3433333333333333
Guimaras,2021,4,698.01,27.49,85.76333333333334,4.126666666666666
Guimaras,2022,1,182.14,27.05666666666667,82.76,4.3933333333333335
Guimaras,2022,2,853.63,28.099999999999998,80.89333333333333,2.936666666666666
Guimaras,2022,3,1143.91,27.763333333333332,83.30666666666667,2.9899999999999998
Guimaras,2022,4,760.86,27.55666666666667,85.37,3.72
Guimaras,2023,1,357.75,26.52,85.49000000000001,4.626666666666666
Guimaras,2023,2,531.2,28.67,79.32333333333334,2.9299999999999997
Guimaras,2023,3,830.26,28.03,84.45,3.91
Guimaras,2023,4,441.95000000000005,28.006666666666664,84.61666666666667,3.5666666666666664
Guimaras,2024,1,76.27,27.73,76.56666666666666,4.773333333333333
Guimaras,2024,2,340.58000000000004,30.256666666666664,71.74333333333334,2.9133333333333336
Guimaras,2024,3,1194.6599999999999,28.063333333333333,84.73333333333333,3.6233333333333335
Guimaras,2024,4,585.2,28.03333333333333,84.33666666666666,3.5399999999999996
Guimaras,2025,1,299.98,27.353333333333335,84.21666666666667,4.483333333333333
Guimaras,2025,2,690.93,28.69,79.64666666666666,2.9433333333333334
Guimaras,2025,3,1143.92,27.570000000000004,84.78,3.6733333333333333
Guimaras,2025,4,983.51,27.69666666666667,85.96666666666665,3.4766666666666666
Ifugao,2000,1,339.2,20.55,90.00666666666666,1.5899999999999999
Ifugao,2000,2,542.48,24.013333333333332,84.27333333333333,0.9233333333333333
Ifugao,2000,3,1087.52,23.326666666666664,88.83333333333333,1.3733333333333333
Ifugao,2000,4,1153.22,21.87,93.08666666666666,1.9466666666666665
Ifugao,2001,1,405.45000000000005,20.8,89.85666666666667,1.5766666666666669
Ifugao,2001,2,483.3,24.263333333333332,85.89333333333333,0.9166666666666666
Ifugao,2001,3,948.85,23.733333333333334,88.30333333333333,1.1933333333333334
Ifugao,2001,4,383.99,20.80666666666667,90.75999999999999,1.9233333333333331
Ifugao,2002,1,121.39,20.426666666666666,82.76333333333334,1.4366666666666668
Ifugao,2002,2,387.21999999999997,25.209999999999997,74.50666666666666,1.1833333333333333
Ifugao,2002,3,1226.43,23.956666666666667,87.39666666666666,1.2666666666666666
Ifugao,2002,4,382.04,21.80333333333333,90.83,1.42
Ifugao,2003,1,52.02,20.586666666666666,80.19333333333333,1.51
Ifugao,2003,2,651.4599999999999,25.373333333333335,75.11333333333333,1.1733333333333333
Ifugao,2003,3,932.82,23.786666666666665,87.89666666666666,1.0533333333333335
Ifugao,2003,4,390.59,20.686666666666667,90.43333333333334,1.7366666666666666
Ifugao,2004,1,203.04000000000002,20.913333333333334,84.40333333333332,1.3366666666666667
Ifugao,2004,2,783.91,24.836666666666662,77.10333333333334,1.3533333333333335
Ifugao,2004,3,936.48,23.44666666666667,87.77666666666666,1.2066666666666668
Ifugao,2004,4,535.9399999999999,20.903333333333332,90.22000000000001,1.87
Ifugao,2005,1,210.07,20.68,82.09333333333335,1.2433333333333334
Ifugao,2005,2,602.25,25.02333333333333,77.49,0.9433333333333334
Ifugao,2005,3,1166.57,23.66,88.69,1.1900000000000002
Ifugao,2005,4,838.49,21.516666666666666,92.36666666666667,1.7
Ifugao,2006,1,437.81000000000006,20.919999999999998,89.25333333333333,1.4000000000000001
Ifugao,2006,2,380.74,24.69666666666667,78.90666666666667,1.0166666666666666
Ifugao,2006,3,1169.5,23.846666666666664,88.33,1.1666666666666667
Ifugao,2006,4,856.79,21.689999999999998,91.50666666666666,1.5066666666666666
Ifugao,2007,1,141.29000000000002,20.91,85.61666666666667,1.3333333333333333
Ifugao,2007,2,490.73,24.623333333333335,80.41000000000001,0.9633333333333334
Ifugao,2007,3,942.8499999999999,24.076666666666664,86.84666666666668,1.0933333333333335
Ifugao,2007,4,881.54,21.39,92.09666666666665,1.9500000000000002
Ifugao,2008,1,264.44,20.2,89.71666666666665,1.64
Ifugao,2008,2,598.03,24.02,83.24333333333334,1.05
Ifugao,2008,3,1360.3400000000001,23.713333333333335,86.65333333333335,1.2133333333333332
Ifugao,2008,4,740.63,21.330000000000002,92.33333333333333,1.63
Ifugao,2009,1,254.33999999999997,20.59,88.19666666666666,1.45
Ifugao,2009,2,1014.44,23.456666666666667,86.93,1.2233333333333334
Ifugao,2009,3,1293.87,24.176666666666666,88.00999999999999,1.1566666666666667
Ifugao,2009,4,1135.71,21.113333333333333,90.13666666666667,1.6466666666666665
Ifugao,2010,1,82.36,21.636666666666667,78.52,1.26
Ifugao,2010,2,438.03,25.75,74.02,0.96
Ifugao,2010,3,890.2,23.849999999999998,86.66000000000001,0.96
Ifugao,2010,4,905.67,21.8,91.05,1.3933333333333333
Ifugao,2011,1,244.42000000000002,19.733333333333334,88.68666666666667,1.5599999999999998
Ifugao,2011,2,638.03,23.956666666666667,81.28333333333333,1.0366666666666668
Ifugao,2011,3,1328.78,23.766666666666666,87.07333333333334,1.2166666666666666
Ifugao,2011,4,1027.93,21.813333333333333,92.51333333333334,1.6166666666666665
Ifugao,2012,1,402.52,20.903333333333332,89.09666666666668,1.2933333333333332
Ifugao,2012,2,638.06,24.44,84.25,0.89
Ifugao,2012,3,1281.3899999999999,23.69333333333333,87.90666666666668,1.1933333333333334
Ifugao,2012,4,440.64,21.709999999999997,89.61333333333334,1.21
Ifugao,2013,1,244.59,21.093333333333334,85.71333333333332,1.25
Ifugao,2013,2,555.95,24.823333333333334,81.21,0.7933333333333333
Ifugao,2013,3,1218.1599999999999,23.463333333333335,88.16000000000001,1.1533333333333333
Ifugao,2013,4,820.66,21.376666666666665,91.50999999999999,1.36
Ifugao,2014,1,113.11999999999999,19.896666666666665,84.21,1.18
Ifugao,2014,2,427.73,25.576666666666668,75.91000000000001,0.8333333333333334
Ifugao,2014,3,1091.77,24.016666666666666,86.02,1.1733333333333333
Ifugao,2014,4,498.03,21.473333333333333,91.14999999999999,1.4800000000000002
Ifugao,2015,1,176.54000000000002,19.959999999999997,84.30333333333333,1.22
Ifugao,2015,2,357.22,25.436666666666667,75.27333333333333,0.8433333333333334
Ifugao,2015,3,1078.25,24.22666666666667,84.91666666666667,1.3233333333333333
Ifugao,2015,4,874.87,22.213333333333335,89.69333333333333,1.5166666666666666
Ifugao,2016,1,129.74,21.429999999999996,84.61,1.13
Ifugao,2016,2,423.34,25.77333333333333,75.95,0.8166666666666668
Ifugao,2016,3,1071.9099999999999,24.38,85.57666666666667,1.0433333333333332
Ifugao,2016,4,1109.66,22.093333333333334,92.11666666666667,1.6333333333333335
Ifugao,2017,1,376.3,20.150000000000002,89.73333333333333,1.47
Ifugao,2017,2,584.65,24.77,81.33666666666666,0.7999999999999999
Ifugao,2017,3,922.15,24.21666666666667,87.41333333333334,0.9933333333333333
Ifugao,2017,4,838.21,21.906666666666666,92.46666666666665,1.61
Ifugao,2018,1,173.97,20.81,86.87,1.3
Ifugao,2018,2,531.49,25.233333333333334,77.67333333333333,1.0266666666666666
Ifugao,2018,3,1520.84,24.013333333333332,87.24000000000001,1.2166666666666666
Ifugao,2018,4,364.44,21.983333333333334,88.19,1.4066666666666665
Ifugao,2019,1,120.94,21.316666666666666,79.67999999999999,1.18
Ifugao,2019,2,643.0600000000001,25.426666666666666,79.68666666666667,0.7599999999999999
Ifugao,2019,3,1324.15,24.203333333333333,86.89999999999999,1.1933333333333334
Ifugao,2019,4,764.59,21.876666666666665,90.97333333333334,1.3666666666666665
Ifugao,2020,1,262.41,20.833333333333332,84.95666666666666,1.2633333333333334
Ifugao,2020,2,1171.13,25.189999999999998,79.94,0.8866666666666667
Ifugao,2020,3,933.2,24.30666666666667,85.89,0.85
Ifugao,2020,4,3540.19,22.356666666666666,93.28333333333335,1.7033333333333331
Ifugao,2021,1,282.09000000000003,20.723333333333333,89.44,1.3933333333333333
Ifugao,2021,2,287.66,25.2,75.64333333333333,1.0466666666666666
Ifugao,2021,3,1035.9099999999999,24.183333333333334,87.54666666666667,1.21
Ifugao,2021,4,624.28,21.736666666666668,90.98333333333333,1.5166666666666666
Ifugao,2022,1,300.02,21.343333333333334,87.35333333333334,1.1533333333333333
Ifugao,2022,2,728.57,24.12,85.0,0.9133333333333334
Ifugao,2022,3,1088.92,24.143333333333334,87.10666666666667,0.9933333333333333
Ifugao,2022,4,780.85,22.096666666666664,91.41666666666667,1.4400000000000002
Ifugao,2023,1,218.17,20.526666666666667,86.10333333333334,1.49
Ifugao,2023,2,479.40000000000003,25.486666666666668,78.07333333333334,1.1133333333333333
Ifugao,2023,3,1316.69,24.883333333333336,86.16000000000001,1.2333333333333334
Ifugao,2023,4,389.23,22.599999999999998,90.49000000000001,1.4233333333333331
Ifugao,2024,1,98.88,21.566666666666666,81.56666666666666,1.3800000000000001
Ifugao,2024,2,447.22,26.03333333333333,76.72,0.9166666666666666
Ifugao,2024,3,1274.28,24.616666666666664,87.37,1.0533333333333335
Ifugao,2024,4,1078.25,22.59,91.62333333333333,1.6833333333333333
Ifugao,2025,1,346.2,20.953333333333333,89.58666666666666,1.4833333333333334
Ifugao,2025,2,614.73,25.253333333333334,80.18,0.84
Ifugao,2025,3,1530.43,24.08,88.39333333333333,1.3066666666666666
Ifugao,2025,4,919.9200000000001,22.49,92.12333333333333,1.5766666666666669
Ilocos Norte,2000,1,100.00999999999999,24.95,73.77666666666666,4.576666666666667
Ilocos Norte,2000,2,473.64,27.59,75.38666666666667,2.6233333333333335
Ilocos Norte,2000,3,1458.42,25.99,86.62,3.5233333333333334
Ilocos Norte,2000,4,503.73,25.53,83.79333333333334,4.8
Ilocos Norte,2001,1,146.63,24.88,75.60000000000001,4.463333333333334
Ilocos Norte,2001,2,543.1,27.679999999999996,77.64999999999999,2.6666666666666665
Ilocos Norte,2001,3,1421.8600000000001,25.906666666666666,88.86666666666667,3.4133333333333336
Ilocos Norte,2001,4,115.22,24.87,79.10000000000001,5.2
Ilocos Norte,2002,1,36.69,24.886666666666667,67.96,4.293333333333334
Ilocos Norte,2002,2,615.57,28.043333333333333,72.11666666666666,2.89
Ilocos Norte,2002,3,1202.34,26.27333333333333,86.95333333333333,3.39
Ilocos Norte,2002,4,149.1,25.84,79.32,4.08
Ilocos Norte,2003,1,18.74,24.863333333333333,66.64666666666666,4.39
Ilocos Norte,2003,2,730.51,28.026666666666667,72.84,3.1366666666666667
Ilocos Norte,2003,3,903.29,26.44333333333333,85.67999999999999,2.8433333333333333
Ilocos Norte,2003,4,186.75,24.663333333333338,79.35666666666667,4.84
Ilocos Norte,2004,1,71.11,24.906666666666666,70.40333333333332,4.276666666666666
Ilocos Norte,2004,2,743.3000000000001,27.956666666666667,72.49,3.3200000000000003
Ilocos Norte,2004,3,1052.35,26.22666666666667,85.78000000000002,3.1366666666666667
Ilocos Norte,2004,4,123.06,24.673333333333332,77.74333333333333,5.3999999999999995
Ilocos Norte,2005,1,114.39,24.483333333333334,70.14,3.703333333333333
Ilocos Norte,2005,2,639.27,27.689999999999998,73.83333333333333,2.8466666666666662
Ilocos Norte,2005,3,1262.79,26.69666666666667,84.82000000000001,2.966666666666667
Ilocos Norte,2005,4,235.03,25.103333333333335,81.77,4.8133333333333335
Ilocos Norte,2006,1,120.97,25.176666666666666,73.65333333333334,4.016666666666667
Ilocos Norte,2006,2,316.14,28.656666666666666,68.74,2.8733333333333335
Ilocos Norte,2006,3,1360.56,26.403333333333332,86.71333333333332,3.1300000000000003
Ilocos Norte,2006,4,307.96000000000004,25.276666666666667,82.33999999999999,4.223333333333334
Ilocos Norte,2007,1,31.12,25.169999999999998,71.01666666666667,3.956666666666667
Ilocos Norte,2007,2,433.90000000000003,27.790000000000003,74.06,2.6333333333333333
Ilocos Norte,2007,3,1271.54,26.680000000000003,85.82333333333334,2.9933333333333336
Ilocos Norte,2007,4,362.94,24.89,82.95666666666666,5.1000000000000005
Ilocos Norte,2008,1,58.81,24.616666666666664,73.04333333333334,4.77
Ilocos Norte,2008,2,243.57000000000002,27.926666666666666,71.62,3.0100000000000002
Ilocos Norte,2008,3,2322.04,26.326666666666668,85.78000000000002,3.1566666666666663
Ilocos Norte,2008,4,233.51,25.23,81.54,4.743333333333333
Ilocos Norte,2009,1,83.58,25.116666666666664,72.13333333333334,4.343333333333334
Ilocos Norte,2009,2,710.15,26.570000000000004,79.82666666666667,3.393333333333333
Ilocos Norte,2009,3,1564.83,26.73,86.17666666666666,2.94
Ilocos Norte,2009,4,989.64,24.71666666666667,81.39,4.5633333333333335
Ilocos Norte,2010,1,11.08,25.596666666666668,67.29333333333334,3.7533333333333334
Ilocos Norte,2010,2,521.26,28.293333333333333,71.95,2.7266666666666666
Ilocos Norte,2010,3,1040.9,26.673333333333332,84.10666666666667,2.6300000000000003
Ilocos Norte,2010,4,341.54,25.373333333333335,81.97333333333334,4.233333333333333
Ilocos Norte,2011,1,70.86,24.08,72.54666666666667,5.036666666666666
Ilocos Norte,2011,2,459.27000000000004,27.536666666666665,72.08,2.936666666666667
Ilocos Norte,2011,3,1591.33,26.393333333333334,85.93333333333334,3.1566666666666663
Ilocos Norte,2011,4,333.91,25.30333333333333,83.93,4.493333333333333
Ilocos Norte,2012,1,72.24,25.573333333333334,72.35333333333334,3.926666666666667
Ilocos Norte,2012,2,855.94,27.776666666666667,76.29666666666667,2.77
Ilocos Norte,2012,3,1525.42,26.27,86.99333333333334,3.283333333333333
Ilocos Norte,2012,4,153.65,25.580000000000002,78.70666666666666,3.706666666666667
Ilocos Norte,2013,1,35.77,26.03333333333333,67.69333333333333,3.9499999999999997
Ilocos Norte,2013,2,460.85,28.08666666666667,74.29,2.3233333333333337
Ilocos Norte,2013,3,1380.31,26.646666666666665,83.62,2.73
Ilocos Norte,2013,4,370.56,24.75,82.37,4.16
Ilocos Norte,2014,1,21.560000000000002,24.016666666666666,70.72333333333334,3.9
Ilocos Norte,2014,2,507.08,28.650000000000002,69.76333333333334,2.77
Ilocos Norte,2014,3,1358.77,26.72,85.11333333333333,3.1300000000000003
Ilocos Norte,2014,4,109.17,25.41,78.66333333333334,4.69
Ilocos Norte,2015,1,47.87,24.679999999999996,68.36999999999999,3.9333333333333336
Ilocos Norte,2015,2,222.35,28.766666666666666,68.14333333333333,2.6233333333333335
Ilocos Norte,2015,3,1299.3600000000001,26.853333333333335,83.59333333333333,3.2899999999999996
Ilocos Norte,2015,4,530.5699999999999,25.663333333333338,82.21333333333332,3.9766666666666666
Ilocos Norte,2016,1,72.34,24.903333333333332,73.43,3.5833333333333335
Ilocos Norte,2016,2,351.85,28.683333333333334,71.44666666666667,2.316666666666667
Ilocos Norte,2016,3,1444.8799999999999,26.87,85.33,2.99
Ilocos Norte,2016,4,768.24,25.643333333333334,84.10333333333334,4.3999999999999995
Ilocos Norte,2017,1,155.36,24.123333333333335,77.73333333333333,4.36
Ilocos Norte,2017,2,466.45,27.743333333333336,74.97333333333334,2.3766666666666665
Ilocos Norte,2017,3,1086.18,27.03,84.48333333333333,2.5900000000000003
Ilocos Norte,2017,4,564.11,25.429999999999996,84.10333333333334,4.566666666666667
Ilocos Norte,2018,1,105.75,24.790000000000003,74.56666666666666,4.2
Ilocos Norte,2018,2,565.4,28.496666666666666,71.42,2.966666666666667
Ilocos Norte,2018,3,1502.98,26.316666666666666,87.26333333333334,3.4
Ilocos Norte,2018,4,188.42000000000002,25.973333333333333,77.91666666666667,4.026666666666666
Ilocos Norte,2019,1,33.3,25.956666666666667,65.69666666666667,3.373333333333333
Ilocos Norte,2019,2,504.55,28.14,75.84333333333333,2.3333333333333335
Ilocos Norte,2019,3,1641.31,26.563333333333333,86.97666666666667,3.4333333333333336
Ilocos Norte,2019,4,659.33,25.126666666666665,84.05666666666667,4.34
Ilocos Norte,2020,1,64.45,24.933333333333337,72.48,3.8066666666666666
Ilocos Norte,2020,2,944.58,28.546666666666667,71.89666666666666,2.6533333333333333
Ilocos Norte,2020,3,966.23,27.30666666666667,83.05,2.2433333333333336
Ilocos Norte,2020,4,2019.99,25.676666666666666,85.65666666666665,4.743333333333333
Ilocos Norte,2021,1,153.12,24.286666666666665,79.42,4.193333333333333
Ilocos Norte,2021,2,286.27,28.47666666666667,69.86333333333333,3.1033333333333335
Ilocos Norte,2021,3,1036.58,27.2,84.31666666666666,3.1133333333333333
Ilocos Norte,2021,4,403.05,25.62,81.41000000000001,4.463333333333334
Ilocos Norte,2022,1,123.95,25.74,72.83666666666666,3.6133333333333333
Ilocos Norte,2022,2,572.26,27.78333333333333,75.93,2.5233333333333334
Ilocos Norte,2022,3,1061.89,27.11,83.91666666666667,2.5533333333333332
Ilocos Norte,2022,4,717.21,25.64,84.0,4.236666666666667
Ilocos Norte,2023,1,100.39,24.606666666666666,73.71666666666667,4.586666666666667
Ilocos Norte,2023,2,310.33,28.69333333333333,71.02333333333333,3.026666666666667
Ilocos Norte,2023,3,1630.3999999999999,27.353333333333335,85.64999999999999,3.3266666666666667
Ilocos Norte,2023,4,262.13,26.349999999999998,81.11,4.21
Ilocos Norte,2024,1,27.01,25.986666666666668,67.63,3.9966666666666666
Ilocos Norte,2024,2,343.18,29.366666666666664,70.47666666666667,2.353333333333333
Ilocos Norte,2024,3,1356.49,27.51,84.44333333333333,2.8033333333333332
Ilocos Norte,2024,4,768.47,25.796666666666667,85.16666666666667,4.733333333333333
Ilocos Norte,2025,1,160.32,24.80666666666667,76.96,4.593333333333333
Ilocos Norte,2025,2,569.1800000000001,28.53333333333333,73.02,2.3666666666666667
Ilocos Norte,2025,3,1627.05,26.766666666666666,86.10666666666667,3.31
Ilocos Norte,2025,4,569.1,25.78,84.54666666666667,4.493333333333333
Ilocos Sur,2000,1,187.02,23.276666666666667,76.8,2.1300000000000003
Ilocos Sur,2000,2,667.84,25.3,79.39666666666666,1.5566666666666666
Ilocos Sur,2000,3,1845.49,23.813333333333333,88.61666666666667,2.51
Ilocos Sur,2000,4,725.75,24.066666666666666,82.29333333333334,2.5233333333333334
Ilocos Sur,2001,1,216.57,23.319999999999997,77.77,2.0033333333333334
Ilocos Sur,2001,2,559.0,25.333333333333332,81.54666666666667,1.6133333333333333
Ilocos Sur,2001,3,1267.02,23.796666666666667,90.04666666666667,2.3266666666666667
Ilocos Sur,2001,4,129.11,23.286666666666665,78.61666666666667,2.5433333333333334
Ilocos Sur,2002,1,40.69,23.09,69.73333333333333,1.95
Ilocos Sur,2002,2,636.91,26.0,73.59333333333333,1.7366666666666666
Ilocos Sur,2002,3,2061.85,24.136666666666667,88.66000000000001,2.34
Ilocos Sur,2002,4,236.45999999999998,24.166666666666668,79.7,1.72
Ilocos Sur,2003,1,23.96,22.763333333333335,71.02333333333333,2.0633333333333335
Ilocos Sur,2003,2,936.24,26.0,74.23666666666666,1.8533333333333335
Ilocos Sur,2003,3,1443.3600000000001,24.413333333333338,86.78000000000002,1.9733333333333334
Ilocos Sur,2003,4,189.07000000000002,23.03,79.40333333333332,2.3266666666666667
Ilocos Sur,2004,1,154.82999999999998,23.09,74.13666666666667,1.8133333333333332
Ilocos Sur,2004,2,982.65,25.810000000000002,74.35666666666667,2.0333333333333337
Ilocos Sur,2004,3,1531.23,24.16,86.78333333333335,2.03
Ilocos Sur,2004,4,243.42000000000002,23.136666666666667,79.57666666666667,2.44
Ilocos Sur,2005,1,142.38,22.66333333333333,72.58,1.6600000000000001
Ilocos Sur,2005,2,729.31,25.736666666666668,75.53666666666668,1.7866666666666668
Ilocos Sur,2005,3,1385.1399999999999,24.62,86.21,2.066666666666667
Ilocos Sur,2005,4,339.11,23.98,80.51,1.9766666666666666
Ilocos Sur,2006,1,201.23000000000002,23.373333333333335,77.26,1.7766666666666666
Ilocos Sur,2006,2,470.41,26.113333333333333,73.62,1.6433333333333333
Ilocos Sur,2006,3,1889.15,24.163333333333338,88.38333333333333,2.25
Ilocos Sur,2006,4,446.97999999999996,23.84,80.57666666666667,2.033333333333333
Ilocos Sur,2007,1,38.18,23.156666666666666,74.95,1.72
Ilocos Sur,2007,2,512.25,25.75,75.74333333333334,1.45
Ilocos Sur,2007,3,1475.51,24.546666666666667,86.66000000000001,2.1266666666666665
Ilocos Sur,2007,4,592.23,23.426666666666666,82.74333333333334,2.5433333333333334
Ilocos Sur,2008,1,100.69,22.80333333333333,76.60000000000001,2.1766666666666667
Ilocos Sur,2008,2,658.9,25.156666666666666,78.39,1.67
Ilocos Sur,2008,3,2213.71,24.150000000000002,87.27,2.1566666666666667
Ilocos Sur,2008,4,252.39999999999998,23.903333333333336,80.33999999999999,2.0566666666666666
Ilocos Sur,2009,1,129.62,23.22,75.8,1.95
Ilocos Sur,2009,2,1137.02,24.78333333333333,81.64666666666666,1.88
Ilocos Sur,2009,3,1946.97,24.540000000000003,88.67,2.1533333333333333
Ilocos Sur,2009,4,1349.1399999999999,23.106666666666666,81.2,2.2866666666666666
Ilocos Sur,2010,1,14.74,23.61,70.16,1.7066666666666668
Ilocos Sur,2010,2,559.52,26.356666666666666,73.14,1.5833333333333333
Ilocos Sur,2010,3,1210.06,24.633333333333336,84.73,1.7299999999999998
Ilocos Sur,2010,4,616.28,23.97666666666667,81.46333333333332,1.7366666666666666
Ilocos Sur,2011,1,105.22,22.416666666666668,76.35333333333334,2.013333333333333
Ilocos Sur,2011,2,762.88,25.286666666666665,75.90333333333332,1.7533333333333332
Ilocos Sur,2011,3,1788.75,24.169999999999998,87.53666666666668,2.2066666666666666
Ilocos Sur,2011,4,374.77,23.94666666666667,81.82333333333334,2.1166666666666667
Ilocos Sur,2012,1,138.0,23.75666666666667,74.76333333333334,1.5033333333333332
Ilocos Sur,2012,2,889.25,25.406666666666666,80.29,1.8099999999999998
Ilocos Sur,2012,3,2151.4300000000003,24.103333333333335,88.33666666666666,2.186666666666667
Ilocos Sur,2012,4,139.19,23.96666666666667,78.92,1.5333333333333332
Ilocos Sur,2013,1,75.63,23.936666666666667,71.50666666666666,1.6466666666666665
Ilocos Sur,2013,2,548.6700000000001,25.963333333333335,76.33333333333333,1.4333333333333333
Ilocos Sur,2013,3,1854.52,24.44666666666667,85.29,1.8933333333333333
Ilocos Sur,2013,4,383.44,23.506666666666664,81.97333333333333,1.74
Ilocos Sur,2014,1,25.45,22.293333333333333,73.17333333333333,1.5999999999999999
Ilocos Sur,2014,2,650.1,26.013333333333332,75.82333333333334,1.6266666666666667
Ilocos Sur,2014,3,1724.8200000000002,24.643333333333334,85.49666666666667,2.06
Ilocos Sur,2014,4,185.76,24.043333333333333,79.27333333333333,1.7299999999999998
Ilocos Sur,2015,1,73.65,22.633333333333336,72.38666666666667,1.7066666666666668
Ilocos Sur,2015,2,353.74,26.453333333333333,72.22666666666667,1.5266666666666666
Ilocos Sur,2015,3,1850.0600000000002,24.603333333333335,86.41333333333334,2.3066666666666666
Ilocos Sur,2015,4,730.98,24.153333333333332,80.33666666666666,1.9166666666666667
Ilocos Sur,2016,1,48.769999999999996,23.3,76.13666666666667,1.58
Ilocos Sur,2016,2,589.77,26.473333333333333,74.61333333333333,1.4400000000000002
Ilocos Sur,2016,3,1788.33,24.703333333333333,86.79666666666667,1.9333333333333333
Ilocos Sur,2016,4,906.8299999999999,24.333333333333332,81.39666666666666,2.0
Ilocos Sur,2017,1,300.37,22.71666666666667,79.13,1.76
Ilocos Sur,2017,2,663.25,25.346666666666668,79.62666666666667,1.4133333333333333
Ilocos Sur,2017,3,1426.88,24.916666666666668,85.56,1.7299999999999998
Ilocos Sur,2017,4,556.21,24.276666666666667,81.36,2.0333333333333337
Ilocos Sur,2018,1,88.94,23.173333333333332,76.82666666666667,1.6766666666666667
Ilocos Sur,2018,2,924.56,25.833333333333332,77.96666666666665,1.5866666666666667
Ilocos Sur,2018,3,2178.82,24.176666666666666,88.94,2.4066666666666667
Ilocos Sur,2018,4,258.08,24.076666666666668,79.54333333333334,1.7566666666666666
Ilocos Sur,2019,1,41.89,23.393333333333334,71.19333333333334,1.5066666666666666
Ilocos Sur,2019,2,634.62,26.179999999999996,77.24,1.5633333333333335
Ilocos Sur,2019,3,1644.81,24.386666666666667,88.42333333333333,2.4033333333333333
Ilocos Sur,2019,4,430.78,24.063333333333333,81.01666666666667,1.6866666666666668
Ilocos Sur,2020,1,150.85,23.05,75.24333333333334,1.64
Ilocos Sur,2020,2,1034.33,26.136666666666667,76.91333333333334,1.4766666666666666
Ilocos Sur,2020,3,1743.59,25.189999999999998,84.41666666666667,1.4566666666666668
Ilocos Sur,2020,4,1567.8,24.47666666666667,83.46,2.1
Ilocos Sur,2021,1,184.89,22.97666666666667,80.08999999999999,1.7766666666666666
Ilocos Sur,2021,2,425.95,25.72666666666667,76.48666666666666,1.5766666666666669
Ilocos Sur,2021,3,1544.94,25.070000000000004,85.40666666666668,2.1266666666666665
Ilocos Sur,2021,4,490.7,24.060000000000002,80.91000000000001,2.0066666666666664
Ilocos Sur,2022,1,219.59,23.583333333333332,78.06,1.42
Ilocos Sur,2022,2,731.03,25.516666666666666,79.58333333333333,1.3399999999999999
Ilocos Sur,2022,3,1537.09,24.88,85.71666666666665,1.8166666666666667
Ilocos Sur,2022,4,584.54,24.353333333333335,81.24,1.8966666666666667
Ilocos Sur,2023,1,111.92,23.14,74.99,1.9166666666666667
Ilocos Sur,2023,2,720.75,26.203333333333333,77.14999999999999,1.7166666666666668
Ilocos Sur,2023,3,1839.5700000000002,25.116666666666664,88.14333333333333,2.2666666666666666
Ilocos Sur,2023,4,316.45,24.830000000000002,81.04,1.72
Ilocos Sur,2024,1,40.64,23.876666666666665,72.14333333333333,1.67
Ilocos Sur,2024,2,669.71,27.180000000000003,73.26333333333334,1.4033333333333333
Ilocos Sur,2024,3,1728.68,25.203333333333333,86.38,1.9466666666666665
Ilocos Sur,2024,4,638.38,24.659999999999997,83.0,2.12
Ilocos Sur,2025,1,229.13,23.616666666666664,78.25333333333333,1.906666666666667
Ilocos Sur,2025,2,799.05,26.103333333333335,77.78666666666666,1.3533333333333335
Ilocos Sur,2025,3,1950.43,24.736666666666668,87.09666666666668,2.3333333333333335
Ilocos Sur,2025,4,776.37,24.679999999999996,82.06,1.96
Iloilo,2000,1,318.8,24.843333333333334,89.02999999999999,3.2433333333333336
Iloilo,2000,2,560.2,26.563333333333333,83.91000000000001,1.99
Iloilo,2000,3,797.48,25.400000000000002,89.28333333333335,2.453333333333333
Iloilo,2000,4,961.2,25.346666666666664,91.11333333333333,2.513333333333333
Iloilo,2001,1,331.15,25.083333333333332,87.86333333333333,3.1999999999999997
Iloilo,2001,2,576.84,26.873333333333335,81.74,2.1766666666666663
Iloilo,2001,3,604.04,25.493333333333336,89.54,2.626666666666667
Iloilo,2001,4,859.61,24.900000000000002,90.84333333333332,3.0400000000000005
Iloilo,2002,1,98.16,25.096666666666664,79.17999999999999,3.89
Iloilo,2002,2,297.44,27.84,74.98666666666666,2.43
Iloilo,2002,3,990.1700000000001,25.393333333333334,89.84333333333332,2.8200000000000003
Iloilo,2002,4,374.68,25.343333333333334,89.42333333333333,2.5733333333333337
Iloilo,2003,1,91.9,25.75666666666667,75.99,3.9933333333333336
Iloilo,2003,2,411.54,27.74333333333333,75.00333333333333,2.51
Iloilo,2003,3,942.35,25.536666666666665,89.57333333333334,2.1666666666666665
Iloilo,2003,4,551.6800000000001,25.02,89.14999999999999,2.8533333333333335
Iloilo,2004,1,117.89,25.99,79.27333333333333,3.4966666666666666
Iloilo,2004,2,610.99,27.27333333333333,79.42,2.796666666666667
Iloilo,2004,3,687.09,25.47666666666667,88.61333333333334,2.3766666666666665
Iloilo,2004,4,434.07,25.36,87.77,2.84
Iloilo,2005,1,81.17999999999999,25.929999999999996,74.83999999999999,3.6466666666666665
Iloilo,2005,2,327.69,28.046666666666667,73.56666666666666,2.17
Iloilo,2005,3,964.87,25.62,89.71999999999998,2.3466666666666667
Iloilo,2005,4,610.78,25.393333333333334,90.91000000000001,2.5933333333333333
Iloilo,2006,1,211.93,25.19333333333333,85.86,3.6366666666666667
Iloilo,2006,2,611.14,27.03333333333333,79.84666666666666,2.3733333333333335
Iloilo,2006,3,830.74,25.39,90.18333333333334,2.626666666666667
Iloilo,2006,4,559.11,25.426666666666666,89.32333333333334,2.6033333333333335
Iloilo,2007,1,148.41,25.36,81.17,3.6300000000000003
Iloilo,2007,2,478.32,27.75333333333333,76.43333333333334,2.1333333333333333
Iloilo,2007,3,1032.25,25.743333333333336,89.21999999999998,2.353333333333333
Iloilo,2007,4,641.1099999999999,25.169999999999998,91.39999999999999,2.766666666666667
Iloilo,2008,1,375.48,24.689999999999998,89.06333333333333,3.393333333333333
Iloilo,2008,2,1103.95,25.986666666666668,86.78333333333335,2.31
Iloilo,2008,3,942.05,25.36,89.04333333333334,2.14
Iloilo,2008,4,711.8,25.41,90.84666666666665,2.6199999999999997
Iloilo,2009,1,225.14,25.093333333333334,86.21999999999998,3.466666666666667
Iloilo,2009,2,873.8299999999999,26.163333333333338,86.22666666666667,2.283333333333333
Iloilo,2009,3,841.8699999999999,25.766666666666666,89.14999999999999,2.853333333333333
Iloilo,2009,4,375.5,25.19333333333333,88.44333333333333,2.9600000000000004
Iloilo,2010,1,82.00999999999999,26.30333333333333,74.49333333333334,3.686666666666667
Iloilo,2010,2,267.14,28.95,69.13,2.2866666666666666
Iloilo,2010,3,924.6999999999999,26.016666666666666,86.47333333333334,1.53
Iloilo,2010,4,734.05,25.453333333333333,90.60000000000001,2.1666666666666665
Iloilo,2011,1,442.78,24.456666666666667,90.02333333333333,3.606666666666667
Iloilo,2011,2,588.3,26.03333333333333,85.33666666666666,2.353333333333333
Iloilo,2011,3,945.62,25.483333333333334,89.64,2.6566666666666667
Iloilo,2011,4,898.59,25.426666666666666,90.23333333333333,2.43
Iloilo,2012,1,433.21,24.96666666666667,88.94666666666667,3.1999999999999997
Iloilo,2012,2,493.25,26.363333333333333,84.43333333333334,2.1
Iloilo,2012,3,1086.49,25.52,89.07333333333334,2.7466666666666666
Iloilo,2012,4,429.15,25.33,88.88333333333333,2.8433333333333333
Iloilo,2013,1,298.1,25.27333333333333,84.89999999999999,3.6466666666666665
Iloilo,2013,2,650.04,27.713333333333335,77.91666666666667,1.8666666666666665
Iloilo,2013,3,1150.3899999999999,25.590000000000003,89.31333333333333,2.33
Iloilo,2013,4,593.86,25.436666666666667,89.78333333333335,2.78
Iloilo,2014,1,252.48,24.30333333333333,84.7,3.7133333333333334
Iloilo,2014,2,499.04,27.439999999999998,79.85000000000001,2.1366666666666667
Iloilo,2014,3,1048.18,25.560000000000002,88.98666666666668,2.4166666666666665
Iloilo,2014,4,738.3,25.33,90.77666666666669,2.8699999999999997
Iloilo,2015,1,114.14,24.923333333333332,81.12666666666667,3.466666666666667
Iloilo,2015,2,308.58,28.433333333333334,71.28,2.0433333333333334
Iloilo,2015,3,1060.1399999999999,25.849999999999998,88.78000000000002,2.5
Iloilo,2015,4,422.13,25.796666666666667,87.85666666666667,2.9466666666666668
Iloilo,2016,1,119.98,26.560000000000002,75.92333333333333,3.48
Iloilo,2016,2,455.02000000000004,28.46666666666667,74.26333333333334,2.1466666666666665
Iloilo,2016,3,926.63,26.026666666666667,88.45666666666666,2.3033333333333332
Iloilo,2016,4,872.0,25.513333333333332,90.40333333333332,2.4433333333333334
Iloilo,2017,1,319.71000000000004,24.81,86.70333333333333,3.5533333333333332
Iloilo,2017,2,670.0699999999999,27.333333333333332,81.17333333333333,1.8233333333333333
Iloilo,2017,3,1241.75,26.043333333333333,88.11333333333333,1.9366666666666668
Iloilo,2017,4,964.37,25.80333333333333,89.92,2.5933333333333333
Iloilo,2018,1,428.13,25.080000000000002,88.25999999999999,3.186666666666667
Iloilo,2018,2,576.97,27.013333333333335,82.22,2.36
Iloilo,2018,3,1020.39,25.676666666666666,89.85333333333334,2.8966666666666665
Iloilo,2018,4,493.62,25.66,88.25333333333333,2.813333333333333
Iloilo,2019,1,166.54000000000002,24.929999999999996,79.72666666666667,3.5666666666666664
Iloilo,2019,2,472.03000000000003,27.866666666666664,77.90666666666667,2.1366666666666667
Iloilo,2019,3,1212.44,25.873333333333335,89.40333333333332,2.703333333333333
Iloilo,2019,4,917.75,25.643333333333334,89.22333333333334,2.4633333333333334
Iloilo,2020,1,157.71,25.633333333333336,81.36333333333333,3.5066666666666664
Iloilo,2020,2,1278.8700000000001,28.36,75.06333333333333,2.186666666666667
Iloilo,2020,3,1069.72,26.293333333333333,87.20666666666666,1.6766666666666665
Iloilo,2020,4,1640.1,25.72666666666667,90.97666666666667,2.4
Iloilo,2021,1,408.96000000000004,25.05,89.18666666666667,3.1033333333333335
Iloilo,2021,2,453.24,27.016666666666666,82.11333333333333,2.1866666666666665
Iloilo,2021,3,965.52,26.21666666666667,88.05666666666667,2.2133333333333334
Iloilo,2021,4,665.49,25.633333333333336,90.71,2.9633333333333334
Iloilo,2022,1,201.63,25.483333333333334,85.48,3.3266666666666667
Iloilo,2022,2,910.9300000000001,26.436666666666667,85.51666666666665,2.0533333333333332
Iloilo,2022,3,1078.16,26.060000000000002,88.54,1.9333333333333333
Iloilo,2022,4,906.91,25.666666666666668,90.64,2.5833333333333335
Iloilo,2023,1,418.20000000000005,24.80666666666667,89.09333333333332,3.466666666666667
Iloilo,2023,2,492.36,27.346666666666664,81.59666666666666,2.0533333333333332
Iloilo,2023,3,839.01,26.409999999999997,88.60333333333334,2.6300000000000003
Iloilo,2023,4,505.62,26.183333333333334,89.71999999999998,2.5733333333333333
Iloilo,2024,1,93.22,26.436666666666667,76.94666666666667,3.8033333333333332
Iloilo,2024,2,329.22999999999996,29.353333333333335,70.71666666666667,2.486666666666667
Iloilo,2024,3,1296.77,26.44666666666667,89.49000000000001,2.35
Iloilo,2024,4,682.27,26.290000000000003,89.10333333333334,2.466666666666667
Iloilo,2025,1,311.84000000000003,25.613333333333333,88.09333333333332,3.313333333333333
Iloilo,2025,2,646.25,27.206666666666667,82.86,2.12
Iloilo,2025,3,1118.9,25.896666666666665,89.40666666666668,2.46
Iloilo,2025,4,1024.66,25.896666666666665,91.05333333333333,2.433333333333333
Isabela,2000,1,423.46000000000004,23.543333333333333,86.61333333333334,2.1733333333333333
Isabela,2000,2,460.38,27.103333333333335,81.59,1.47
Isabela,2000,3,798.98,26.30333333333333,87.50333333333333,1.45
Isabela,2000,4,1288.78,24.996666666666666,90.25999999999999,2.276666666666667
Isabela,2001,1,484.31,23.790000000000003,86.79333333333334,2.1533333333333333
Isabela,2001,2,443.91,27.26,83.32666666666667,1.5366666666666664
Isabela,2001,3,783.0,26.650000000000002,87.46,1.2633333333333334
Isabela,2001,4,495.77000000000004,24.093333333333334,86.53000000000002,2.39
Isabela,2002,1,174.06,23.863333333333333,76.65333333333332,2.25
Isabela,2002,2,295.36,28.603333333333335,70.38,1.6766666666666667
Isabela,2002,3,890.51,27.0,85.70666666666666,1.3233333333333333
Isabela,2002,4,435.04,25.016666666666666,87.21999999999998,1.83
Isabela,2003,1,65.54,24.37,72.12333333333333,2.373333333333333
Isabela,2003,2,504.02,28.746666666666666,71.44,1.8933333333333333
Isabela,2003,3,719.88,26.75,86.30666666666667,1.3800000000000001
Isabela,2003,4,461.84000000000003,23.99,86.05333333333333,2.2466666666666666
Isabela,2004,1,215.25,24.483333333333334,78.07000000000001,2.14
Isabela,2004,2,650.6700000000001,28.209999999999997,73.61,1.9500000000000002
Isabela,2004,3,681.28,26.53333333333333,86.18333333333334,1.2733333333333332
Isabela,2004,4,647.1600000000001,24.176666666666666,85.92333333333333,2.54
Isabela,2005,1,244.29000000000002,24.169999999999998,77.01666666666667,2.026666666666667
Isabela,2005,2,521.61,27.853333333333335,76.7,1.6233333333333333
Isabela,2005,3,999.09,26.613333333333333,87.26333333333332,1.4766666666666666
Isabela,2005,4,1058.73,24.583333333333332,89.55666666666667,2.18
Isabela,2006,1,546.0600000000001,23.849999999999998,86.42666666666666,2.04
Isabela,2006,2,334.09,27.903333333333336,75.3,1.6966666666666665
Isabela,2006,3,865.87,26.856666666666666,86.57666666666667,1.2433333333333334
Isabela,2006,4,1018.67,24.77,88.86000000000001,2.0366666666666666
Isabela,2007,1,195.54,24.21666666666667,80.46666666666667,2.033333333333333
Isabela,2007,2,453.05,27.88,77.21,1.6466666666666665
Isabela,2007,3,729.1999999999999,27.006666666666664,86.04333333333334,1.2333333333333334
Isabela,2007,4,971.54,24.44666666666667,89.38333333333333,2.4333333333333336
Isabela,2008,1,344.39,23.416666666666668,85.41333333333334,2.296666666666667
Isabela,2008,2,530.12,27.206666666666667,80.68666666666667,1.6199999999999999
Isabela,2008,3,994.0,26.546666666666667,86.52666666666666,1.3466666666666667
Isabela,2008,4,1004.6700000000001,24.49,89.14666666666666,2.0566666666666666
Isabela,2009,1,328.59000000000003,23.83,83.47666666666667,2.14
Isabela,2009,2,926.75,26.223333333333333,86.04666666666667,1.8066666666666666
Isabela,2009,3,1010.27,27.006666666666664,87.33333333333333,1.4000000000000001
Isabela,2009,4,1012.7,24.189999999999998,87.02999999999999,2.186666666666667
Isabela,2010,1,125.98,25.03,73.83999999999999,2.1166666666666667
Isabela,2010,2,374.75,28.97,71.32666666666667,1.6366666666666667
Isabela,2010,3,738.71,26.753333333333334,85.91666666666667,1.26
Isabela,2010,4,986.36,24.743333333333336,89.06666666666666,1.9400000000000002
Isabela,2011,1,318.89,22.87,84.37,2.2733333333333334
Isabela,2011,2,564.9300000000001,26.8,79.61666666666666,1.7733333333333334
Isabela,2011,3,1082.25,26.863333333333333,85.89999999999999,1.42
Isabela,2011,4,1345.01,24.853333333333335,90.53333333333335,2.0966666666666667
Isabela,2012,1,550.48,23.816666666666666,86.46999999999998,1.9400000000000002
Isabela,2012,2,525.24,27.310000000000002,82.95333333333333,1.3499999999999999
Isabela,2012,3,909.03,26.683333333333334,86.58,1.3333333333333333
Isabela,2012,4,584.45,24.679999999999996,87.24333333333334,1.7633333333333334
Isabela,2013,1,343.51,24.189999999999998,81.87333333333333,1.9466666666666665
Isabela,2013,2,527.62,27.67,80.23333333333333,1.4566666666666668
Isabela,2013,3,951.45,26.433333333333334,86.92333333333333,1.3833333333333335
Isabela,2013,4,1031.27,24.353333333333335,89.06333333333333,2.016666666666666
Isabela,2014,1,165.19,23.17,79.42999999999999,1.9799999999999998
Isabela,2014,2,324.16,28.853333333333335,71.97666666666667,1.63
Isabela,2014,3,832.04,27.173333333333336,84.24333333333333,1.3333333333333333
Isabela,2014,4,661.97,24.49333333333333,88.31333333333333,2.013333333333333
Isabela,2015,1,264.49,23.063333333333333,80.49333333333334,2.0233333333333334
Isabela,2015,2,319.17,28.486666666666668,72.86,1.71
Isabela,2015,3,637.6500000000001,27.53333333333333,81.48,1.4100000000000001
Isabela,2015,4,978.3299999999999,25.493333333333336,85.96666666666665,1.9966666666666668
Isabela,2016,1,199.85,24.563333333333333,80.8,2.0033333333333334
Isabela,2016,2,376.34,29.073333333333334,72.40666666666667,1.72
Isabela,2016,3,742.4300000000001,27.526666666666667,83.64333333333333,1.0966666666666667
Isabela,2016,4,1338.51,25.2,89.45,2.103333333333333
Isabela,2017,1,561.76,23.133333333333336,86.23666666666666,2.026666666666667
Isabela,2017,2,508.74,27.763333333333332,79.33333333333333,1.5466666666666666
Isabela,2017,3,677.9100000000001,27.276666666666667,85.82,1.2533333333333332
Isabela,2017,4,1078.15,24.956666666666667,89.89333333333333,2.14
Isabela,2018,1,261.17,23.963333333333335,83.16333333333334,2.0066666666666664
Isabela,2018,2,361.62,28.69666666666667,72.41666666666667,1.6466666666666665
Isabela,2018,3,988.65,26.956666666666667,86.14333333333333,1.3099999999999998
Isabela,2018,4,460.25,25.36,83.23333333333333,1.9733333333333334
Isabela,2019,1,178.63,24.516666666666666,75.63,1.89
Isabela,2019,2,553.82,28.266666666666666,78.19,1.4733333333333334
Isabela,2019,3,927.17,27.316666666666666,84.94,1.2433333333333334
Isabela,2019,4,918.9399999999999,24.936666666666667,88.38,1.8566666666666667
Isabela,2020,1,250.68,24.14,80.33333333333333,1.95
Isabela,2020,2,1028.24,28.319999999999997,77.08333333333333,1.63
Isabela,2020,3,685.4300000000001,27.26,85.01,1.1366666666666667
Isabela,2020,4,4620.639999999999,25.403333333333336,90.67,2.123333333333333
Isabela,2021,1,356.81,23.686666666666667,86.07666666666667,2.03
Isabela,2021,2,244.95999999999998,28.793333333333333,70.56,1.75
Isabela,2021,3,625.71,27.403333333333332,84.84333333333333,1.1966666666666665
Isabela,2021,4,724.18,24.94333333333333,87.38333333333333,1.9799999999999998
Isabela,2022,1,392.61,24.36,83.47333333333334,1.78
Isabela,2022,2,687.6800000000001,27.06,82.94666666666667,1.5433333333333332
Isabela,2022,3,923.82,27.093333333333334,85.96333333333332,1.2699999999999998
Isabela,2022,4,851.2099999999999,25.176666666666666,89.11333333333334,1.9333333333333333
Isabela,2023,1,305.98,23.72,81.87,2.186666666666667
Isabela,2023,2,360.27,28.83,73.16333333333334,1.8466666666666667
Isabela,2023,3,889.96,27.86,84.79666666666667,1.4100000000000001
Isabela,2023,4,528.16,25.706666666666667,87.20666666666666,1.8099999999999998
Isabela,2024,1,154.56,24.856666666666666,76.52666666666666,2.11
Isabela,2024,2,418.57,28.926666666666666,75.56333333333333,1.7433333333333334
Isabela,2024,3,993.73,27.623333333333335,86.06333333333333,1.3
Isabela,2024,4,1179.81,25.566666666666666,89.66666666666667,2.276666666666667
Isabela,2025,1,468.89,23.80666666666667,87.21,2.11
Isabela,2025,2,498.13,28.393333333333334,77.31333333333333,1.51
Isabela,2025,3,1126.12,26.903333333333336,87.58666666666666,1.4766666666666666
Isabela,2025,4,1118.16,25.44333333333333,90.11333333333334,2.02
Kalinga,2000,1,199.28,21.02,88.61333333333333,1.7066666666666668
Kalinga,2000,2,447.25,24.936666666666667,81.12,1.0866666666666667
Kalinga,2000,3,971.6800000000001,23.766666666666666,89.15333333333335,1.3366666666666667
Kalinga,2000,4,919.74,22.323333333333334,92.71666666666665,1.9833333333333334
Kalinga,2001,1,300.74,21.150000000000002,89.25333333333333,1.6733333333333331
Kalinga,2001,2,391.38,25.13,83.15,1.04
Kalinga,2001,3,1023.0,24.123333333333335,89.00999999999999,1.2566666666666666
Kalinga,2001,4,305.9,21.236666666666668,90.19333333333333,1.95
Kalinga,2002,1,72.57000000000001,21.433333333333334,78.01666666666667,1.6733333333333331
Kalinga,2002,2,345.78,26.126666666666665,71.86,1.3633333333333333
Kalinga,2002,3,1006.9300000000001,24.393333333333334,87.86666666666667,1.2
Kalinga,2002,4,300.67,22.256666666666664,90.34666666666665,1.5200000000000002
Kalinga,2003,1,35.36,21.44666666666667,76.37333333333333,1.7566666666666666
Kalinga,2003,2,633.1800000000001,26.13,73.47,1.3633333333333333
Kalinga,2003,3,726.61,24.24666666666667,88.33666666666666,1.1233333333333333
Kalinga,2003,4,360.75,21.13,89.84333333333332,1.7666666666666666
Kalinga,2004,1,140.31,21.703333333333333,80.64333333333333,1.5599999999999998
Kalinga,2004,2,699.08,25.73,74.50333333333333,1.5466666666666666
Kalinga,2004,3,819.0,23.936666666666667,88.13666666666667,1.2266666666666666
Kalinga,2004,4,362.24,21.30666666666667,89.16666666666667,1.9366666666666665
Kalinga,2005,1,183.81,21.293333333333333,79.79,1.45
Kalinga,2005,2,580.16,25.926666666666666,74.64333333333333,1.0466666666666666
Kalinga,2005,3,1134.2,24.106666666666666,88.96,1.2466666666666668
Kalinga,2005,4,624.57,21.833333333333332,92.05666666666667,1.7699999999999998
Kalinga,2006,1,273.34999999999997,21.326666666666668,88.08,1.5666666666666667
Kalinga,2006,2,277.49,26.093333333333334,72.84333333333332,1.2566666666666666
Kalinga,2006,3,997.0300000000001,24.356666666666666,88.44333333333334,1.23
Kalinga,2006,4,722.86,22.066666666666666,91.42333333333333,1.5766666666666664
Kalinga,2007,1,90.05,21.483333333333334,83.63,1.4766666666666666
Kalinga,2007,2,425.6,25.456666666666667,77.60666666666667,1.1766666666666665
Kalinga,2007,3,886.64,24.53,87.61333333333333,1.0999999999999999
Kalinga,2007,4,694.12,21.763333333333335,91.83,1.9966666666666668
Kalinga,2008,1,160.76,20.723333333333333,87.61,1.7733333333333334
Kalinga,2008,2,415.3,25.099999999999998,79.06333333333333,1.25
Kalinga,2008,3,1550.36,24.14,87.41666666666667,1.2466666666666668
Kalinga,2008,4,565.37,21.71666666666667,91.97666666666667,1.7133333333333332
Kalinga,2009,1,182.88,21.123333333333335,86.39333333333333,1.5999999999999999
Kalinga,2009,2,843.25,23.98,86.04,1.3166666666666667
Kalinga,2009,3,1293.9,24.580000000000002,88.70666666666666,1.1366666666666667
Kalinga,2009,4,1047.21,21.453333333333333,90.32666666666667,1.7466666666666668
Kalinga,2010,1,40.57,22.53333333333333,74.77,1.5133333333333334
Kalinga,2010,2,411.47,26.599999999999998,71.90666666666667,1.1300000000000001
Kalinga,2010,3,762.1700000000001,24.28333333333333,87.11666666666667,0.9866666666666667
Kalinga,2010,4,744.9300000000001,22.150000000000002,91.07333333333334,1.54
Kalinga,2011,1,160.82,20.206666666666667,86.54,1.76
Kalinga,2011,2,509.83000000000004,24.95,77.55,1.26
Kalinga,2011,3,1266.58,24.153333333333332,87.89999999999999,1.2966666666666666
Kalinga,2011,4,841.57,22.24,92.60333333333334,1.74
Kalinga,2012,1,242.03,21.400000000000002,87.68333333333334,1.4766666666666666
Kalinga,2012,2,679.67,25.346666666666664,81.39333333333333,0.9899999999999999
Kalinga,2012,3,1170.68,24.169999999999998,88.39666666666666,1.24
Kalinga,2012,4,343.8,22.03,89.63666666666666,1.3699999999999999
Kalinga,2013,1,133.32,22.183333333333334,80.34333333333333,1.54
Kalinga,2013,2,496.18,25.656666666666666,78.72666666666667,0.9733333333333333
Kalinga,2013,3,1039.13,23.96666666666667,88.19666666666667,1.22
Kalinga,2013,4,682.9499999999999,21.613333333333333,91.5,1.5233333333333334
Kalinga,2014,1,58.69,20.349999999999998,82.67333333333333,1.3399999999999999
Kalinga,2014,2,431.06,26.593333333333334,72.30333333333333,0.9833333333333334
Kalinga,2014,3,1059.36,24.45,87.08999999999999,1.1566666666666665
Kalinga,2014,4,352.7,21.836666666666662,90.63666666666667,1.5833333333333333
Kalinga,2015,1,114.37,20.813333333333333,80.31,1.4566666666666668
Kalinga,2015,2,302.29,26.5,71.41000000000001,1.09
Kalinga,2015,3,1012.8,24.683333333333334,85.25333333333333,1.3499999999999999
Kalinga,2015,4,681.94,22.666666666666668,89.51666666666667,1.5766666666666669
Kalinga,2016,1,89.75999999999999,22.013333333333332,82.00666666666667,1.33
Kalinga,2016,2,367.14,26.77,72.68666666666667,1.03
Kalinga,2016,3,1050.6399999999999,24.816666666666666,86.08,1.0466666666666666
Kalinga,2016,4,948.5600000000001,22.546666666666667,91.97666666666667,1.6966666666666665
Kalinga,2017,1,230.63,20.56,88.63666666666667,1.5999999999999999
Kalinga,2017,2,490.21000000000004,25.566666666666666,79.01,0.9966666666666667
Kalinga,2017,3,801.92,24.713333333333335,87.48,1.04
Kalinga,2017,4,726.71,22.27,92.43333333333334,1.6900000000000002
Kalinga,2018,1,146.55,21.290000000000003,85.27333333333333,1.51
Kalinga,2018,2,427.74,26.37,73.46333333333332,1.2433333333333334
Kalinga,2018,3,1284.3,24.396666666666665,87.8,1.2233333333333334
Kalinga,2018,4,272.37,22.586666666666662,86.78000000000002,1.5466666666666666
Kalinga,2019,1,76.14999999999999,22.546666666666667,73.83,1.4466666666666665
Kalinga,2019,2,592.85,26.073333333333334,78.60666666666667,0.9233333333333333
Kalinga,2019,3,1319.74,24.653333333333332,87.50666666666666,1.19
Kalinga,2019,4,831.02,22.189999999999998,91.3,1.49
Kalinga,2020,1,142.4,21.483333333333334,82.61,1.4400000000000002
Kalinga,2020,2,1279.09,26.290000000000003,75.66000000000001,1.1633333333333333
Kalinga,2020,3,851.29,24.74333333333333,86.51666666666667,0.9166666666666666
Kalinga,2020,4,3906.39,22.72666666666667,93.20666666666666,1.78
Kalinga,2021,1,196.53,21.05666666666667,88.89,1.4933333333333334
Kalinga,2021,2,238.79999999999998,26.38,70.88666666666667,1.37
Kalinga,2021,3,855.3399999999999,24.74666666666667,87.33999999999999,1.1933333333333334
Kalinga,2021,4,519.68,22.22,90.54333333333334,1.6166666666666665
Kalinga,2022,1,186.93,22.2,83.49666666666667,1.3866666666666667
Kalinga,2022,2,659.17,24.96666666666667,82.47333333333334,1.0866666666666667
Kalinga,2022,3,960.67,24.583333333333332,87.69,1.05
Kalinga,2022,4,784.2,22.486666666666668,91.61666666666667,1.5533333333333335
Kalinga,2023,1,162.98,20.98,84.78666666666668,1.6666666666666667
Kalinga,2023,2,316.84,26.613333333333333,73.44,1.3566666666666667
Kalinga,2023,3,1343.24,25.293333333333333,86.65333333333335,1.31
Kalinga,2023,4,332.95,23.00333333333333,90.28000000000002,1.5033333333333332
Kalinga,2024,1,53.58,22.586666666666662,76.75666666666666,1.6866666666666665
Kalinga,2024,2,386.1,27.156666666666666,72.92333333333333,1.1366666666666667
Kalinga,2024,3,1172.12,25.093333333333334,87.74666666666667,1.1366666666666667
Kalinga,2024,4,986.12,22.95,91.89,1.843333333333333
Kalinga,2025,1,240.85000000000002,21.256666666666664,88.99666666666667,1.6666666666666667
Kalinga,2025,2,545.93,26.33,76.46333333333332,1.0266666666666666
Kalinga,2025,3,1388.63,24.483333333333334,89.11333333333334,1.27
Kalinga,2025,4,759.21,22.866666666666664,92.15666666666668,1.6499999999999997
La Union,2000,1,227.71,21.86,82.61666666666667,1.75
La Union,2000,2,723.16,23.94666666666667,84.79,1.42
La Union,2000,3,1898.99,22.689999999999998,92.11000000000001,2.23
La Union,2000,4,802.8,22.543333333333333,87.51333333333332,2.1333333333333333
La Union,2001,1,256.90000000000003,21.963333333333335,83.05666666666667,1.7133333333333332
La Union,2001,2,649.65,24.096666666666664,85.94666666666666,1.4333333333333333
La Union,2001,3,1167.04,22.823333333333334,92.79333333333334,2.0366666666666666
La Union,2001,4,165.17000000000002,21.856666666666666,83.62,2.0433333333333334
La Union,2002,1,43.78,21.49666666666667,76.91666666666667,1.6500000000000001
La Union,2002,2,628.28,24.906666666666666,77.53666666666668,1.4866666666666666
La Union,2002,3,2121.2799999999997,23.113333333333333,91.64333333333333,2.066666666666667
La Union,2002,4,290.79,22.706666666666667,85.17666666666666,1.4033333333333333
La Union,2003,1,30.8,21.226666666666667,77.67,1.72
La Union,2003,2,926.6800000000001,24.866666666666664,78.65666666666667,1.6366666666666667
La Union,2003,3,1640.61,23.323333333333334,90.2,1.8099999999999998
La Union,2003,4,227.5,21.723333333333333,83.95333333333333,1.8066666666666666
La Union,2004,1,168.97,21.733333333333334,80.27666666666666,1.46
La Union,2004,2,1140.16,24.436666666666667,80.29666666666667,1.7633333333333334
La Union,2004,3,1644.22,23.02333333333333,90.52999999999999,1.75
La Union,2004,4,319.23,21.91,84.02666666666666,1.8366666666666667
La Union,2005,1,98.52999999999999,21.246666666666666,78.56666666666666,1.4100000000000001
La Union,2005,2,659.96,24.563333333333333,79.95666666666666,1.54
La Union,2005,3,1305.78,23.406666666666666,89.83999999999999,1.8800000000000001
La Union,2005,4,405.53,22.53,86.14999999999999,1.57
La Union,2006,1,214.26,22.016666666666666,82.78,1.4666666666666668
La Union,2006,2,432.61,24.649999999999995,79.27666666666666,1.4266666666666667
La Union,2006,3,1940.74,23.040000000000003,91.85000000000001,1.9733333333333334
La Union,2006,4,481.90999999999997,22.456666666666667,85.86,1.6900000000000002
La Union,2007,1,53.85,21.78333333333333,80.77666666666666,1.47
La Union,2007,2,542.9,24.403333333333336,80.94,1.29
La Union,2007,3,1437.03,23.39,90.19666666666667,1.8699999999999999
La Union,2007,4,667.65,22.13,87.03333333333335,1.9633333333333336
La Union,2008,1,152.68,21.45,82.10000000000001,1.8500000000000003
La Union,2008,2,864.2,23.75333333333333,83.94,1.49
La Union,2008,3,1865.27,23.080000000000002,90.53666666666668,1.8633333333333333
La Union,2008,4,310.97,22.456666666666667,85.54333333333334,1.5966666666666667
La Union,2009,1,124.58,21.853333333333335,81.14333333333333,1.5899999999999999
La Union,2009,2,1228.3899999999999,23.580000000000002,86.22333333333331,1.7
La Union,2009,3,1855.8899999999999,23.430000000000003,92.22666666666667,1.95
La Union,2009,4,1286.32,21.80333333333333,85.71666666666665,1.84
La Union,2010,1,25.840000000000003,22.05,76.83666666666666,1.4166666666666667
La Union,2010,2,542.73,25.22,76.91000000000001,1.36
La Union,2010,3,1171.79,23.456666666666667,88.59666666666668,1.5200000000000002
La Union,2010,4,808.63,22.64,86.71333333333332,1.4000000000000001
La Union,2011,1,133.65,21.093333333333334,82.07333333333334,1.6066666666666667
La Union,2011,2,935.4599999999999,23.83666666666667,81.86666666666667,1.6066666666666665
La Union,2011,3,1846.54,23.116666666666664,90.99333333333334,1.89
La Union,2011,4,474.59,22.47,86.87333333333333,1.7666666666666666
La Union,2012,1,187.7,22.136666666666667,81.91333333333334,1.27
La Union,2012,2,842.71,24.070000000000004,85.31333333333333,1.5766666666666669
La Union,2012,3,2241.73,23.080000000000002,91.60666666666667,1.8933333333333333
La Union,2012,4,189.46,22.570000000000004,84.27,1.29
La Union,2013,1,110.22,22.209999999999997,79.29333333333334,1.4266666666666667
La Union,2013,2,560.23,24.706666666666667,81.03666666666668,1.3266666666666667
La Union,2013,3,1925.3000000000002,23.203333333333333,89.37333333333333,1.74
La Union,2013,4,411.48,22.28,86.67,1.3733333333333333
La Union,2014,1,40.27,20.97,79.28,1.2966666666666666
La Union,2014,2,670.5899999999999,24.560000000000002,82.06,1.3666666666666665
La Union,2014,3,1713.8799999999999,23.513333333333335,89.36333333333334,1.7433333333333334
La Union,2014,4,252.7,22.669999999999998,84.86,1.3466666666666667
La Union,2015,1,74.7,21.17,79.10333333333334,1.3733333333333333
La Union,2015,2,430.39,25.063333333333333,77.95666666666666,1.3066666666666666
La Union,2015,3,1917.96,23.563333333333333,89.63333333333333,1.9166666666666667
La Union,2015,4,720.46,22.786666666666665,85.03666666666668,1.6166666666666665
La Union,2016,1,44.55,22.14,81.46666666666665,1.2933333333333332
La Union,2016,2,494.83,25.14,79.25333333333333,1.28
La Union,2016,3,1669.8600000000001,23.69333333333333,89.77,1.6333333333333335
La Union,2016,4,763.4499999999999,22.819999999999997,86.73666666666668,1.7066666666666668
La Union,2017,1,193.24,21.583333333333332,82.94333333333334,1.3866666666666667
La Union,2017,2,717.97,24.320000000000004,82.68333333333334,1.2633333333333334
La Union,2017,3,1371.3799999999999,23.723333333333333,89.56666666666666,1.5833333333333333
La Union,2017,4,509.12,22.906666666666666,86.19666666666667,1.64
La Union,2018,1,71.64,22.073333333333334,80.93333333333332,1.3399999999999999
La Union,2018,2,873.88,24.5,83.16666666666667,1.3266666666666667
La Union,2018,3,2659.0,23.189999999999998,91.98666666666666,2.07
La Union,2018,4,263.96000000000004,22.626666666666665,84.29666666666667,1.4966666666666668
La Union,2019,1,53.809999999999995,21.84,77.76333333333334,1.3
La Union,2019,2,705.57,24.97,81.28,1.3466666666666667
La Union,2019,3,1865.18,23.36,91.71999999999998,2.0433333333333334
La Union,2019,4,373.57,22.786666666666665,85.31666666666666,1.3399999999999999
La Union,2020,1,281.8,21.703333333333333,80.43666666666667,1.4133333333333333
La Union,2020,2,861.29,24.76,82.46666666666667,1.2866666666666666
La Union,2020,3,1354.8,23.97666666666667,88.38,1.3166666666666667
La Union,2020,4,1112.67,23.116666666666664,87.96666666666665,1.7033333333333331
La Union,2021,1,211.34,21.83666666666667,84.25,1.42
La Union,2021,2,419.3,24.5,81.5,1.3333333333333333
La Union,2021,3,1784.53,23.939999999999998,89.27666666666666,1.7933333333333332
La Union,2021,4,540.07,22.653333333333336,85.81666666666666,1.61
La Union,2022,1,211.09,22.310000000000002,82.55,1.2066666666666668
La Union,2022,2,730.73,24.236666666666668,83.91000000000001,1.25
La Union,2022,3,1315.99,23.603333333333335,89.91000000000001,1.6466666666666665
La Union,2022,4,600.64,23.063333333333333,85.80333333333333,1.5666666666666667
La Union,2023,1,105.5,21.873333333333335,79.82666666666667,1.5466666666666666
La Union,2023,2,819.52,24.876666666666665,82.72666666666667,1.4833333333333334
La Union,2023,3,1940.46,24.133333333333336,91.00333333333333,1.9333333333333333
La Union,2023,4,250.39999999999998,23.453333333333333,85.79,1.3866666666666667
La Union,2024,1,53.53,22.52,77.66000000000001,1.4233333333333331
La Union,2024,2,539.76,25.923333333333332,77.38333333333334,1.33
La Union,2024,3,1726.45,24.066666666666666,89.56666666666666,1.7566666666666666
La Union,2024,4,807.01,23.37,87.36,1.7266666666666666
La Union,2025,1,204.64,22.426666666666666,82.20666666666666,1.54
La Union,2025,2,770.07,24.866666666666664,82.17999999999999,1.2366666666666666
La Union,2025,3,2225.86,23.576666666666668,90.81,2.0466666666666664
La Union,2025,4,725.02,23.349999999999998,86.78666666666668,1.5666666666666664
Laguna,2000,1,542.4300000000001,24.330000000000002,89.04333333333334,1.68
Laguna,2000,2,442.89,26.689999999999998,85.36333333333334,1.1433333333333333
Laguna,2000,3,716.87,25.893333333333334,88.58666666666666,1.3933333333333333
Laguna,2000,4,1110.44,25.373333333333335,91.59333333333332,1.5333333333333332
Laguna,2001,1,466.66,24.723333333333333,87.89,1.6433333333333333
Laguna,2001,2,484.46,27.233333333333334,82.66333333333334,1.1166666666666667
Laguna,2001,3,506.9,25.963333333333335,89.07,1.45
Laguna,2001,4,1158.53,24.69333333333333,90.04,1.6900000000000002
Laguna,2002,1,220.85,23.843333333333334,83.84666666666666,1.71
Laguna,2002,2,352.29,27.736666666666668,76.32666666666667,1.3
Laguna,2002,3,884.81,26.16,88.28666666666668,1.3466666666666667
Laguna,2002,4,908.2,25.34,90.11333333333334,1.36
Laguna,2003,1,147.48000000000002,24.209999999999997,81.82333333333334,1.71
Laguna,2003,2,442.34999999999997,27.883333333333336,76.78666666666668,1.3333333333333333
Laguna,2003,3,695.25,26.243333333333336,88.08,1.1933333333333334
Laguna,2003,4,606.93,24.823333333333334,87.93666666666667,1.5266666666666666
Laguna,2004,1,225.31,24.73,83.20333333333333,1.55
Laguna,2004,2,481.36,27.19666666666667,81.91333333333334,1.45
Laguna,2004,3,530.89,26.099999999999998,87.18333333333334,1.2466666666666668
Laguna,2004,4,913.2,24.876666666666665,88.19333333333333,1.5133333333333334
Laguna,2005,1,230.97,24.293333333333333,82.96666666666667,1.55
Laguna,2005,2,323.49,27.67,77.08,1.1166666666666665
Laguna,2005,3,772.8199999999999,26.296666666666667,88.58333333333333,1.2066666666666668
Laguna,2005,4,1318.01,25.330000000000002,90.83999999999999,1.4366666666666668
Laguna,2006,1,445.74,24.646666666666665,87.52666666666666,1.5566666666666666
Laguna,2006,2,439.31,27.223333333333333,80.65333333333332,1.2833333333333334
Laguna,2006,3,802.1700000000001,26.146666666666665,88.29666666666667,1.29
Laguna,2006,4,816.34,25.47,89.14,1.43
Laguna,2007,1,233.56,24.493333333333336,84.21666666666667,1.6300000000000001
Laguna,2007,2,423.86,27.86,77.84,1.18
Laguna,2007,3,669.88,26.55,87.11666666666667,1.1366666666666667
Laguna,2007,4,1105.4,25.11,90.65333333333332,1.5733333333333333
Laguna,2008,1,698.24,24.256666666666664,88.60333333333334,1.6666666666666667
Laguna,2008,2,729.32,26.459999999999997,85.51333333333332,1.2300000000000002
Laguna,2008,3,587.3299999999999,26.19666666666667,86.85333333333334,1.1300000000000001
Laguna,2008,4,1147.47,25.263333333333335,90.81666666666666,1.406666666666667
Laguna,2009,1,433.65,24.316666666666666,87.61,1.5633333333333335
Laguna,2009,2,1042.5,26.436666666666667,87.28333333333335,1.1866666666666665
Laguna,2009,3,795.36,26.45,88.01333333333332,1.3466666666666667
Laguna,2009,4,650.17,24.786666666666665,88.28333333333335,1.4366666666666665
Laguna,2010,1,189.10999999999999,24.933333333333334,81.09666666666666,1.5966666666666667
Laguna,2010,2,217.65,28.816666666666666,72.34333333333333,1.1866666666666668
Laguna,2010,3,890.3,26.659999999999997,85.72333333333334,0.9899999999999999
Laguna,2010,4,1143.1999999999998,25.366666666666664,91.28000000000002,1.2733333333333332
Laguna,2011,1,471.67,23.849999999999998,88.05666666666667,1.6833333333333333
Laguna,2011,2,667.8299999999999,26.473333333333333,82.84666666666666,1.2466666666666668
Laguna,2011,3,814.59,26.133333333333336,88.71,1.3633333333333333
Laguna,2011,4,1268.62,25.47,90.34666666666665,1.3666666666666665
Laguna,2012,1,701.61,24.566666666666666,88.96999999999998,1.5566666666666666
Laguna,2012,2,355.36,26.983333333333334,83.92333333333333,1.1466666666666667
Laguna,2012,3,1180.09,26.143333333333334,88.57333333333334,1.3166666666666667
Laguna,2012,4,687.6,25.44333333333333,88.02,1.3833333333333335
Laguna,2013,1,434.43,24.58666666666667,85.98,1.6166666666666665
Laguna,2013,2,505.66,28.233333333333334,77.46666666666667,1.02
Laguna,2013,3,1220.03,26.26,88.50333333333333,1.1733333333333333
Laguna,2013,4,986.24,25.293333333333333,89.82666666666667,1.3499999999999999
Laguna,2014,1,154.0,23.876666666666665,82.64666666666666,1.5466666666666669
Laguna,2014,2,268.83,28.41333333333333,74.96333333333332,1.1266666666666667
Laguna,2014,3,891.9,26.483333333333334,86.92333333333333,1.2666666666666666
Laguna,2014,4,1191.18,25.22,89.92333333333333,1.43
Laguna,2015,1,232.82,23.713333333333335,83.79666666666667,1.57
Laguna,2015,2,210.60999999999999,28.55333333333333,72.50666666666666,1.1533333333333333
Laguna,2015,3,638.62,26.986666666666668,84.71,1.2
Laguna,2015,4,915.53,25.703333333333333,88.39,1.5433333333333332
Laguna,2016,1,347.7,24.86,85.53666666666668,1.4833333333333334
Laguna,2016,2,302.21,28.540000000000003,75.93666666666667,1.1700000000000002
Laguna,2016,3,643.92,26.84,86.49333333333334,1.2233333333333334
Laguna,2016,4,1309.6100000000001,25.580000000000002,90.63666666666666,1.42
Laguna,2017,1,412.02,24.076666666666668,87.36666666666667,1.63
Laguna,2017,2,472.11,27.87,79.43333333333334,1.06
Laguna,2017,3,1096.3799999999999,26.91,86.25666666666666,1.11
Laguna,2017,4,1404.8400000000001,25.69666666666667,90.35333333333334,1.4400000000000002
Laguna,2018,1,405.4,24.55333333333333,87.11,1.53
Laguna,2018,2,549.86,27.246666666666666,82.21,1.3433333333333335
Laguna,2018,3,843.8299999999999,26.19666666666667,88.79333333333334,1.3933333333333333
Laguna,2018,4,808.3,25.463333333333335,88.10666666666667,1.4533333333333331
Laguna,2019,1,125.8,24.546666666666667,80.71666666666667,1.5766666666666669
Laguna,2019,2,359.9,28.66,75.25333333333333,1.1766666666666665
Laguna,2019,3,724.11,26.55666666666667,87.32666666666667,1.4033333333333333
Laguna,2019,4,726.6,25.713333333333335,88.25666666666666,1.343333333333333
Laguna,2020,1,1108.88,24.433333333333334,86.33333333333333,1.5966666666666667
Laguna,2020,2,1345.56,27.506666666666664,83.83666666666666,1.1033333333333333
Laguna,2020,3,660.99,27.046666666666667,85.39666666666666,0.9833333333333334
Laguna,2020,4,2417.76,25.753333333333334,91.17999999999999,1.3966666666666665
Laguna,2021,1,611.04,24.596666666666664,88.21333333333332,1.5766666666666669
Laguna,2021,2,310.43,27.38,81.02666666666666,1.2733333333333334
Laguna,2021,3,1057.73,26.916666666666668,87.19666666666667,1.2266666666666668
Laguna,2021,4,787.55,25.44666666666667,90.08666666666666,1.4900000000000002
Laguna,2022,1,351.28,24.83666666666667,86.92333333333333,1.5633333333333332
Laguna,2022,2,690.75,27.083333333333332,83.57,1.1433333333333333
Laguna,2022,3,891.12,26.76,87.16666666666667,1.0833333333333333
Laguna,2022,4,1111.37,25.71666666666667,90.62666666666667,1.3766666666666667
Laguna,2023,1,531.75,24.236666666666668,87.43666666666667,1.6433333333333333
Laguna,2023,2,458.8,27.91,80.05,1.1633333333333333
Laguna,2023,3,695.56,27.313333333333333,86.44333333333334,1.32
Laguna,2023,4,1009.56,26.03333333333333,90.39333333333333,1.3666666666666665
Laguna,2024,1,180.3,24.99,83.32000000000001,1.68
Laguna,2024,2,472.33,29.036666666666665,75.33666666666666,1.26
Laguna,2024,3,953.33,27.26,87.05666666666667,1.21
Laguna,2024,4,1313.35,26.27,89.52,1.3800000000000001
Laguna,2025,1,603.2,24.89333333333333,88.87333333333333,1.5866666666666667
Laguna,2025,2,549.63,27.626666666666665,82.05333333333333,1.2166666666666668
Laguna,2025,3,1112.58,26.63,87.52333333333333,1.2699999999999998
Laguna,2025,4,1297.99,25.94333333333333,90.66333333333334,1.3233333333333333
Lanao del Norte,2000,1,594.26,25.186666666666667,86.19666666666667,1.92
Lanao del Norte,2000,2,627.1700000000001,25.973333333333333,85.04666666666667,1.2966666666666666
Lanao del Norte,2000,3,567.3,25.096666666666664,87.38,1.7533333333333332
Lanao del Norte,2000,4,697.12,25.39,87.36,1.5266666666666666
Lanao del Norte,2001,1,328.0,25.409999999999997,84.17333333333333,1.8633333333333333
Lanao del Norte,2001,2,467.05,26.340000000000003,82.30333333333334,1.3766666666666667
Lanao del Norte,2001,3,521.52,25.153333333333336,87.98333333333333,1.9233333333333331
Lanao del Norte,2001,4,888.98,25.156666666666666,88.54666666666667,1.9266666666666665
Lanao del Norte,2002,1,178.96,25.123333333333335,81.92999999999999,2.6466666666666665
Lanao del Norte,2002,2,488.10999999999996,26.87,78.79666666666667,1.4333333333333333
Lanao del Norte,2002,3,629.73,25.026666666666667,88.31666666666666,2.1266666666666665
Lanao del Norte,2002,4,358.24,25.74333333333333,84.58,1.4933333333333334
Lanao del Norte,2003,1,202.17,25.686666666666667,79.92333333333333,2.6266666666666665
Lanao del Norte,2003,2,484.65,26.8,79.35333333333334,1.45
Lanao del Norte,2003,3,889.1800000000001,24.99,89.09333333333332,1.76
Lanao del Norte,2003,4,631.21,25.173333333333332,88.06666666666666,1.9166666666666667
Lanao del Norte,2004,1,176.05,25.516666666666666,83.64666666666666,2.2266666666666666
Lanao del Norte,2004,2,636.98,26.44666666666667,81.61333333333333,1.6433333333333333
Lanao del Norte,2004,3,590.44,24.99666666666667,88.48,1.79
Lanao del Norte,2004,4,531.82,25.506666666666664,86.64999999999999,1.84
Lanao del Norte,2005,1,134.32,25.76,78.34333333333333,2.35
Lanao del Norte,2005,2,413.54999999999995,26.963333333333335,78.06333333333333,1.45
Lanao del Norte,2005,3,660.97,25.25,88.30333333333333,1.8766666666666667
Lanao del Norte,2005,4,719.5,25.74,86.59666666666668,1.4133333333333333
Lanao del Norte,2006,1,322.05,25.403333333333332,85.18666666666667,2.0500000000000003
Lanao del Norte,2006,2,489.73,26.563333333333333,79.67333333333333,1.3433333333333335
Lanao del Norte,2006,3,530.36,25.060000000000002,87.55,2.0066666666666664
Lanao del Norte,2006,4,639.58,25.60666666666667,85.89,1.66
Lanao del Norte,2007,1,223.62,25.49666666666667,82.12666666666667,2.393333333333333
Lanao del Norte,2007,2,519.0,27.09,78.5,1.1966666666666665
Lanao del Norte,2007,3,758.23,25.286666666666665,87.58333333333333,1.88
Lanao del Norte,2007,4,652.43,25.27333333333333,88.17,1.7233333333333334
Lanao del Norte,2008,1,603.12,25.186666666666667,85.91000000000001,1.8099999999999998
Lanao del Norte,2008,2,904.79,25.623333333333335,85.56,1.54
Lanao del Norte,2008,3,777.0,25.01,87.58,1.5899999999999999
Lanao del Norte,2008,4,846.3000000000001,25.55,87.19666666666666,1.5599999999999998
Lanao del Norte,2009,1,666.9100000000001,25.28,86.19333333333333,1.89
Lanao del Norte,2009,2,759.77,25.69666666666667,85.53333333333335,1.4966666666666668
Lanao del Norte,2009,3,874.24,25.27,87.90666666666668,1.9633333333333332
Lanao del Norte,2009,4,583.81,25.19333333333333,87.46,1.9533333333333331
Lanao del Norte,2010,1,220.32000000000002,25.52,80.75333333333333,2.32
Lanao del Norte,2010,2,501.27,27.453333333333333,77.27333333333333,1.22
Lanao del Norte,2010,3,961.99,25.87,84.15333333333332,1.2333333333333334
Lanao del Norte,2010,4,1008.8199999999999,25.606666666666666,86.02,1.4066666666666665
Lanao del Norte,2011,1,755.11,24.80666666666667,88.34333333333335,2.1
Lanao del Norte,2011,2,619.23,25.546666666666667,86.07666666666667,1.6766666666666667
Lanao del Norte,2011,3,726.6500000000001,24.97666666666667,87.86666666666667,1.9333333333333333
Lanao del Norte,2011,4,914.0600000000001,25.55333333333333,85.95333333333333,1.4866666666666666
Lanao del Norte,2012,1,585.35,25.203333333333333,85.74666666666667,1.8
Lanao del Norte,2012,2,569.87,25.69333333333333,84.66333333333334,1.5033333333333332
Lanao del Norte,2012,3,906.62,24.993333333333336,87.94666666666667,2.0066666666666664
Lanao del Norte,2012,4,715.4200000000001,25.416666666666668,86.60000000000001,1.8333333333333333
Lanao del Norte,2013,1,609.27,25.14,86.58999999999999,2.3533333333333335
Lanao del Norte,2013,2,617.6800000000001,26.310000000000002,83.10000000000001,1.1866666666666668
Lanao del Norte,2013,3,754.78,25.060000000000002,87.31333333333333,1.7700000000000002
Lanao del Norte,2013,4,915.56,25.456666666666667,86.78666666666668,1.67
Lanao del Norte,2014,1,463.18,24.513333333333335,86.76333333333334,2.7600000000000002
Lanao del Norte,2014,2,418.52,26.44333333333333,82.39,1.3800000000000001
Lanao del Norte,2014,3,726.43,25.080000000000002,87.34666666666665,1.8266666666666669
Lanao del Norte,2014,4,717.7,25.58666666666667,86.83,1.6866666666666665
Lanao del Norte,2015,1,191.19,24.993333333333336,82.26333333333334,2.5833333333333335
Lanao del Norte,2015,2,394.79,27.02333333333333,76.64999999999999,1.3666666666666665
Lanao del Norte,2015,3,783.9,25.28,87.29666666666667,2.0166666666666666
Lanao del Norte,2015,4,443.32,25.80333333333333,85.54,1.7700000000000002
Lanao del Norte,2016,1,74.52,26.540000000000003,75.49333333333334,2.216666666666667
Lanao del Norte,2016,2,659.51,27.333333333333332,78.27333333333333,1.1733333333333333
Lanao del Norte,2016,3,802.45,25.546666666666667,86.47666666666667,1.6033333333333335
Lanao del Norte,2016,4,882.38,25.563333333333333,87.08,1.5666666666666667
Lanao del Norte,2017,1,675.8199999999999,24.836666666666662,87.32333333333334,2.393333333333333
Lanao del Norte,2017,2,901.86,26.176666666666666,85.12,1.3166666666666667
Lanao del Norte,2017,3,831.29,25.400000000000002,86.89666666666666,1.5966666666666667
Lanao del Norte,2017,4,871.65,25.703333333333333,86.89999999999999,1.64
Lanao del Norte,2018,1,530.75,25.356666666666666,85.95333333333333,1.9100000000000001
Lanao del Norte,2018,2,682.29,26.203333333333333,83.76666666666667,1.32
Lanao del Norte,2018,3,671.02,25.209999999999997,87.74666666666667,2.01
Lanao del Norte,2018,4,592.41,25.673333333333332,86.79333333333334,1.7066666666666668
Lanao del Norte,2019,1,175.91,25.143333333333334,80.60666666666667,2.53
Lanao del Norte,2019,2,514.25,27.153333333333336,79.25333333333333,1.29
Lanao del Norte,2019,3,600.96,25.340000000000003,87.10333333333334,2.0566666666666666
Lanao del Norte,2019,4,579.03,25.666666666666668,86.42,1.5766666666666669
Lanao del Norte,2020,1,182.69,26.106666666666666,79.27,2.4
Lanao del Norte,2020,2,999.3299999999999,27.493333333333336,77.04333333333334,1.3
Lanao del Norte,2020,3,842.16,25.72666666666667,86.39999999999999,1.5066666666666666
Lanao del Norte,2020,4,1267.49,25.73,87.04333333333334,1.5733333333333333
Lanao del Norte,2021,1,615.16,25.27,86.72666666666667,1.9533333333333334
Lanao del Norte,2021,2,745.87,26.05666666666667,85.01333333333334,1.4766666666666666
Lanao del Norte,2021,3,798.0699999999999,25.63,86.35333333333334,1.6933333333333334
Lanao del Norte,2021,4,952.57,25.790000000000003,87.21666666666665,1.7
Lanao del Norte,2022,1,456.06,25.456666666666667,85.34666666666668,1.9866666666666666
Lanao del Norte,2022,2,1147.52,25.873333333333335,85.91000000000001,1.3633333333333333
Lanao del Norte,2022,3,696.71,25.426666666666666,87.28666666666668,1.58
Lanao del Norte,2022,4,905.47,25.62,87.10000000000001,1.4866666666666666
Lanao del Norte,2023,1,664.61,24.99333333333333,88.17666666666666,2.19
Lanao del Norte,2023,2,602.14,26.223333333333333,83.74,1.4566666666666668
Lanao del Norte,2023,3,686.3299999999999,25.69666666666667,87.67999999999999,1.93
Lanao del Norte,2023,4,618.22,26.176666666666666,85.91000000000001,1.5199999999999998
Lanao del Norte,2024,1,226.09,25.62,83.93333333333334,2.5366666666666666
Lanao del Norte,2024,2,575.3199999999999,27.793333333333333,77.81666666666666,1.24
Lanao del Norte,2024,3,966.2,25.916666666666668,87.77666666666666,1.7766666666666666
Lanao del Norte,2024,4,854.5600000000001,26.203333333333333,86.79333333333334,1.5933333333333335
Lanao del Norte,2025,1,599.4200000000001,25.866666666666664,86.21333333333332,1.7066666666666668
Lanao del Norte,2025,2,916.13,26.403333333333332,85.01,1.31
Lanao del Norte,2025,3,1051.18,25.493333333333336,87.87666666666667,1.8166666666666667
Lanao del Norte,2025,4,897.4100000000001,25.89,87.91333333333334,1.6433333333333333
Lanao del Sur,2000,1,434.16999999999996,22.386666666666667,87.43666666666667,1.8633333333333333
Lanao del Sur,2000,2,635.21,23.47,85.67333333333333,1.3033333333333335
Lanao del Sur,2000,3,612.63,22.58,88.47333333333334,1.6766666666666667
Lanao del Sur,2000,4,618.6700000000001,22.60666666666667,89.31666666666666,1.7
Lanao del Sur,2001,1,259.96,22.423333333333336,85.82333333333334,1.78
Lanao del Sur,2001,2,507.91,23.756666666666664,83.63666666666667,1.4566666666666668
Lanao del Sur,2001,3,557.29,22.736666666666668,88.82666666666667,1.91
Lanao del Sur,2001,4,636.54,22.543333333333333,89.62666666666667,1.8533333333333333
Lanao del Sur,2002,1,205.52,22.093333333333334,85.67,2.2466666666666666
Lanao del Sur,2002,2,513.88,24.116666666666664,81.04,1.5
Lanao del Sur,2002,3,613.7,22.473333333333333,89.68666666666667,2.1733333333333333
Lanao del Sur,2002,4,308.82,22.873333333333335,86.41000000000001,1.5
Lanao del Sur,2003,1,213.51999999999998,22.833333333333332,82.53666666666668,2.25
Lanao del Sur,2003,2,483.41999999999996,24.176666666666666,80.46666666666667,1.6366666666666667
Lanao del Sur,2003,3,973.9100000000001,22.55,90.50333333333333,1.72
Lanao del Sur,2003,4,726.8199999999999,22.656666666666666,89.98666666666668,1.7833333333333332
Lanao del Sur,2004,1,229.86,22.67,86.78666666666668,1.8666666666666665
Lanao del Sur,2004,2,682.28,23.69666666666667,83.78,1.7699999999999998
Lanao del Sur,2004,3,685.82,22.71666666666667,88.91666666666667,1.76
Lanao del Sur,2004,4,453.15999999999997,22.886666666666667,88.45,1.7866666666666668
Lanao del Sur,2005,1,151.53,22.849999999999998,81.06,2.0666666666666664
Lanao del Sur,2005,2,464.85,24.333333333333332,79.92333333333333,1.4333333333333333
Lanao del Sur,2005,3,716.85,22.743333333333336,89.44,1.9133333333333333
Lanao del Sur,2005,4,613.6700000000001,23.05,87.71,1.4100000000000001
Lanao del Sur,2006,1,348.90999999999997,22.55333333333333,86.43333333333334,1.9266666666666665
Lanao del Sur,2006,2,519.5600000000001,23.77333333333333,81.25999999999999,1.4233333333333331
Lanao del Sur,2006,3,595.48,22.46666666666667,88.91000000000001,2.02
Lanao del Sur,2006,4,511.08000000000004,22.743333333333336,87.86333333333333,1.7166666666666668
Lanao del Sur,2007,1,218.51000000000002,22.53,84.11333333333333,2.0833333333333335
Lanao del Sur,2007,2,516.69,24.49,79.54666666666667,1.3166666666666667
Lanao del Sur,2007,3,769.52,22.833333333333332,88.03000000000002,1.8566666666666667
Lanao del Sur,2007,4,584.94,22.633333333333336,89.41666666666667,1.7366666666666666
Lanao del Sur,2008,1,523.0799999999999,22.233333333333334,86.83,1.7866666666666664
Lanao del Sur,2008,2,829.71,22.89,87.01333333333332,1.6300000000000001
Lanao del Sur,2008,3,833.3399999999999,22.596666666666664,88.02999999999999,1.5199999999999998
Lanao del Sur,2008,4,705.38,22.78333333333333,88.48666666666666,1.5200000000000002
Lanao del Sur,2009,1,608.73,22.493333333333336,87.46,1.7299999999999998
Lanao del Sur,2009,2,776.96,23.05666666666667,86.79,1.5766666666666669
Lanao del Sur,2009,3,901.78,22.613333333333333,89.65666666666668,2.0966666666666667
Lanao del Sur,2009,4,473.41999999999996,22.376666666666665,89.05,1.82
Lanao del Sur,2010,1,233.18,22.46666666666667,83.22666666666667,2.01
Lanao del Sur,2010,2,520.9399999999999,24.849999999999998,77.85666666666667,1.2666666666666666
Lanao del Sur,2010,3,955.98,23.296666666666667,85.39666666666666,1.2466666666666668
Lanao del Sur,2010,4,783.9000000000001,22.926666666666666,86.49333333333334,1.3066666666666666
Lanao del Sur,2011,1,669.64,22.063333333333333,89.65666666666668,1.78
Lanao del Sur,2011,2,635.48,22.91,87.71,1.68
Lanao del Sur,2011,3,828.04,22.386666666666667,89.26333333333334,1.8933333333333333
Lanao del Sur,2011,4,762.73,22.723333333333333,87.29666666666667,1.4366666666666668
Lanao del Sur,2012,1,444.84,22.316666666666666,86.41000000000001,1.7166666666666668
Lanao del Sur,2012,2,619.71,23.113333333333333,85.98333333333335,1.5
Lanao del Sur,2012,3,882.31,22.393333333333334,89.02,1.9433333333333334
Lanao del Sur,2012,4,583.63,22.570000000000004,87.55666666666667,1.74
Lanao del Sur,2013,1,545.26,22.403333333333336,88.07333333333334,2.0533333333333332
Lanao del Sur,2013,2,616.17,23.713333333333335,84.59333333333333,1.2
Lanao del Sur,2013,3,732.8199999999999,22.53333333333333,88.56,1.6966666666666665
Lanao del Sur,2013,4,687.41,22.606666666666666,87.79333333333334,1.6500000000000001
Lanao del Sur,2014,1,462.89,21.77333333333333,89.13,2.4833333333333334
Lanao del Sur,2014,2,415.08,23.86,84.83666666666666,1.32
Lanao del Sur,2014,3,754.48,22.52,88.98333333333333,1.8266666666666669
Lanao del Sur,2014,4,655.39,22.893333333333334,88.21333333333332,1.6600000000000001
Lanao del Sur,2015,1,199.17000000000002,22.01,85.33999999999999,2.143333333333333
Lanao del Sur,2015,2,337.53,24.203333333333333,79.80666666666667,1.43
Lanao del Sur,2015,3,697.87,22.97,86.57333333333334,1.8633333333333333
Lanao del Sur,2015,4,401.2,22.98,86.67666666666666,1.6233333333333333
Lanao del Sur,2016,1,64.52,23.62,77.11333333333333,1.9433333333333334
Lanao del Sur,2016,2,573.63,25.003333333333334,77.83666666666666,1.3066666666666666
Lanao del Sur,2016,3,814.15,22.98,87.17666666666666,1.6199999999999999
Lanao del Sur,2016,4,786.15,22.790000000000003,89.05,1.5166666666666666
Lanao del Sur,2017,1,640.99,22.046666666666667,89.31666666666666,2.0566666666666666
Lanao del Sur,2017,2,728.56,23.666666666666668,86.44333333333333,1.2633333333333334
Lanao del Sur,2017,3,790.3,22.863333333333333,88.3,1.4666666666666668
Lanao del Sur,2017,4,781.1700000000001,22.873333333333335,88.53000000000002,1.6533333333333333
Lanao del Sur,2018,1,428.74,22.49,87.38,1.7433333333333332
Lanao del Sur,2018,2,562.92,23.570000000000004,85.57666666666667,1.3499999999999999
Lanao del Sur,2018,3,694.79,22.55,88.56666666666666,1.9966666666666664
Lanao del Sur,2018,4,461.44,22.900000000000002,88.31333333333333,1.5899999999999999
Lanao del Sur,2019,1,157.05,22.096666666666664,82.98,2.18
Lanao del Sur,2019,2,407.96999999999997,24.673333333333332,80.55,1.3933333333333333
Lanao del Sur,2019,3,566.67,22.86,86.96,1.9100000000000001
Lanao del Sur,2019,4,446.48,22.963333333333335,87.49333333333334,1.5166666666666666
Lanao del Sur,2020,1,148.74,23.209999999999997,81.10666666666667,2.0566666666666666
Lanao del Sur,2020,2,792.09,25.096666666666664,76.83333333333333,1.3666666666666665
Lanao del Sur,2020,3,820.14,23.416666666666668,86.35333333333334,1.2966666666666666
Lanao del Sur,2020,4,1150.8600000000001,23.013333333333332,88.31666666666666,1.5
Lanao del Sur,2021,1,572.92,22.53,87.87,1.74
Lanao del Sur,2021,2,680.55,23.326666666666668,87.48333333333333,1.5366666666666664
Lanao del Sur,2021,3,733.17,23.166666666666668,87.44333333333333,1.5599999999999998
Lanao del Sur,2021,4,820.35,23.08666666666667,88.19666666666667,1.6166666666666665
Lanao del Sur,2022,1,368.73,22.66,86.45,1.7766666666666666
Lanao del Sur,2022,2,962.25,23.366666666666664,87.17666666666666,1.3533333333333333
Lanao del Sur,2022,3,661.76,23.08,88.71666666666665,1.38
Lanao del Sur,2022,4,777.58,22.876666666666665,88.41000000000001,1.4633333333333336
Lanao del Sur,2023,1,533.87,22.316666666666666,89.20333333333333,1.86
Lanao del Sur,2023,2,593.76,23.47666666666667,86.28666666666668,1.4400000000000002
Lanao del Sur,2023,3,692.05,23.153333333333336,88.27,1.8033333333333335
Lanao del Sur,2023,4,522.87,23.49,87.12,1.4033333333333333
Lanao del Sur,2024,1,223.33,22.856666666666666,85.21,2.063333333333333
Lanao del Sur,2024,2,501.13000000000005,25.429999999999996,77.49333333333334,1.3
Lanao del Sur,2024,3,906.25,23.560000000000002,88.25666666666666,1.6199999999999999
Lanao del Sur,2024,4,755.74,23.526666666666667,88.52333333333333,1.5766666666666669
Lanao del Sur,2025,1,507.3,23.08,87.15333333333335,1.55
Lanao del Sur,2025,2,786.29,23.830000000000002,85.94,1.3633333333333333
Lanao del Sur,2025,3,1006.55,22.96666666666667,88.72333333333331,1.7733333333333334
Lanao del Sur,2025,4,728.47,23.319999999999997,88.79,1.5999999999999999
Leyte,2000,1,1045.24,25.926666666666666,85.70666666666666,3.42
Leyte,2000,2,499.28000000000003,27.103333333333335,83.03333333333333,2.1933333333333334
Leyte,2000,3,556.12,26.72666666666667,84.44333333333333,2.3433333333333333
Leyte,2000,4,1201.92,26.52,87.59999999999998,2.73
Leyte,2001,1,1179.26,26.13,85.63,3.263333333333333
Leyte,2001,2,563.47,27.22,83.16,2.2533333333333334
Leyte,2001,3,503.11,26.88,84.87,2.3433333333333333
Leyte,2001,4,1352.68,26.276666666666667,86.78666666666668,3.046666666666667
Leyte,2002,1,699.0699999999999,25.266666666666666,84.0,3.7133333333333334
Leyte,2002,2,450.32,27.346666666666664,81.43666666666667,2.263333333333333
Leyte,2002,3,690.93,26.786666666666665,85.19,2.6533333333333333
Leyte,2002,4,759.27,26.536666666666665,85.79,2.5933333333333333
Leyte,2003,1,598.27,25.44666666666667,83.94333333333333,3.6033333333333335
Leyte,2003,2,512.75,27.516666666666666,80.60333333333334,2.4133333333333336
Leyte,2003,3,770.19,26.709999999999997,86.04,2.1199999999999997
Leyte,2003,4,973.3199999999999,26.143333333333334,86.44666666666666,2.8200000000000003
Leyte,2004,1,705.56,25.790000000000003,86.18333333333334,3.2433333333333336
Leyte,2004,2,455.3,27.180000000000003,83.55666666666667,2.7133333333333334
Leyte,2004,3,427.22,26.766666666666666,84.30666666666667,2.316666666666667
Leyte,2004,4,711.1800000000001,26.463333333333335,85.66666666666667,2.72
Leyte,2005,1,461.66,25.456666666666667,82.82333333333334,3.4
Leyte,2005,2,323.72,27.353333333333335,81.12666666666667,2.3466666666666662
Leyte,2005,3,606.24,26.99,85.04666666666667,2.28
Leyte,2005,4,1237.01,26.586666666666662,87.49666666666667,2.6999999999999997
Leyte,2006,1,955.71,25.89,85.80333333333333,3.6199999999999997
Leyte,2006,2,537.49,27.073333333333334,82.73333333333333,2.4466666666666668
Leyte,2006,3,548.98,26.849999999999998,84.87333333333333,2.5766666666666667
Leyte,2006,4,805.49,26.560000000000002,86.07666666666667,2.7433333333333336
Leyte,2007,1,616.91,25.74333333333333,83.21,3.533333333333333
Leyte,2007,2,452.52,27.37,81.86,2.3266666666666667
Leyte,2007,3,479.77,27.083333333333332,83.62,2.1999999999999997
Leyte,2007,4,1080.25,26.433333333333334,87.90666666666668,2.8333333333333335
Leyte,2008,1,1657.09,25.846666666666668,86.66000000000001,3.436666666666667
Leyte,2008,2,792.5899999999999,26.776666666666667,84.87,2.48
Leyte,2008,3,657.76,26.679999999999996,83.54666666666667,1.89
Leyte,2008,4,1054.55,26.656666666666666,86.48666666666668,2.5733333333333337
Leyte,2009,1,1041.04,25.813333333333333,86.65333333333335,3.16
Leyte,2009,2,611.42,27.040000000000003,83.87333333333333,2.316666666666667
Leyte,2009,3,428.78999999999996,27.10666666666667,84.39666666666666,2.706666666666667
Leyte,2009,4,794.75,26.416666666666668,85.71333333333332,2.9433333333333334
Leyte,2010,1,539.1700000000001,25.826666666666668,82.33666666666666,3.3833333333333333
Leyte,2010,2,233.04999999999998,27.900000000000002,78.27333333333333,2.47
Leyte,2010,3,694.19,27.30333333333333,80.99333333333333,1.8699999999999999
Leyte,2010,4,857.28,26.686666666666667,85.85000000000001,2.22
Leyte,2011,1,2294.59,25.75,88.06,3.483333333333333
Leyte,2011,2,741.11,26.753333333333334,84.58666666666666,2.4499999999999997
Leyte,2011,3,682.63,26.823333333333334,84.77,2.546666666666667
Leyte,2011,4,1171.56,26.61,86.41666666666667,2.5366666666666666
Leyte,2012,1,1307.29,26.006666666666664,86.47666666666667,3.4133333333333336
Leyte,2012,2,382.16,27.26,81.79333333333334,2.23
Leyte,2012,3,591.33,26.906666666666666,84.17333333333333,2.606666666666667
Leyte,2012,4,978.86,26.55333333333333,85.41666666666667,3.046666666666667
Leyte,2013,1,932.05,25.953333333333333,85.82000000000001,3.47
Leyte,2013,2,568.72,27.540000000000003,81.75333333333333,2.1966666666666668
Leyte,2013,3,610.8399999999999,26.94,84.00333333333333,2.31
Leyte,2013,4,876.3199999999999,26.603333333333335,86.09333333333332,2.99
Leyte,2014,1,1048.73,25.286666666666665,84.74,3.7100000000000004
Leyte,2014,2,650.66,27.563333333333333,83.28,2.316666666666667
Leyte,2014,3,784.36,26.923333333333336,84.26,2.3466666666666662
Leyte,2014,4,1280.41,26.473333333333333,87.67333333333333,2.8866666666666667
Leyte,2015,1,576.49,25.433333333333334,82.47,3.3533333333333335
Leyte,2015,2,423.26,27.653333333333336,78.21666666666667,2.2433333333333336
Leyte,2015,3,422.0,27.403333333333336,82.07000000000001,2.236666666666667
Leyte,2015,4,607.03,26.959999999999997,84.01,2.953333333333333
Leyte,2016,1,392.15999999999997,25.973333333333333,82.41000000000001,3.2433333333333336
Leyte,2016,2,369.61,27.953333333333333,79.39333333333333,2.4433333333333334
Leyte,2016,3,629.0,27.463333333333335,82.58333333333333,2.236666666666667
Leyte,2016,4,1187.64,26.736666666666668,86.46333333333332,2.6533333333333333
Leyte,2017,1,1077.84,25.66333333333333,86.78666666666668,3.526666666666667
Leyte,2017,2,597.8299999999999,27.573333333333334,82.61666666666666,2.17
Leyte,2017,3,869.95,27.313333333333333,83.32666666666667,1.97
Leyte,2017,4,1401.94,26.98,85.98333333333333,2.81
Leyte,2018,1,1660.72,26.233333333333334,85.82666666666667,3.233333333333333
Leyte,2018,2,692.3299999999999,27.403333333333336,82.87333333333333,2.283333333333333
Leyte,2018,3,538.06,27.19,84.55,2.6566666666666667
Leyte,2018,4,1055.11,26.77,85.14,2.9166666666666665
Leyte,2019,1,490.19,25.27,81.02,3.4
Leyte,2019,2,425.8,27.886666666666667,80.06333333333333,2.3066666666666666
Leyte,2019,3,440.74,27.47666666666667,82.43,2.4899999999999998
Leyte,2019,4,721.73,27.01,84.03333333333333,2.566666666666667
Leyte,2020,1,598.13,25.97,82.86,3.4
Leyte,2020,2,487.39,27.543333333333333,82.37,2.4933333333333336
Leyte,2020,3,572.57,27.546666666666667,81.75,1.79
Leyte,2020,4,1393.83,26.926666666666666,86.84333333333332,2.4499999999999997
Leyte,2021,1,1253.01,26.266666666666666,86.28333333333335,3.1999999999999997
Leyte,2021,2,716.17,27.403333333333336,82.89999999999999,2.2566666666666664
Leyte,2021,3,589.39,27.503333333333334,82.83999999999999,2.15
Leyte,2021,4,1332.71,26.86,87.03000000000002,2.9166666666666665
Leyte,2022,1,1003.8699999999999,26.070000000000004,86.47333333333334,3.3000000000000003
Leyte,2022,2,933.9399999999999,27.066666666666666,84.79,2.3866666666666667
Leyte,2022,3,577.1600000000001,27.436666666666667,83.08,1.8466666666666667
Leyte,2022,4,1204.0,26.896666666666665,86.72333333333334,2.566666666666667
Leyte,2023,1,1336.99,25.993333333333336,86.86666666666667,3.3433333333333333
Leyte,2023,2,603.95,27.72666666666667,82.29333333333334,2.1300000000000003
Leyte,2023,3,582.31,27.703333333333333,84.11333333333333,2.466666666666667
Leyte,2023,4,806.4,27.413333333333338,85.17666666666666,2.5833333333333335
Leyte,2024,1,323.68,26.26,81.90333333333334,3.5066666666666664
Leyte,2024,2,421.75,28.30666666666667,79.46333333333334,2.5100000000000002
Leyte,2024,3,635.04,27.876666666666665,83.31333333333333,2.16
Leyte,2024,4,901.8800000000001,27.453333333333333,85.24,2.6333333333333333
Leyte,2025,1,1250.74,26.52333333333333,87.13,3.263333333333333
Leyte,2025,2,640.4399999999999,27.603333333333335,83.89,2.22
Leyte,2025,3,776.33,27.310000000000002,84.22333333333334,2.256666666666667
Leyte,2025,4,1278.06,27.05333333333333,87.44,2.4899999999999998
Maguindanao del Norte,2000,1,456.75,25.296666666666667,85.38333333333333,1.1833333333333333
Maguindanao del Norte,2000,2,423.81,26.17,84.64,1.07
Maguindanao del Norte,2000,3,588.78,25.416666666666668,85.33666666666666,1.1900000000000002
Maguindanao del Norte,2000,4,523.61,25.44666666666667,87.60333333333334,1.2466666666666668
Maguindanao del Norte,2001,1,214.63,25.290000000000003,85.06666666666666,1.1566666666666665
Maguindanao del Norte,2001,2,397.29,26.256666666666664,83.94666666666667,1.1333333333333335
Maguindanao del Norte,2001,3,440.12,25.626666666666665,85.47333333333331,1.32
Maguindanao del Norte,2001,4,408.93,25.53,86.21333333333332,1.1433333333333333
Maguindanao del Norte,2002,1,193.71,25.613333333333333,80.78666666666668,1.2666666666666666
Maguindanao del Norte,2002,2,357.32,27.179999999999996,78.34666666666666,1.1333333333333333
Maguindanao del Norte,2002,3,415.02,25.816666666666666,82.49333333333334,1.6066666666666667
Maguindanao del Norte,2002,4,276.22,26.169999999999998,82.33666666666666,1.1133333333333333
Maguindanao del Norte,2003,1,356.17,26.406666666666666,77.46,1.3633333333333333
Maguindanao del Norte,2003,2,640.07,26.96666666666667,79.57333333333334,1.2
Maguindanao del Norte,2003,3,1053.24,25.286666666666665,87.89666666666666,1.24
Maguindanao del Norte,2003,4,824.85,25.55666666666667,87.64999999999999,1.0866666666666667
Maguindanao del Norte,2004,1,211.7,25.959999999999997,83.30666666666667,1.0866666666666667
Maguindanao del Norte,2004,2,1142.78,26.103333333333335,85.66333333333334,1.28
Maguindanao del Norte,2004,3,1077.95,25.353333333333335,87.05333333333334,1.2066666666666668
Maguindanao del Norte,2004,4,652.83,25.78333333333333,86.54333333333334,1.1433333333333333
Maguindanao del Norte,2005,1,211.11,25.50333333333333,82.12666666666667,1.1633333333333333
Maguindanao del Norte,2005,2,604.94,26.46666666666667,83.11333333333333,0.9833333333333334
Maguindanao del Norte,2005,3,712.33,25.459999999999997,87.17666666666666,1.3699999999999999
Maguindanao del Norte,2005,4,742.06,25.626666666666665,87.46666666666665,1.04
Maguindanao del Norte,2006,1,556.48,25.37,86.30333333333333,1.2033333333333334
Maguindanao del Norte,2006,2,800.41,25.956666666666667,85.04,1.0733333333333333
Maguindanao del Norte,2006,3,659.81,25.103333333333335,87.62666666666667,1.3966666666666667
Maguindanao del Norte,2006,4,540.42,25.576666666666668,86.72333333333334,1.2033333333333334
Maguindanao del Norte,2007,1,240.04999999999998,25.403333333333336,83.99333333333334,1.1966666666666665
Maguindanao del Norte,2007,2,483.99,26.583333333333332,83.24,0.96
Maguindanao del Norte,2007,3,677.11,25.49,85.91333333333334,1.2866666666666666
Maguindanao del Norte,2007,4,451.01,25.453333333333333,87.40333333333335,1.1566666666666667
Maguindanao del Norte,2008,1,507.28,25.03,86.02333333333333,1.1866666666666665
Maguindanao del Norte,2008,2,1145.33,25.616666666666664,86.38333333333333,1.1900000000000002
Maguindanao del Norte,2008,3,754.5699999999999,25.313333333333333,86.59666666666668,1.0866666666666667
Maguindanao del Norte,2008,4,633.79,25.596666666666664,87.23666666666666,0.93
Maguindanao del Norte,2009,1,469.61,25.39,86.12666666666667,1.05
Maguindanao del Norte,2009,2,883.6600000000001,25.706666666666667,86.75,1.11
Maguindanao del Norte,2009,3,1039.11,25.253333333333334,88.44666666666666,1.4533333333333334
Maguindanao del Norte,2009,4,464.63,25.463333333333335,86.11,1.1266666666666667
Maguindanao del Norte,2010,1,265.63,25.463333333333335,82.35000000000001,1.16
Maguindanao del Norte,2010,2,685.9399999999999,26.816666666666666,82.65666666666667,1.0066666666666666
Maguindanao del Norte,2010,3,848.1500000000001,25.97,84.27333333333333,0.9400000000000001
Maguindanao del Norte,2010,4,766.21,25.7,85.51333333333334,0.9333333333333332
Maguindanao del Norte,2011,1,564.04,25.060000000000002,86.85666666666667,0.9333333333333332
Maguindanao del Norte,2011,2,677.25,25.78,86.11666666666667,1.0933333333333333
Maguindanao del Norte,2011,3,737.78,25.066666666666666,87.16333333333334,1.2933333333333332
Maguindanao del Norte,2011,4,557.66,25.483333333333334,86.26666666666667,0.9933333333333333
Maguindanao del Norte,2012,1,395.03000000000003,25.176666666666666,85.36333333333333,1.1033333333333333
Maguindanao del Norte,2012,2,653.22,25.756666666666664,85.05666666666667,1.0766666666666667
Maguindanao del Norte,2012,3,875.6700000000001,25.156666666666666,86.82333333333334,1.2666666666666666
Maguindanao del Norte,2012,4,502.70000000000005,25.566666666666666,85.81666666666666,1.0933333333333335
Maguindanao del Norte,2013,1,436.65,25.603333333333335,84.79666666666667,1.06
Maguindanao del Norte,2013,2,527.44,26.323333333333334,84.34,0.9466666666666667
Maguindanao del Norte,2013,3,630.94,25.290000000000003,86.01333333333334,1.1633333333333333
Maguindanao del Norte,2013,4,596.23,25.473333333333333,86.26333333333334,1.1266666666666667
Maguindanao del Norte,2014,1,326.95,25.28333333333333,83.75666666666666,1.1566666666666665
Maguindanao del Norte,2014,2,388.14,26.62,83.25666666666666,0.9366666666666666
Maguindanao del Norte,2014,3,645.64,25.436666666666667,85.21,1.2300000000000002
Maguindanao del Norte,2014,4,511.15999999999997,25.793333333333333,85.77,1.03
Maguindanao del Norte,2015,1,242.82999999999998,25.3,82.08999999999999,1.13
Maguindanao del Norte,2015,2,603.55,26.569999999999997,82.41333333333334,1.01
Maguindanao del Norte,2015,3,953.9399999999999,25.62,84.64333333333333,1.2633333333333334
Maguindanao del Norte,2015,4,415.76,25.893333333333334,84.64666666666666,1.0366666666666666
Maguindanao del Norte,2016,1,105.74000000000001,26.506666666666664,77.36666666666667,1.18
Maguindanao del Norte,2016,2,739.89,27.52,78.98,1.02
Maguindanao del Norte,2016,3,758.28,25.843333333333334,84.55666666666666,1.1500000000000001
Maguindanao del Norte,2016,4,709.51,25.76,86.43666666666667,0.9666666666666667
Maguindanao del Norte,2017,1,628.28,25.14,86.09333333333332,1.0999999999999999
Maguindanao del Norte,2017,2,901.01,26.45,84.69666666666666,0.88
Maguindanao del Norte,2017,3,757.9,25.683333333333337,86.10000000000001,1.0166666666666666
Maguindanao del Norte,2017,4,785.44,25.74,86.94666666666667,1.0999999999999999
Maguindanao del Norte,2018,1,343.32,25.666666666666668,84.16,1.0066666666666666
Maguindanao del Norte,2018,2,746.0899999999999,26.373333333333335,84.31333333333333,0.9566666666666667
Maguindanao del Norte,2018,3,804.02,25.343333333333334,86.46333333333332,1.3166666666666667
Maguindanao del Norte,2018,4,524.1899999999999,26.016666666666666,85.08,1.0033333333333334
Maguindanao del Norte,2019,1,238.44,25.319999999999997,81.36333333333334,1.14
Maguindanao del Norte,2019,2,709.17,26.873333333333335,82.89333333333333,0.9666666666666667
Maguindanao del Norte,2019,3,646.27,25.53,84.97666666666667,1.2233333333333334
Maguindanao del Norte,2019,4,765.3399999999999,25.80666666666667,85.45333333333333,1.0033333333333334
Maguindanao del Norte,2020,1,222.48,26.14,80.73,1.1566666666666667
Maguindanao del Norte,2020,2,1631.3700000000001,27.349999999999998,79.47666666666667,0.9933333333333333
Maguindanao del Norte,2020,3,787.71,26.176666666666666,84.07666666666667,0.9500000000000001
Maguindanao del Norte,2020,4,820.25,25.89,86.13,0.9433333333333334
Maguindanao del Norte,2021,1,565.87,25.563333333333333,85.24333333333334,1.0
Maguindanao del Norte,2021,2,1004.1600000000001,26.156666666666666,85.46,1.05
Maguindanao del Norte,2021,3,939.03,25.953333333333333,85.58999999999999,1.0
Maguindanao del Norte,2021,4,632.49,25.930000000000003,85.83333333333333,1.0133333333333334
Maguindanao del Norte,2022,1,411.74,25.63,84.39,1.0133333333333334
Maguindanao del Norte,2022,2,1277.17,26.123333333333335,85.74666666666667,1.01
Maguindanao del Norte,2022,3,601.52,26.02,85.03,0.9666666666666667
Maguindanao del Norte,2022,4,684.89,25.753333333333334,86.75,1.0066666666666666
Maguindanao del Norte,2023,1,484.15,25.546666666666667,85.46,1.0233333333333334
Maguindanao del Norte,2023,2,669.96,26.406666666666666,84.69,0.9933333333333333
Maguindanao del Norte,2023,3,601.75,25.91333333333333,85.83999999999999,1.2233333333333334
Maguindanao del Norte,2023,4,462.01,26.52333333333333,84.69666666666666,0.9266666666666666
Maguindanao del Norte,2024,1,267.32,26.05666666666667,82.51333333333334,1.17
Maguindanao del Norte,2024,2,605.02,27.61,80.29333333333334,0.9899999999999999
Maguindanao del Norte,2024,3,832.98,26.366666666666664,85.20666666666666,1.1300000000000001
Maguindanao del Norte,2024,4,543.0799999999999,26.456666666666667,85.81666666666666,1.0333333333333334
Maguindanao del Norte,2025,1,544.51,25.873333333333335,85.64999999999999,1.03
Maguindanao del Norte,2025,2,1001.2,26.436666666666667,85.71333333333332,1.0066666666666666
Maguindanao del Norte,2025,3,905.67,25.686666666666667,86.69,1.1766666666666667
Maguindanao del Norte,2025,4,623.04,26.27,85.97333333333334,0.9966666666666666
Maguindanao del Sur,2000,1,456.75,25.296666666666667,85.38333333333333,1.1833333333333333
Maguindanao del Sur,2000,2,423.81,26.17,84.64,1.07
Maguindanao del Sur,2000,3,588.78,25.416666666666668,85.33666666666666,1.1900000000000002
Maguindanao del Sur,2000,4,523.61,25.44666666666667,87.60333333333334,1.2466666666666668
Maguindanao del Sur,2001,1,214.63,25.290000000000003,85.06666666666666,1.1566666666666665
Maguindanao del Sur,2001,2,397.29,26.256666666666664,83.94666666666667,1.1333333333333335
Maguindanao del Sur,2001,3,440.12,25.626666666666665,85.47333333333331,1.32
Maguindanao del Sur,2001,4,408.93,25.53,86.21333333333332,1.1433333333333333
Maguindanao del Sur,2002,1,193.71,25.613333333333333,80.78666666666668,1.2666666666666666
Maguindanao del Sur,2002,2,357.32,27.179999999999996,78.34666666666666,1.1333333333333333
Maguindanao del Sur,2002,3,415.02,25.816666666666666,82.49333333333334,1.6066666666666667
Maguindanao del Sur,2002,4,276.22,26.169999999999998,82.33666666666666,1.1133333333333333
Maguindanao del Sur,2003,1,356.17,26.406666666666666,77.46,1.3633333333333333
Maguindanao del Sur,2003,2,640.07,26.96666666666667,79.57333333333334,1.2
Maguindanao del Sur,2003,3,1053.24,25.286666666666665,87.89666666666666,1.24
Maguindanao del Sur,2003,4,824.85,25.55666666666667,87.64999999999999,1.0866666666666667
Maguindanao del Sur,2004,1,211.7,25.959999999999997,83.30666666666667,1.0866666666666667
Maguindanao del Sur,2004,2,1142.78,26.103333333333335,85.66333333333334,1.28
Maguindanao del Sur,2004,3,1077.95,25.353333333333335,87.05333333333334,1.2066666666666668
Maguindanao del Sur,2004,4,652.83,25.78333333333333,86.54333333333334,1.1433333333333333
Maguindanao del Sur,2005,1,211.11,25.50333333333333,82.12666666666667,1.1633333333333333
Maguindanao del Sur,2005,2,604.94,26.46666666666667,83.11333333333333,0.9833333333333334
Maguindanao del Sur,2005,3,712.33,25.459999999999997,87.17666666666666,1.3699999999999999
Maguindanao del Sur,2005,4,742.06,25.626666666666665,87.46666666666665,1.04
Maguindanao del Sur,2006,1,556.48,25.37,86.30333333333333,1.2033333333333334
Maguindanao del Sur,2006,2,800.41,25.956666666666667,85.04,1.0733333333333333
Maguindanao del Sur,2006,3,659.81,25.103333333333335,87.62666666666667,1.3966666666666667
Maguindanao del Sur,2006,4,540.42,25.576666666666668,86.72333333333334,1.2033333333333334
Maguindanao del Sur,2007,1,240.04999999999998,25.403333333333336,83.99333333333334,1.1966666666666665
Maguindanao del Sur,2007,2,483.99,26.583333333333332,83.24,0.96
Maguindanao del Sur,2007,3,677.11,25.49,85.91333333333334,1.2866666666666666
Maguindanao del Sur,2007,4,451.01,25.453333333333333,87.40333333333335,1.1566666666666667
Maguindanao del Sur,2008,1,507.28,25.03,86.02333333333333,1.1866666666666665
Maguindanao del Sur,2008,2,1145.33,25.616666666666664,86.38333333333333,1.1900000000000002
Maguindanao del Sur,2008,3,754.5699999999999,25.313333333333333,86.59666666666668,1.0866666666666667
Maguindanao del Sur,2008,4,633.79,25.596666666666664,87.23666666666666,0.93
Maguindanao del Sur,2009,1,469.61,25.39,86.12666666666667,1.05
Maguindanao del Sur,2009,2,883.6600000000001,25.706666666666667,86.75,1.11
Maguindanao del Sur,2009,3,1039.11,25.253333333333334,88.44666666666666,1.4533333333333334
Maguindanao del Sur,2009,4,464.63,25.463333333333335,86.11,1.1266666666666667
Maguindanao del Sur,2010,1,265.63,25.463333333333335,82.35000000000001,1.16
Maguindanao del Sur,2010,2,685.9399999999999,26.816666666666666,82.65666666666667,1.0066666666666666
Maguindanao del Sur,2010,3,848.1500000000001,25.97,84.27333333333333,0.9400000000000001
Maguindanao del Sur,2010,4,766.21,25.7,85.51333333333334,0.9333333333333332
Maguindanao del Sur,2011,1,564.04,25.060000000000002,86.85666666666667,0.9333333333333332
Maguindanao del Sur,2011,2,677.25,25.78,86.11666666666667,1.0933333333333333
Maguindanao del Sur,2011,3,737.78,25.066666666666666,87.16333333333334,1.2933333333333332
Maguindanao del Sur,2011,4,557.66,25.483333333333334,86.26666666666667,0.9933333333333333
Maguindanao del Sur,2012,1,395.03000000000003,25.176666666666666,85.36333333333333,1.1033333333333333
Maguindanao del Sur,2012,2,653.22,25.756666666666664,85.05666666666667,1.0766666666666667
Maguindanao del Sur,2012,3,875.6700000000001,25.156666666666666,86.82333333333334,1.2666666666666666
Maguindanao del Sur,2012,4,502.70000000000005,25.566666666666666,85.81666666666666,1.0933333333333335
Maguindanao del Sur,2013,1,436.65,25.603333333333335,84.79666666666667,1.06
Maguindanao del Sur,2013,2,527.44,26.323333333333334,84.34,0.9466666666666667
Maguindanao del Sur,2013,3,630.94,25.290000000000003,86.01333333333334,1.1633333333333333
Maguindanao del Sur,2013,4,596.23,25.473333333333333,86.26333333333334,1.1266666666666667
Maguindanao del Sur,2014,1,326.95,25.28333333333333,83.75666666666666,1.1566666666666665
Maguindanao del Sur,2014,2,388.14,26.62,83.25666666666666,0.9366666666666666
Maguindanao del Sur,2014,3,645.64,25.436666666666667,85.21,1.2300000000000002
Maguindanao del Sur,2014,4,511.15999999999997,25.793333333333333,85.77,1.03
Maguindanao del Sur,2015,1,242.82999999999998,25.3,82.08999999999999,1.13
Maguindanao del Sur,2015,2,603.55,26.569999999999997,82.41333333333334,1.01
Maguindanao del Sur,2015,3,953.9399999999999,25.62,84.64333333333333,1.2633333333333334
Maguindanao del Sur,2015,4,415.76,25.893333333333334,84.64666666666666,1.0366666666666666
Maguindanao del Sur,2016,1,105.74000000000001,26.506666666666664,77.36666666666667,1.18
Maguindanao del Sur,2016,2,739.89,27.52,78.98,1.02
Maguindanao del Sur,2016,3,758.28,25.843333333333334,84.55666666666666,1.1500000000000001
Maguindanao del Sur,2016,4,709.51,25.76,86.43666666666667,0.9666666666666667
Maguindanao del Sur,2017,1,628.28,25.14,86.09333333333332,1.0999999999999999
Maguindanao del Sur,2017,2,901.01,26.45,84.69666666666666,0.88
Maguindanao del Sur,2017,3,757.9,25.683333333333337,86.10000000000001,1.0166666666666666
Maguindanao del Sur,2017,4,785.44,25.74,86.94666666666667,1.0999999999999999
Maguindanao del Sur,2018,1,343.32,25.666666666666668,84.16,1.0066666666666666
Maguindanao del Sur,2018,2,746.0899999999999,26.373333333333335,84.31333333333333,0.9566666666666667
Maguindanao del Sur,2018,3,804.02,25.343333333333334,86.46333333333332,1.3166666666666667
Maguindanao del Sur,2018,4,524.1899999999999,26.016666666666666,85.08,1.0033333333333334
Maguindanao del Sur,2019,1,238.44,25.319999999999997,81.36333333333334,1.14
Maguindanao del Sur,2019,2,709.17,26.873333333333335,82.89333333333333,0.9666666666666667
Maguindanao del Sur,2019,3,646.27,25.53,84.97666666666667,1.2233333333333334
Maguindanao del Sur,2019,4,765.3399999999999,25.80666666666667,85.45333333333333,1.0033333333333334
Maguindanao del Sur,2020,1,222.48,26.14,80.73,1.1566666666666667
Maguindanao del Sur,2020,2,1631.3700000000001,27.349999999999998,79.47666666666667,0.9933333333333333
Maguindanao del Sur,2020,3,787.71,26.176666666666666,84.07666666666667,0.9500000000000001
Maguindanao del Sur,2020,4,820.25,25.89,86.13,0.9433333333333334
Maguindanao del Sur,2021,1,565.87,25.563333333333333,85.24333333333334,1.0
Maguindanao del Sur,2021,2,1004.1600000000001,26.156666666666666,85.46,1.05
Maguindanao del Sur,2021,3,939.03,25.953333333333333,85.58999999999999,1.0
Maguindanao del Sur,2021,4,632.49,25.930000000000003,85.83333333333333,1.0133333333333334
Maguindanao del Sur,2022,1,411.74,25.63,84.39,1.0133333333333334
Maguindanao del Sur,2022,2,1277.17,26.123333333333335,85.74666666666667,1.01
Maguindanao del Sur,2022,3,601.52,26.02,85.03,0.9666666666666667
Maguindanao del Sur,2022,4,684.89,25.753333333333334,86.75,1.0066666666666666
Maguindanao del Sur,2023,1,484.15,25.546666666666667,85.46,1.0233333333333334
Maguindanao del Sur,2023,2,669.96,26.406666666666666,84.69,0.9933333333333333
Maguindanao del Sur,2023,3,601.75,25.91333333333333,85.83999999999999,1.2233333333333334
Maguindanao del Sur,2023,4,462.01,26.52333333333333,84.69666666666666,0.9266666666666666
Maguindanao del Sur,2024,1,267.32,26.05666666666667,82.51333333333334,1.17
Maguindanao del Sur,2024,2,605.02,27.61,80.29333333333334,0.9899999999999999
Maguindanao del Sur,2024,3,832.98,26.366666666666664,85.20666666666666,1.1300000000000001
Maguindanao del Sur,2024,4,543.0799999999999,26.456666666666667,85.81666666666666,1.0333333333333334
Maguindanao del Sur,2025,1,544.51,25.873333333333335,85.64999999999999,1.03
Maguindanao del Sur,2025,2,1001.2,26.436666666666667,85.71333333333332,1.0066666666666666
Maguindanao del Sur,2025,3,905.67,25.686666666666667,86.69,1.1766666666666667
Maguindanao del Sur,2025,4,623.04,26.27,85.97333333333334,0.9966666666666666
Marinduque,2000,1,487.84000000000003,25.84,86.10000000000001,4.97
Marinduque,2000,2,442.58,28.040000000000003,80.93666666666667,3.0400000000000005
Marinduque,2000,3,607.35,27.42,83.36666666666666,3.34
Marinduque,2000,4,1059.96,26.900000000000002,87.55,4.513333333333333
Marinduque,2001,1,422.0,26.320000000000004,84.16666666666667,4.946666666666666
Marinduque,2001,2,503.48,28.459999999999997,78.86666666666666,3.0400000000000005
Marinduque,2001,3,513.08,27.51,83.93333333333334,3.0566666666666666
Marinduque,2001,4,1066.55,26.436666666666667,85.87333333333333,5.3566666666666665
Marinduque,2002,1,181.79000000000002,25.566666666666666,79.81666666666666,5.173333333333333
Marinduque,2002,2,313.24,28.793333333333333,74.32666666666667,3.2533333333333334
Marinduque,2002,3,738.1800000000001,27.483333333333334,83.96333333333334,3.15
Marinduque,2002,4,753.6600000000001,26.99,85.13666666666667,4.016666666666667
Marinduque,2003,1,110.72,25.966666666666665,78.01,5.19
Marinduque,2003,2,424.32,28.843333333333334,74.87666666666667,3.4
Marinduque,2003,3,678.26,27.53,83.89666666666666,2.9133333333333336
Marinduque,2003,4,587.5699999999999,26.51,83.82,4.956666666666666
Marinduque,2004,1,182.03,26.066666666666666,81.45,4.5633333333333335
Marinduque,2004,2,522.14,28.313333333333333,79.25333333333333,3.6833333333333336
Marinduque,2004,3,475.86,27.47666666666667,82.76666666666667,3.0033333333333334
Marinduque,2004,4,784.79,26.333333333333332,85.54,4.79
Marinduque,2005,1,198.35000000000002,25.823333333333334,80.03666666666668,4.489999999999999
Marinduque,2005,2,297.13,28.513333333333332,76.13666666666667,3.0233333333333334
Marinduque,2005,3,722.69,27.689999999999998,84.04333333333334,2.9766666666666666
Marinduque,2005,4,1146.7,26.873333333333335,86.63,4.376666666666666
Marinduque,2006,1,411.15999999999997,26.113333333333333,84.18666666666667,4.566666666666666
Marinduque,2006,2,540.22,28.316666666666666,78.37666666666667,3.4433333333333334
Marinduque,2006,3,753.12,27.523333333333337,83.79333333333334,3.0033333333333334
Marinduque,2006,4,736.11,27.043333333333333,84.63333333333334,4.286666666666666
Marinduque,2007,1,208.86,26.066666666666666,80.84666666666668,4.676666666666667
Marinduque,2007,2,457.28000000000003,28.686666666666667,76.32333333333334,2.953333333333333
Marinduque,2007,3,659.36,27.83666666666667,83.08333333333333,2.936666666666667
Marinduque,2007,4,980.9200000000001,26.61,87.39,4.796666666666667
Marinduque,2008,1,632.56,25.746666666666666,85.84666666666668,5.0
Marinduque,2008,2,773.27,27.593333333333334,82.49666666666667,3.1466666666666665
Marinduque,2008,3,522.66,27.363333333333333,83.2,2.8466666666666662
Marinduque,2008,4,972.95,26.923333333333332,86.58,4.493333333333333
Marinduque,2009,1,338.82,25.843333333333334,84.63333333333334,4.826666666666667
Marinduque,2009,2,1029.56,27.649999999999995,83.65666666666668,3.17
Marinduque,2009,3,687.72,27.75333333333333,83.68,3.1366666666666667
Marinduque,2009,4,532.24,26.593333333333334,83.47,4.34
Marinduque,2010,1,160.20000000000002,26.333333333333332,78.71333333333332,4.576666666666667
Marinduque,2010,2,238.54,29.426666666666666,72.54666666666667,2.8966666666666665
Marinduque,2010,3,909.89,27.826666666666668,81.68333333333334,2.5733333333333333
Marinduque,2010,4,1066.11,27.02333333333333,86.70666666666666,3.953333333333333
Marinduque,2011,1,385.4,25.44333333333333,85.15333333333332,5.53
Marinduque,2011,2,622.9,27.5,81.37333333333333,3.4499999999999997
Marinduque,2011,3,777.55,27.593333333333334,83.60000000000001,3.063333333333333
Marinduque,2011,4,1114.53,26.973333333333333,86.72333333333334,4.156666666666666
Marinduque,2012,1,650.46,26.189999999999998,85.33666666666666,4.829999999999999
Marinduque,2012,2,313.1,28.39,79.08,2.8066666666666666
Marinduque,2012,3,999.58,27.573333333333334,83.51666666666667,3.016666666666667
Marinduque,2012,4,654.67,27.136666666666667,83.31666666666666,4.24
Marinduque,2013,1,415.92,26.16,82.84333333333333,5.146666666666667
Marinduque,2013,2,520.7099999999999,29.0,76.51333333333334,2.8000000000000003
Marinduque,2013,3,1025.29,27.633333333333336,83.75333333333333,3.0233333333333334
Marinduque,2013,4,847.65,26.87,85.72000000000001,4.303333333333334
Marinduque,2014,1,145.11,25.493333333333336,79.70333333333333,5.12
Marinduque,2014,2,307.43,29.156666666666666,75.06333333333333,2.983333333333333
Marinduque,2014,3,764.08,27.863333333333333,82.26,3.0733333333333337
Marinduque,2014,4,995.81,26.763333333333332,86.35333333333334,4.633333333333333
Marinduque,2015,1,209.29,25.38,80.48,5.026666666666666
Marinduque,2015,2,223.71,29.173333333333332,72.69666666666667,2.9566666666666666
Marinduque,2015,3,572.5,28.256666666666664,80.54333333333334,2.953333333333333
Marinduque,2015,4,743.05,27.44666666666667,83.22000000000001,4.7299999999999995
Marinduque,2016,1,264.12,26.396666666666665,81.78333333333335,4.496666666666667
Marinduque,2016,2,304.13,29.41333333333333,74.25333333333333,2.9933333333333336
Marinduque,2016,3,504.25,28.296666666666667,81.08,2.8033333333333332
Marinduque,2016,4,1204.77,27.16333333333333,86.37333333333333,4.443333333333333
Marinduque,2017,1,334.24,25.74,83.83666666666666,5.2299999999999995
Marinduque,2017,2,507.35,28.790000000000003,77.63333333333334,2.8366666666666664
Marinduque,2017,3,999.02,28.27333333333333,81.45333333333333,2.67
Marinduque,2017,4,1261.42,27.346666666666668,86.09333333333335,4.58
Marinduque,2018,1,348.68,26.113333333333333,84.31666666666666,4.91
Marinduque,2018,2,507.7,28.583333333333332,78.46,3.41
Marinduque,2018,3,669.63,27.826666666666668,83.0,3.2099999999999995
Marinduque,2018,4,711.92,27.253333333333334,83.26666666666667,4.74
Marinduque,2019,1,96.19,26.169999999999998,76.95666666666666,4.739999999999999
Marinduque,2019,2,318.98,29.546666666666667,73.11666666666666,2.8066666666666666
Marinduque,2019,3,620.0,28.179999999999996,81.47666666666667,3.276666666666667
Marinduque,2019,4,715.5,27.319999999999997,83.76,4.316666666666666
Marinduque,2020,1,617.9200000000001,26.2,81.83666666666666,4.95
Marinduque,2020,2,1107.3600000000001,28.896666666666665,78.29,3.2566666666666664
Marinduque,2020,3,691.02,28.366666666666664,80.52,2.5500000000000003
Marinduque,2020,4,1792.22,27.346666666666664,86.80333333333334,4.3133333333333335
Marinduque,2021,1,517.36,26.22666666666667,84.62,5.1433333333333335
Marinduque,2021,2,323.34000000000003,28.596666666666664,78.05333333333333,3.266666666666667
Marinduque,2021,3,1020.4300000000001,28.299999999999997,82.31333333333333,2.966666666666667
Marinduque,2021,4,744.62,27.203333333333333,85.54333333333334,4.8933333333333335
Marinduque,2022,1,328.1,26.396666666666665,83.32,4.703333333333333
Marinduque,2022,2,711.96,28.256666666666664,80.40666666666667,3.1633333333333336
Marinduque,2022,3,741.51,28.206666666666667,81.74666666666667,2.6733333333333333
Marinduque,2022,4,915.74,27.37,85.75333333333333,4.473333333333334
Marinduque,2023,1,461.67,25.80666666666667,84.69333333333334,5.31
Marinduque,2023,2,413.81,28.833333333333332,77.8,2.91
Marinduque,2023,3,539.6,28.766666666666666,81.16000000000001,2.9966666666666666
Marinduque,2023,4,854.72,27.713333333333335,85.79333333333334,4.28
Marinduque,2024,1,164.32,26.540000000000003,80.5,4.973333333333334
Marinduque,2024,2,447.96000000000004,29.78333333333333,74.56333333333333,3.2899999999999996
Marinduque,2024,3,862.12,28.74333333333333,81.96666666666665,2.9133333333333336
Marinduque,2024,4,1094.74,27.75333333333333,85.96333333333332,4.2700000000000005
Marinduque,2025,1,548.49,26.44333333333333,85.83333333333333,4.843333333333334
Marinduque,2025,2,577.87,28.856666666666666,78.58666666666666,3.013333333333333
Marinduque,2025,3,928.4200000000001,28.003333333333334,83.13,3.14
Marinduque,2025,4,1067.53,27.47,86.51666666666667,4.266666666666667
Masbate,2000,1,996.13,26.013333333333335,87.12666666666667,3.733333333333333
Masbate,2000,2,380.27,28.006666666666664,81.56333333333333,2.65
Masbate,2000,3,572.89,27.456666666666667,83.82333333333334,3.356666666666667
Masbate,2000,4,1491.79,27.126666666666665,87.24666666666667,3.4466666666666668
Masbate,2001,1,936.43,26.49333333333333,85.18333333333334,3.8066666666666666
Masbate,2001,2,471.61,28.316666666666666,79.94333333333334,2.796666666666667
Masbate,2001,3,489.27,27.41333333333333,85.54,3.5066666666666664
Masbate,2001,4,1205.56,26.599999999999998,86.81333333333333,3.9033333333333338
Masbate,2002,1,366.58,25.459999999999997,83.29333333333334,4.093333333333334
Masbate,2002,2,273.55,28.069999999999997,79.81,2.7733333333333334
Masbate,2002,3,768.9399999999999,27.423333333333332,84.60666666666667,3.526666666666667
Masbate,2002,4,719.96,27.12,85.30666666666667,3.2133333333333334
Masbate,2003,1,295.71,25.633333333333336,82.76666666666667,4.036666666666666
Masbate,2003,2,435.28000000000003,28.286666666666665,78.49333333333333,3.0399999999999996
Masbate,2003,3,696.63,27.423333333333336,85.28333333333333,2.9299999999999997
Masbate,2003,4,642.08,26.73,84.39333333333333,3.723333333333333
Masbate,2004,1,376.01,26.02333333333333,84.88,3.6300000000000003
Masbate,2004,2,622.89,27.733333333333334,83.32000000000001,3.3699999999999997
Masbate,2004,3,462.83,27.49,83.68666666666667,3.236666666666667
Masbate,2004,4,856.29,26.603333333333335,86.31333333333333,3.3766666666666665
Masbate,2005,1,275.37,25.646666666666665,82.83,3.67
Masbate,2005,2,286.84,28.22666666666667,78.81,2.6533333333333333
Masbate,2005,3,854.61,27.616666666666664,85.10333333333334,3.0500000000000003
Masbate,2005,4,1119.77,27.02,87.27999999999999,3.32
Masbate,2006,1,717.19,26.013333333333332,86.40333333333335,3.7933333333333334
Masbate,2006,2,557.78,27.823333333333334,81.75666666666666,2.85
Masbate,2006,3,715.12,27.453333333333333,85.15333333333334,3.39
Masbate,2006,4,728.48,27.099999999999998,85.32333333333334,3.49
Masbate,2007,1,470.41999999999996,25.923333333333332,83.66666666666667,3.8066666666666666
Masbate,2007,2,323.22,28.22,79.79666666666667,2.6333333333333333
Masbate,2007,3,687.29,27.936666666666667,82.90333333333334,3.02
Masbate,2007,4,1128.27,26.849999999999998,87.75333333333333,3.7266666666666666
Masbate,2008,1,1135.25,25.97,86.94666666666667,3.856666666666667
Masbate,2008,2,802.3000000000001,27.429999999999996,84.72333333333334,2.926666666666667
Masbate,2008,3,627.81,27.30666666666667,84.16666666666667,2.8466666666666662
Masbate,2008,4,1011.17,27.153333333333336,86.76666666666667,3.2933333333333334
Masbate,2009,1,726.5699999999999,26.106666666666666,86.31333333333333,3.8033333333333332
Masbate,2009,2,890.36,27.560000000000002,84.71333333333332,2.8866666666666667
Masbate,2009,3,572.51,27.74333333333333,84.33,3.5933333333333337
Masbate,2009,4,620.27,26.733333333333334,85.00666666666666,3.6933333333333334
Masbate,2010,1,320.55,25.993333333333336,83.17999999999999,3.6366666666666667
Masbate,2010,2,187.44,28.753333333333334,76.76,2.6199999999999997
Masbate,2010,3,720.69,28.076666666666668,80.46666666666667,2.3266666666666667
Masbate,2010,4,1024.95,27.213333333333335,86.64999999999999,2.983333333333333
Masbate,2011,1,1385.3600000000001,25.706666666666667,87.47000000000001,4.16
Masbate,2011,2,878.11,27.323333333333334,84.29,3.0733333333333337
Masbate,2011,3,782.36,27.543333333333333,84.7,3.606666666666667
Masbate,2011,4,1058.03,27.12,86.68666666666667,3.1633333333333336
Masbate,2012,1,991.8,26.22666666666667,86.87666666666667,3.74
Masbate,2012,2,392.25,28.153333333333336,81.27,2.8466666666666662
Masbate,2012,3,713.5999999999999,27.580000000000002,84.50333333333333,3.5666666666666664
Masbate,2012,4,830.46,27.0,85.58333333333333,3.516666666666667
Masbate,2013,1,744.85,26.096666666666664,85.97666666666667,3.936666666666667
Masbate,2013,2,515.59,28.516666666666666,80.01333333333334,2.533333333333333
Masbate,2013,3,683.23,27.643333333333334,84.04,3.176666666666667
Masbate,2013,4,918.0899999999999,27.036666666666665,86.38666666666666,3.5533333333333332
Masbate,2014,1,514.22,25.383333333333336,83.50666666666667,4.206666666666666
Masbate,2014,2,380.09,28.376666666666665,81.22,2.69
Masbate,2014,3,902.01,27.686666666666667,84.02333333333333,3.36
Masbate,2014,4,1214.94,26.936666666666667,87.36333333333334,3.5933333333333333
Masbate,2015,1,482.85999999999996,25.5,83.04666666666667,3.89
Masbate,2015,2,276.34,28.366666666666664,78.14999999999999,2.6166666666666667
Masbate,2015,3,491.25,28.179999999999996,81.41333333333334,3.1999999999999997
Masbate,2015,4,699.9,27.333333333333332,84.32,3.6999999999999997
Masbate,2016,1,385.77000000000004,26.116666666666664,84.29,3.5433333333333334
Masbate,2016,2,296.28999999999996,28.673333333333336,78.85666666666667,2.63
Masbate,2016,3,640.82,28.246666666666666,82.48333333333333,3.143333333333333
Masbate,2016,4,1221.58,27.213333333333335,87.03666666666668,3.3699999999999997
Masbate,2017,1,740.94,25.76,86.14333333333333,4.016666666666667
Masbate,2017,2,396.48,28.366666666666664,80.79666666666667,2.4299999999999997
Masbate,2017,3,831.8000000000001,28.246666666666666,81.80666666666667,2.7533333333333334
Masbate,2017,4,1410.0900000000001,27.52,86.02666666666666,3.5433333333333334
Masbate,2018,1,1199.73,26.319999999999997,86.43666666666667,3.716666666666667
Masbate,2018,2,336.41,28.126666666666665,82.24333333333334,2.983333333333333
Masbate,2018,3,521.85,27.939999999999998,83.56333333333333,3.8066666666666666
Masbate,2018,4,1061.49,27.23,84.54333333333334,3.6133333333333333
Masbate,2019,1,231.56,25.570000000000004,81.43666666666667,3.8733333333333335
Masbate,2019,2,397.75,28.66333333333333,79.11,2.5533333333333332
Masbate,2019,3,552.0799999999999,28.093333333333334,83.02999999999999,3.64
Masbate,2019,4,821.34,27.44666666666667,84.52333333333333,3.3233333333333337
Masbate,2020,1,520.87,26.116666666666664,84.03333333333333,3.74
Masbate,2020,2,464.72,28.406666666666666,81.19333333333333,2.8433333333333337
Masbate,2020,3,598.06,28.44666666666667,80.71333333333332,2.3633333333333333
Masbate,2020,4,1527.05,27.483333333333334,86.82666666666667,3.1666666666666665
Masbate,2021,1,1066.79,26.406666666666666,86.62666666666667,3.766666666666667
Masbate,2021,2,457.8,28.103333333333335,82.04333333333334,2.8433333333333333
Masbate,2021,3,694.3299999999999,28.290000000000003,82.53,3.043333333333333
Masbate,2021,4,1039.33,27.28333333333333,86.80333333333333,3.7566666666666664
Masbate,2022,1,676.63,26.26,86.58333333333333,3.6300000000000003
Masbate,2022,2,741.3499999999999,27.956666666666667,83.09666666666668,2.6966666666666668
Masbate,2022,3,665.11,28.290000000000003,82.14666666666666,2.5933333333333333
Masbate,2022,4,1053.05,27.473333333333333,86.65666666666668,3.5199999999999996
Masbate,2023,1,1262.68,26.086666666666662,86.94666666666667,3.953333333333333
Masbate,2023,2,361.31,28.473333333333333,81.20666666666666,2.64
Masbate,2023,3,593.73,28.596666666666668,82.95,3.4466666666666668
Masbate,2023,4,839.1400000000001,27.833333333333332,85.83666666666666,3.24
Masbate,2024,1,354.6,26.313333333333333,83.52666666666666,3.83
Masbate,2024,2,312.22,28.939999999999998,79.52333333333333,2.7900000000000005
Masbate,2024,3,809.04,28.603333333333335,83.54,3.1233333333333335
Masbate,2024,4,1257.42,27.923333333333332,86.04,3.3433333333333333
Masbate,2025,1,1295.21,26.513333333333335,87.99333333333334,3.6666666666666665
Masbate,2025,2,502.32,28.34,82.87,2.606666666666667
Masbate,2025,3,820.03,27.926666666666666,84.09666666666668,3.186666666666667
Masbate,2025,4,1120.21,27.596666666666664,87.08333333333333,3.2900000000000005
Misamis Occidental,2000,1,661.21,26.266666666666666,85.38666666666666,2.9499999999999997
Misamis Occidental,2000,2,662.14,27.266666666666666,82.64333333333333,1.9233333333333336
Misamis Occidental,2000,3,577.12,26.873333333333335,83.08333333333333,2.23
Misamis Occidental,2000,4,758.61,26.723333333333333,85.50666666666666,2.353333333333333
Misamis Occidental,2001,1,354.97,26.403333333333336,84.46,2.89
Misamis Occidental,2001,2,483.65,27.560000000000002,80.64333333333333,2.07
Misamis Occidental,2001,3,547.3100000000001,26.956666666666667,83.53666666666668,2.2466666666666666
Misamis Occidental,2001,4,991.33,26.536666666666665,86.24333333333334,2.766666666666667
Misamis Occidental,2002,1,201.60000000000002,25.849999999999998,82.81333333333333,3.483333333333333
Misamis Occidental,2002,2,536.0699999999999,27.64,79.82666666666667,2.1366666666666667
Misamis Occidental,2002,3,682.51,26.666666666666668,84.57333333333334,2.453333333333333
Misamis Occidental,2002,4,411.84,26.98,83.44666666666666,2.3833333333333333
Misamis Occidental,2003,1,173.66,26.066666666666666,83.10333333333334,3.5500000000000003
Misamis Occidental,2003,2,431.05,27.583333333333332,79.96666666666665,2.07
Misamis Occidental,2003,3,816.59,26.706666666666667,84.82000000000001,2.1300000000000003
Misamis Occidental,2003,4,603.1,26.50666666666667,85.33666666666666,2.6233333333333335
Misamis Occidental,2004,1,193.52,26.179999999999996,85.12666666666667,2.966666666666667
Misamis Occidental,2004,2,471.53000000000003,27.463333333333335,81.02,2.3066666666666666
Misamis Occidental,2004,3,454.86,26.77333333333333,83.48,2.02
Misamis Occidental,2004,4,487.34000000000003,26.856666666666666,83.98666666666666,2.6300000000000003
Misamis Occidental,2005,1,123.41000000000001,26.126666666666665,81.27666666666666,3.3000000000000003
Misamis Occidental,2005,2,348.49,27.71666666666667,78.96666666666667,1.8999999999999997
Misamis Occidental,2005,3,656.19,26.926666666666666,84.22,2.23
Misamis Occidental,2005,4,740.75,26.99333333333333,85.42,2.3633333333333333
Misamis Occidental,2006,1,284.86,26.246666666666666,85.71666666666665,3.1833333333333336
Misamis Occidental,2006,2,405.88,27.540000000000003,79.34666666666666,2.1133333333333333
Misamis Occidental,2006,3,509.01,26.863333333333333,82.91333333333334,2.3433333333333333
Misamis Occidental,2006,4,645.78,26.916666666666668,84.14666666666666,2.5566666666666666
Misamis Occidental,2007,1,216.54999999999998,26.156666666666666,83.76666666666667,3.42
Misamis Occidental,2007,2,508.01,27.72,80.40666666666667,1.96
Misamis Occidental,2007,3,701.1700000000001,26.993333333333336,83.35000000000001,2.186666666666667
Misamis Occidental,2007,4,655.78,26.616666666666664,86.20666666666666,2.4066666666666667
Misamis Occidental,2008,1,599.65,26.166666666666668,86.18333333333334,2.8966666666666665
Misamis Occidental,2008,2,783.04,26.86,83.98,2.19
Misamis Occidental,2008,3,707.06,26.75,82.96333333333332,1.95
Misamis Occidental,2008,4,799.3,26.95,84.95,2.436666666666667
Misamis Occidental,2009,1,677.73,26.21666666666667,86.03333333333335,3.0066666666666664
Misamis Occidental,2009,2,672.51,27.12,82.8,2.0433333333333334
Misamis Occidental,2009,3,710.6600000000001,26.953333333333333,83.79,2.3366666666666664
Misamis Occidental,2009,4,535.4499999999999,26.593333333333334,85.03333333333333,2.6533333333333333
Misamis Occidental,2010,1,188.21,26.17,82.26,3.3166666666666664
Misamis Occidental,2010,2,394.14,28.05,78.67,1.9733333333333334
Misamis Occidental,2010,3,907.57,27.353333333333335,80.48666666666666,1.7233333333333334
Misamis Occidental,2010,4,948.85,26.94333333333333,84.07333333333334,2.1566666666666667
Misamis Occidental,2011,1,767.55,25.91333333333333,87.55,2.9499999999999997
Misamis Occidental,2011,2,585.0699999999999,26.80333333333333,83.95333333333333,2.2399999999999998
Misamis Occidental,2011,3,690.87,26.75333333333333,83.32333333333334,2.276666666666667
Misamis Occidental,2011,4,926.19,26.8,84.53,2.33
Misamis Occidental,2012,1,576.65,26.19666666666667,85.87333333333333,2.7533333333333334
Misamis Occidental,2012,2,501.52,27.233333333333334,81.06,2.063333333333333
Misamis Occidental,2012,3,820.1,26.766666666666666,83.39,2.35
Misamis Occidental,2012,4,686.76,26.67,85.07333333333334,2.7266666666666666
Misamis Occidental,2013,1,611.49,26.12,86.09666666666665,3.143333333333333
Misamis Occidental,2013,2,568.19,27.623333333333335,80.37333333333333,1.7166666666666668
Misamis Occidental,2013,3,737.6999999999999,26.87,82.52666666666666,2.0833333333333335
Misamis Occidental,2013,4,862.11,26.743333333333336,85.13333333333333,2.5666666666666664
Misamis Occidental,2014,1,525.48,25.606666666666666,85.51333333333334,3.4033333333333338
Misamis Occidental,2014,2,413.77,27.633333333333336,80.96666666666667,1.8633333333333333
Misamis Occidental,2014,3,685.1999999999999,26.823333333333334,83.06,2.2066666666666666
Misamis Occidental,2014,4,763.4,26.87,85.03666666666668,2.4633333333333334
Misamis Occidental,2015,1,168.67000000000002,25.866666666666664,81.99333333333333,3.2100000000000004
Misamis Occidental,2015,2,295.14,27.87,76.79333333333334,1.8333333333333333
Misamis Occidental,2015,3,659.76,27.070000000000004,82.58,2.1566666666666667
Misamis Occidental,2015,4,418.20000000000005,27.093333333333334,83.78,2.6366666666666667
Misamis Occidental,2016,1,57.480000000000004,26.586666666666662,80.50666666666666,3.11
Misamis Occidental,2016,2,529.38,27.900000000000002,79.92333333333333,1.9533333333333331
Misamis Occidental,2016,3,722.89,27.27333333333333,82.01666666666667,2.0166666666666666
Misamis Occidental,2016,4,844.72,26.95,84.61666666666666,2.3000000000000003
Misamis Occidental,2017,1,588.49,25.886666666666667,86.39999999999999,3.1166666666666667
Misamis Occidental,2017,2,734.74,27.55,82.15333333333332,1.8066666666666666
Misamis Occidental,2017,3,749.97,27.286666666666665,81.42,1.8966666666666665
Misamis Occidental,2017,4,818.37,27.173333333333332,84.25333333333333,2.3333333333333335
Misamis Occidental,2018,1,556.7,26.51,84.68333333333334,2.7099999999999995
Misamis Occidental,2018,2,520.29,27.566666666666666,81.11,1.9833333333333334
Misamis Occidental,2018,3,592.1500000000001,27.113333333333333,82.91333333333334,2.436666666666667
Misamis Occidental,2018,4,513.09,27.05,84.43,2.5466666666666664
Misamis Occidental,2019,1,139.32999999999998,25.83666666666667,81.52666666666666,3.323333333333333
Misamis Occidental,2019,2,317.59000000000003,28.103333333333335,78.81666666666666,1.93
Misamis Occidental,2019,3,541.83,27.233333333333334,82.12333333333333,2.3366666666666664
Misamis Occidental,2019,4,454.08,27.21666666666667,83.11666666666666,2.29
Misamis Occidental,2020,1,162.26,26.63,81.39666666666666,3.2533333333333334
Misamis Occidental,2020,2,610.21,28.036666666666665,79.03,2.0
Misamis Occidental,2020,3,779.27,27.456666666666667,81.61,1.8
Misamis Occidental,2020,4,1232.22,27.22,84.13333333333333,2.223333333333333
Misamis Occidental,2021,1,540.23,26.513333333333332,84.74666666666667,2.6933333333333334
Misamis Occidental,2021,2,574.55,27.49,81.8,2.0433333333333334
Misamis Occidental,2021,3,633.72,27.456666666666667,81.49,2.08
Misamis Occidental,2021,4,953.01,27.173333333333336,84.93,2.473333333333333
Misamis Occidental,2022,1,384.85,26.42,85.24333333333334,2.9033333333333338
Misamis Occidental,2022,2,947.39,27.143333333333334,83.13,1.9133333333333333
Misamis Occidental,2022,3,634.0,27.263333333333332,81.87,1.8800000000000001
Misamis Occidental,2022,4,837.66,26.986666666666668,84.97333333333333,2.24
Misamis Occidental,2023,1,608.9,26.069999999999997,87.26333333333332,3.026666666666667
Misamis Occidental,2023,2,536.16,27.7,80.31333333333333,1.83
Misamis Occidental,2023,3,605.74,27.55,82.51333333333334,2.2466666666666666
Misamis Occidental,2023,4,578.95,27.49,83.99,2.3366666666666664
Misamis Occidental,2024,1,167.41,26.416666666666668,84.09333333333333,3.3433333333333333
Misamis Occidental,2024,2,426.42999999999995,28.400000000000002,79.17333333333333,2.06
Misamis Occidental,2024,3,838.6899999999999,27.673333333333332,82.88666666666667,2.06
Misamis Occidental,2024,4,773.48,27.63,84.11333333333333,2.3066666666666666
Misamis Occidental,2025,1,461.27,26.80666666666667,86.36333333333334,2.8266666666666667
Misamis Occidental,2025,2,777.91,27.756666666666664,82.37,1.96
Misamis Occidental,2025,3,957.69,27.286666666666665,82.92999999999999,2.1933333333333334
Misamis Occidental,2025,4,884.3900000000001,27.38,85.03333333333335,2.276666666666667
Misamis Oriental,2000,1,489.5,23.03333333333333,87.68666666666667,1.67
Misamis Oriental,2000,2,611.7,24.133333333333336,85.32000000000001,1.1233333333333333
Misamis Oriental,2000,3,566.0,23.679999999999996,85.65666666666665,1.1433333333333333
Misamis Oriental,2000,4,616.89,23.38,89.15333333333332,1.4100000000000001
Misamis Oriental,2001,1,380.82,23.040000000000003,86.91666666666667,1.5833333333333333
Misamis Oriental,2001,2,565.95,24.16,85.07333333333334,1.22
Misamis Oriental,2001,3,522.45,23.833333333333332,86.56666666666666,1.27
Misamis Oriental,2001,4,706.24,23.41,88.26333333333332,1.4733333333333334
Misamis Oriental,2002,1,379.10999999999996,22.573333333333334,86.52,1.8566666666666667
Misamis Oriental,2002,2,584.96,24.49,82.83666666666666,1.2300000000000002
Misamis Oriental,2002,3,585.5,23.513333333333332,87.63333333333333,1.4400000000000002
Misamis Oriental,2002,4,355.25,23.576666666666668,86.36,1.3099999999999998
Misamis Oriental,2003,1,327.5,23.043333333333333,85.16333333333334,1.9166666666666667
Misamis Oriental,2003,2,450.59999999999997,24.69333333333333,80.83,1.3033333333333335
Misamis Oriental,2003,3,867.38,23.613333333333333,87.95333333333333,1.1833333333333333
Misamis Oriental,2003,4,773.98,23.439999999999998,88.58666666666666,1.36
Misamis Oriental,2004,1,402.15,23.176666666666666,87.41333333333334,1.5533333333333335
Misamis Oriental,2004,2,470.19,24.236666666666668,84.17666666666666,1.3733333333333333
Misamis Oriental,2004,3,471.37,23.923333333333332,84.98,1.1433333333333333
Misamis Oriental,2004,4,337.97,23.823333333333334,85.93333333333334,1.4266666666666667
Misamis Oriental,2005,1,236.91000000000003,23.22666666666667,82.2,1.8066666666666666
Misamis Oriental,2005,2,398.99,25.073333333333334,79.00333333333333,1.1566666666666667
Misamis Oriental,2005,3,693.3399999999999,23.80666666666667,86.83666666666666,1.2966666666666666
Misamis Oriental,2005,4,651.24,23.74666666666667,87.11666666666667,1.3033333333333335
Misamis Oriental,2006,1,505.72999999999996,23.116666666666664,87.25333333333333,1.8133333333333332
Misamis Oriental,2006,2,438.87,24.14,83.14999999999999,1.2633333333333334
Misamis Oriental,2006,3,498.44,23.55,86.38666666666667,1.3533333333333335
Misamis Oriental,2006,4,456.28,23.62,86.46999999999998,1.4666666666666668
Misamis Oriental,2007,1,366.45,22.96666666666667,85.64999999999999,1.8399999999999999
Misamis Oriental,2007,2,515.31,24.763333333333332,81.81666666666666,1.1833333333333333
Misamis Oriental,2007,3,645.0999999999999,23.933333333333334,85.13333333333333,1.1666666666666667
Misamis Oriental,2007,4,610.11,23.48,88.47666666666667,1.3833333333333335
Misamis Oriental,2008,1,595.22,22.896666666666665,87.46333333333332,1.6133333333333333
Misamis Oriental,2008,2,591.47,23.713333333333335,86.09666666666668,1.2833333333333332
Misamis Oriental,2008,3,720.16,23.573333333333334,85.49333333333334,1.03
Misamis Oriental,2008,4,654.61,23.58,87.71,1.2933333333333332
Misamis Oriental,2009,1,700.4399999999999,23.11,87.69666666666666,1.5466666666666669
Misamis Oriental,2009,2,639.54,23.933333333333334,85.79,1.2166666666666666
Misamis Oriental,2009,3,607.37,23.703333333333333,87.08666666666666,1.4133333333333333
Misamis Oriental,2009,4,471.24,23.223333333333333,87.75333333333333,1.3733333333333333
Misamis Oriental,2010,1,343.89,22.75,85.84333333333332,1.7366666666666666
Misamis Oriental,2010,2,429.68,25.066666666666666,80.04333333333334,1.2466666666666668
Misamis Oriental,2010,3,772.22,24.17,83.28333333333335,0.93
Misamis Oriental,2010,4,585.28,23.633333333333336,85.96666666666665,1.1166666666666667
Misamis Oriental,2011,1,957.78,22.833333333333332,89.28000000000002,1.4400000000000002
Misamis Oriental,2011,2,618.1,23.743333333333336,86.41666666666667,1.24
Misamis Oriental,2011,3,782.75,23.516666666666666,86.69333333333333,1.2066666666666668
Misamis Oriental,2011,4,755.61,23.48,87.14999999999999,1.25
Misamis Oriental,2012,1,512.49,22.983333333333334,87.20666666666666,1.5533333333333335
Misamis Oriental,2012,2,588.33,24.02333333333333,84.2,1.1566666666666667
Misamis Oriental,2012,3,716.0699999999999,23.563333333333333,85.97333333333331,1.25
Misamis Oriental,2012,4,572.55,23.310000000000002,87.56,1.4966666666666668
Misamis Oriental,2013,1,682.21,23.016666666666666,88.25999999999999,1.64
Misamis Oriental,2013,2,588.08,24.356666666666666,84.17333333333333,1.0066666666666666
Misamis Oriental,2013,3,635.7,23.686666666666667,85.54666666666667,1.1133333333333333
Misamis Oriental,2013,4,564.98,23.37,87.32000000000001,1.3966666666666665
Misamis Oriental,2014,1,688.25,22.433333333333334,88.59333333333332,1.78
Misamis Oriental,2014,2,373.81,24.569999999999997,83.99333333333333,1.0533333333333335
Misamis Oriental,2014,3,671.81,23.736666666666665,85.74000000000001,1.17
Misamis Oriental,2014,4,658.39,23.676666666666666,86.89999999999999,1.3533333333333335
Misamis Oriental,2015,1,344.31,22.669999999999998,84.60333333333334,1.6866666666666668
Misamis Oriental,2015,2,357.5,24.923333333333332,79.04,1.16
Misamis Oriental,2015,3,602.04,24.27333333333333,83.22,1.09
Misamis Oriental,2015,4,491.83,23.900000000000002,85.34333333333332,1.4133333333333333
Misamis Oriental,2016,1,135.4,23.873333333333335,78.40666666666667,1.7966666666666666
Misamis Oriental,2016,2,571.79,25.319999999999997,78.76666666666667,1.2366666666666666
Misamis Oriental,2016,3,760.14,24.099999999999998,84.60000000000001,1.0966666666666667
Misamis Oriental,2016,4,762.7,23.53333333333333,88.16333333333334,1.22
Misamis Oriental,2017,1,912.8,22.676666666666666,89.31,1.6066666666666667
Misamis Oriental,2017,2,724.59,24.486666666666668,84.85666666666667,1.0366666666666666
Misamis Oriental,2017,3,743.54,24.143333333333334,85.01666666666667,0.9800000000000001
Misamis Oriental,2017,4,777.93,23.689999999999998,87.46,1.3399999999999999
Misamis Oriental,2018,1,527.11,23.060000000000002,87.71333333333332,1.4400000000000002
Misamis Oriental,2018,2,493.25,24.52,83.47,1.0966666666666667
Misamis Oriental,2018,3,605.4300000000001,23.853333333333335,85.42333333333333,1.3
Misamis Oriental,2018,4,458.49,23.790000000000003,86.29,1.3466666666666667
Misamis Oriental,2019,1,306.27,22.69333333333333,82.93666666666667,1.7666666666666666
Misamis Oriental,2019,2,376.33,25.263333333333332,79.73333333333333,1.2066666666666668
Misamis Oriental,2019,3,515.76,24.153333333333332,83.10000000000001,1.17
Misamis Oriental,2019,4,432.24,23.986666666666668,85.18,1.2166666666666666
Misamis Oriental,2020,1,214.69,23.74,81.06,1.8233333333333333
Misamis Oriental,2020,2,566.14,25.276666666666667,78.75666666666666,1.2233333333333334
Misamis Oriental,2020,3,785.24,24.419999999999998,83.89666666666666,0.9199999999999999
Misamis Oriental,2020,4,1032.6100000000001,23.833333333333332,87.56,1.1266666666666667
Misamis Oriental,2021,1,685.79,23.209999999999997,87.89666666666666,1.3866666666666667
Misamis Oriental,2021,2,710.83,24.28333333333333,85.64666666666666,1.1866666666666668
Misamis Oriental,2021,3,709.24,24.343333333333334,84.28333333333333,1.0133333333333334
Misamis Oriental,2021,4,870.63,23.776666666666667,87.44,1.2633333333333334
Misamis Oriental,2022,1,506.01,23.11,87.47333333333334,1.5599999999999998
Misamis Oriental,2022,2,838.3,24.123333333333335,85.72666666666667,1.0833333333333333
Misamis Oriental,2022,3,667.69,24.253333333333334,85.64333333333333,0.8733333333333334
Misamis Oriental,2022,4,745.3499999999999,23.650000000000002,87.78333333333335,1.2066666666666668
Misamis Oriental,2023,1,754.87,22.99,89.22333333333334,1.4933333333333334
Misamis Oriental,2023,2,580.42,24.476666666666663,84.22666666666667,1.0433333333333332
Misamis Oriental,2023,3,705.3399999999999,24.363333333333333,85.29,1.1900000000000002
Misamis Oriental,2023,4,564.94,24.30333333333333,86.14,1.2366666666666666
Misamis Oriental,2024,1,348.78,23.543333333333333,84.32333333333334,1.7833333333333332
Misamis Oriental,2024,2,432.77,25.679999999999996,78.52,1.2566666666666666
Misamis Oriental,2024,3,752.12,24.743333333333336,84.89,1.0233333333333332
Misamis Oriental,2024,4,652.09,24.363333333333333,87.30666666666666,1.2633333333333334
Misamis Oriental,2025,1,527.73,23.680000000000003,87.43333333333334,1.4799999999999998
Misamis Oriental,2025,2,734.4399999999999,24.573333333333334,85.37,1.1933333333333334
Misamis Oriental,2025,3,763.65,24.12,85.5,1.1566666666666667
Misamis Oriental,2025,4,703.49,24.150000000000002,87.33999999999999,1.1866666666666668
Mountain Province,2000,1,339.2,20.55,90.00666666666666,1.5899999999999999
Mountain Province,2000,2,542.48,24.013333333333332,84.27333333333333,0.9233333333333333
Mountain Province,2000,3,1087.52,23.326666666666664,88.83333333333333,1.3733333333333333
Mountain Province,2000,4,1153.22,21.87,93.08666666666666,1.9466666666666665
Mountain Province,2001,1,405.45000000000005,20.8,89.85666666666667,1.5766666666666669
Mountain Province,2001,2,483.3,24.263333333333332,85.89333333333333,0.9166666666666666
Mountain Province,2001,3,948.85,23.733333333333334,88.30333333333333,1.1933333333333334
Mountain Province,2001,4,383.99,20.80666666666667,90.75999999999999,1.9233333333333331
Mountain Province,2002,1,121.39,20.426666666666666,82.76333333333334,1.4366666666666668
Mountain Province,2002,2,387.21999999999997,25.209999999999997,74.50666666666666,1.1833333333333333
Mountain Province,2002,3,1226.43,23.956666666666667,87.39666666666666,1.2666666666666666
Mountain Province,2002,4,382.04,21.80333333333333,90.83,1.42
Mountain Province,2003,1,52.02,20.586666666666666,80.19333333333333,1.51
Mountain Province,2003,2,651.4599999999999,25.373333333333335,75.11333333333333,1.1733333333333333
Mountain Province,2003,3,932.82,23.786666666666665,87.89666666666666,1.0533333333333335
Mountain Province,2003,4,390.59,20.686666666666667,90.43333333333334,1.7366666666666666
Mountain Province,2004,1,203.04000000000002,20.913333333333334,84.40333333333332,1.3366666666666667
Mountain Province,2004,2,783.91,24.836666666666662,77.10333333333334,1.3533333333333335
Mountain Province,2004,3,936.48,23.44666666666667,87.77666666666666,1.2066666666666668
Mountain Province,2004,4,535.9399999999999,20.903333333333332,90.22000000000001,1.87
Mountain Province,2005,1,210.07,20.68,82.09333333333335,1.2433333333333334
Mountain Province,2005,2,602.25,25.02333333333333,77.49,0.9433333333333334
Mountain Province,2005,3,1166.57,23.66,88.69,1.1900000000000002
Mountain Province,2005,4,838.49,21.516666666666666,92.36666666666667,1.7
Mountain Province,2006,1,437.81000000000006,20.919999999999998,89.25333333333333,1.4000000000000001
Mountain Province,2006,2,380.74,24.69666666666667,78.90666666666667,1.0166666666666666
Mountain Province,2006,3,1169.5,23.846666666666664,88.33,1.1666666666666667
Mountain Province,2006,4,856.79,21.689999999999998,91.50666666666666,1.5066666666666666
Mountain Province,2007,1,141.29000000000002,20.91,85.61666666666667,1.3333333333333333
Mountain Province,2007,2,490.73,24.623333333333335,80.41000000000001,0.9633333333333334
Mountain Province,2007,3,942.8499999999999,24.076666666666664,86.84666666666668,1.0933333333333335
Mountain Province,2007,4,881.54,21.39,92.09666666666665,1.9500000000000002
Mountain Province,2008,1,264.44,20.2,89.71666666666665,1.64
Mountain Province,2008,2,598.03,24.02,83.24333333333334,1.05
Mountain Province,2008,3,1360.3400000000001,23.713333333333335,86.65333333333335,1.2133333333333332
Mountain Province,2008,4,740.63,21.330000000000002,92.33333333333333,1.63
Mountain Province,2009,1,254.33999999999997,20.59,88.19666666666666,1.45
Mountain Province,2009,2,1014.44,23.456666666666667,86.93,1.2233333333333334
Mountain Province,2009,3,1293.87,24.176666666666666,88.00999999999999,1.1566666666666667
Mountain Province,2009,4,1135.71,21.113333333333333,90.13666666666667,1.6466666666666665
Mountain Province,2010,1,82.36,21.636666666666667,78.52,1.26
Mountain Province,2010,2,438.03,25.75,74.02,0.96
Mountain Province,2010,3,890.2,23.849999999999998,86.66000000000001,0.96
Mountain Province,2010,4,905.67,21.8,91.05,1.3933333333333333
Mountain Province,2011,1,244.42000000000002,19.733333333333334,88.68666666666667,1.5599999999999998
Mountain Province,2011,2,638.03,23.956666666666667,81.28333333333333,1.0366666666666668
Mountain Province,2011,3,1328.78,23.766666666666666,87.07333333333334,1.2166666666666666
Mountain Province,2011,4,1027.93,21.813333333333333,92.51333333333334,1.6166666666666665
Mountain Province,2012,1,402.52,20.903333333333332,89.09666666666668,1.2933333333333332
Mountain Province,2012,2,638.06,24.44,84.25,0.89
Mountain Province,2012,3,1281.3899999999999,23.69333333333333,87.90666666666668,1.1933333333333334
Mountain Province,2012,4,440.64,21.709999999999997,89.61333333333334,1.21
Mountain Province,2013,1,244.59,21.093333333333334,85.71333333333332,1.25
Mountain Province,2013,2,555.95,24.823333333333334,81.21,0.7933333333333333
Mountain Province,2013,3,1218.1599999999999,23.463333333333335,88.16000000000001,1.1533333333333333
Mountain Province,2013,4,820.66,21.376666666666665,91.50999999999999,1.36
Mountain Province,2014,1,113.11999999999999,19.896666666666665,84.21,1.18
Mountain Province,2014,2,427.73,25.576666666666668,75.91000000000001,0.8333333333333334
Mountain Province,2014,3,1091.77,24.016666666666666,86.02,1.1733333333333333
Mountain Province,2014,4,498.03,21.473333333333333,91.14999999999999,1.4800000000000002
Mountain Province,2015,1,176.54000000000002,19.959999999999997,84.30333333333333,1.22
Mountain Province,2015,2,357.22,25.436666666666667,75.27333333333333,0.8433333333333334
Mountain Province,2015,3,1078.25,24.22666666666667,84.91666666666667,1.3233333333333333
Mountain Province,2015,4,874.87,22.213333333333335,89.69333333333333,1.5166666666666666
Mountain Province,2016,1,129.74,21.429999999999996,84.61,1.13
Mountain Province,2016,2,423.34,25.77333333333333,75.95,0.8166666666666668
Mountain Province,2016,3,1071.9099999999999,24.38,85.57666666666667,1.0433333333333332
Mountain Province,2016,4,1109.66,22.093333333333334,92.11666666666667,1.6333333333333335
Mountain Province,2017,1,376.3,20.150000000000002,89.73333333333333,1.47
Mountain Province,2017,2,584.65,24.77,81.33666666666666,0.7999999999999999
Mountain Province,2017,3,922.15,24.21666666666667,87.41333333333334,0.9933333333333333
Mountain Province,2017,4,838.21,21.906666666666666,92.46666666666665,1.61
Mountain Province,2018,1,173.97,20.81,86.87,1.3
Mountain Province,2018,2,531.49,25.233333333333334,77.67333333333333,1.0266666666666666
Mountain Province,2018,3,1520.84,24.013333333333332,87.24000000000001,1.2166666666666666
Mountain Province,2018,4,364.44,21.983333333333334,88.19,1.4066666666666665
Mountain Province,2019,1,120.94,21.316666666666666,79.67999999999999,1.18
Mountain Province,2019,2,643.0600000000001,25.426666666666666,79.68666666666667,0.7599999999999999
Mountain Province,2019,3,1324.15,24.203333333333333,86.89999999999999,1.1933333333333334
Mountain Province,2019,4,764.59,21.876666666666665,90.97333333333334,1.3666666666666665
Mountain Province,2020,1,262.41,20.833333333333332,84.95666666666666,1.2633333333333334
Mountain Province,2020,2,1171.13,25.189999999999998,79.94,0.8866666666666667
Mountain Province,2020,3,933.2,24.30666666666667,85.89,0.85
Mountain Province,2020,4,3540.19,22.356666666666666,93.28333333333335,1.7033333333333331
Mountain Province,2021,1,282.09000000000003,20.723333333333333,89.44,1.3933333333333333
Mountain Province,2021,2,287.66,25.2,75.64333333333333,1.0466666666666666
Mountain Province,2021,3,1035.9099999999999,24.183333333333334,87.54666666666667,1.21
Mountain Province,2021,4,624.28,21.736666666666668,90.98333333333333,1.5166666666666666
Mountain Province,2022,1,300.02,21.343333333333334,87.35333333333334,1.1533333333333333
Mountain Province,2022,2,728.57,24.12,85.0,0.9133333333333334
Mountain Province,2022,3,1088.92,24.143333333333334,87.10666666666667,0.9933333333333333
Mountain Province,2022,4,780.85,22.096666666666664,91.41666666666667,1.4400000000000002
Mountain Province,2023,1,218.17,20.526666666666667,86.10333333333334,1.49
Mountain Province,2023,2,479.40000000000003,25.486666666666668,78.07333333333334,1.1133333333333333
Mountain Province,2023,3,1316.69,24.883333333333336,86.16000000000001,1.2333333333333334
Mountain Province,2023,4,389.23,22.599999999999998,90.49000000000001,1.4233333333333331
Mountain Province,2024,1,98.88,21.566666666666666,81.56666666666666,1.3800000000000001
Mountain Province,2024,2,447.22,26.03333333333333,76.72,0.9166666666666666
Mountain Province,2024,3,1274.28,24.616666666666664,87.37,1.0533333333333335
Mountain Province,2024,4,1078.25,22.59,91.62333333333333,1.6833333333333333
Mountain Province,2025,1,346.2,20.953333333333333,89.58666666666666,1.4833333333333334
Mountain Province,2025,2,614.73,25.253333333333334,80.18,0.84
Mountain Province,2025,3,1530.43,24.08,88.39333333333333,1.3066666666666666
Mountain Province,2025,4,919.9200000000001,22.49,92.12333333333333,1.5766666666666669
Negros Occidental,2000,1,323.99,24.253333333333334,89.87,2.9433333333333334
Negros Occidental,2000,2,460.5,25.80333333333333,84.8,1.8133333333333335
Negros Occidental,2000,3,730.05,24.599999999999998,90.36,2.123333333333333
Negros Occidental,2000,4,764.86,24.64333333333333,92.21333333333332,2.1300000000000003
Negros Occidental,2001,1,286.53,24.433333333333334,88.92666666666666,2.8200000000000003
Negros Occidental,2001,2,517.29,26.03,83.44666666666667,1.9900000000000002
Negros Occidental,2001,3,541.8199999999999,24.713333333333335,90.83666666666666,2.3000000000000003
Negros Occidental,2001,4,801.1700000000001,24.30333333333333,91.82000000000001,2.6666666666666665
Negros Occidental,2002,1,119.97,24.396666666666665,81.57,3.606666666666667
Negros Occidental,2002,2,287.41,27.150000000000002,76.12333333333333,2.2133333333333334
Negros Occidental,2002,3,829.0600000000001,24.646666666666665,90.66666666666667,2.59
Negros Occidental,2002,4,355.57,24.63,90.63666666666666,2.2399999999999998
Negros Occidental,2003,1,128.99,24.94666666666667,79.36666666666666,3.6733333333333333
Negros Occidental,2003,2,368.95,27.05,76.29666666666667,2.3333333333333335
Negros Occidental,2003,3,836.66,24.763333333333332,90.67666666666666,1.93
Negros Occidental,2003,4,542.87,24.386666666666667,90.61333333333333,2.4633333333333334
Negros Occidental,2004,1,136.45,25.0,83.75666666666666,3.1
Negros Occidental,2004,2,524.77,26.526666666666667,80.46333333333332,2.6133333333333333
Negros Occidental,2004,3,652.07,24.723333333333333,89.96999999999998,2.066666666666667
Negros Occidental,2004,4,378.52,24.673333333333332,89.54333333333334,2.46
Negros Occidental,2005,1,92.52,25.290000000000003,76.44,3.4133333333333336
Negros Occidental,2005,2,290.28999999999996,27.573333333333334,73.28666666666668,2.1133333333333333
Negros Occidental,2005,3,847.93,24.856666666666666,90.82666666666667,2.1
Negros Occidental,2005,4,544.09,24.72666666666667,91.86,2.25
Negros Occidental,2006,1,233.12,24.456666666666667,88.11333333333334,3.313333333333333
Negros Occidental,2006,2,535.98,26.290000000000003,80.76666666666667,2.17
Negros Occidental,2006,3,747.39,24.563333333333333,91.27666666666666,2.3766666666666665
Negros Occidental,2006,4,476.35,24.71666666666667,90.62666666666667,2.283333333333333
Negros Occidental,2007,1,165.17,24.643333333333334,83.05,3.3333333333333335
Negros Occidental,2007,2,456.35999999999996,27.113333333333333,76.97666666666667,2.106666666666667
Negros Occidental,2007,3,886.49,24.913333333333338,90.41333333333334,2.0566666666666666
Negros Occidental,2007,4,566.88,24.52,92.41333333333334,2.3733333333333335
Negros Occidental,2008,1,397.17,24.036666666666665,90.48333333333333,3.0
Negros Occidental,2008,2,976.13,25.096666666666664,88.79666666666667,2.0933333333333333
Negros Occidental,2008,3,751.26,24.613333333333333,89.89,1.8033333333333335
Negros Occidental,2008,4,577.47,24.71666666666667,91.61333333333334,2.2533333333333334
Negros Occidental,2009,1,261.87,24.320000000000004,88.60333333333334,3.0566666666666666
Negros Occidental,2009,2,657.85,25.423333333333332,86.69333333333333,2.0733333333333333
Negros Occidental,2009,3,730.28,24.94333333333333,90.44333333333333,2.5933333333333333
Negros Occidental,2009,4,351.84,24.463333333333335,90.33,2.6033333333333335
Negros Occidental,2010,1,85.19,25.626666666666665,75.91666666666667,3.4266666666666663
Negros Occidental,2010,2,249.68,28.246666666666666,69.84333333333332,2.2933333333333334
Negros Occidental,2010,3,821.5799999999999,25.25,87.89,1.3699999999999999
Negros Occidental,2010,4,697.17,24.680000000000003,91.49666666666667,1.8133333333333332
Negros Occidental,2011,1,508.51,23.926666666666666,91.41333333333334,3.09
Negros Occidental,2011,2,566.61,25.106666666666666,87.74333333333334,2.06
Negros Occidental,2011,3,928.25,24.689999999999998,90.75666666666666,2.3699999999999997
Negros Occidental,2011,4,816.08,24.723333333333333,91.29333333333334,2.0500000000000003
Negros Occidental,2012,1,454.96999999999997,24.316666666666666,90.12666666666667,2.8533333333333335
Negros Occidental,2012,2,404.77,25.44666666666667,85.91000000000001,1.8833333333333335
Negros Occidental,2012,3,947.52,24.71666666666667,90.26333333333332,2.466666666666667
Negros Occidental,2012,4,427.22,24.593333333333334,90.24666666666667,2.5033333333333334
Negros Occidental,2013,1,306.94,24.599999999999998,86.91000000000001,3.233333333333333
Negros Occidental,2013,2,557.6800000000001,27.070000000000004,78.48,1.7633333333333334
Negros Occidental,2013,3,1023.03,24.846666666666668,90.22666666666667,2.04
Negros Occidental,2013,4,517.87,24.723333333333333,90.86333333333334,2.4466666666666668
Negros Occidental,2014,1,329.99,23.55333333333333,87.63333333333333,3.3633333333333333
Negros Occidental,2014,2,429.34,26.506666666666664,82.21,1.9133333333333333
Negros Occidental,2014,3,924.22,24.74666666666667,90.23333333333333,2.1733333333333333
Negros Occidental,2014,4,747.1500000000001,24.633333333333336,91.97000000000001,2.4566666666666666
Negros Occidental,2015,1,117.41,24.256666666666664,83.22666666666667,3.0866666666666664
Negros Occidental,2015,2,297.59,27.986666666666668,70.81333333333333,1.9566666666666668
Negros Occidental,2015,3,961.28,25.096666666666668,89.68666666666667,2.1966666666666668
Negros Occidental,2015,4,359.15,25.060000000000002,89.24333333333334,2.54
Negros Occidental,2016,1,109.77,26.046666666666667,75.82666666666667,3.1999999999999997
Negros Occidental,2016,2,468.61,27.97666666666667,73.69666666666667,2.1166666666666667
Negros Occidental,2016,3,794.2,25.22,89.53333333333335,2.026666666666667
Negros Occidental,2016,4,798.1800000000001,24.77333333333333,91.66000000000001,2.0933333333333333
Negros Occidental,2017,1,330.45,24.156666666666666,88.67333333333333,3.17
Negros Occidental,2017,2,618.26,26.233333333333334,84.44666666666667,1.6233333333333333
Negros Occidental,2017,3,1201.03,25.19666666666667,89.66333333333334,1.6500000000000001
Negros Occidental,2017,4,881.3,25.09,91.17,2.2566666666666664
Negros Occidental,2018,1,440.18,24.433333333333334,89.77333333333333,2.733333333333333
Negros Occidental,2018,2,498.28000000000003,26.106666666666666,84.10666666666667,1.9933333333333334
Negros Occidental,2018,3,779.44,24.886666666666667,90.74333333333334,2.6199999999999997
Negros Occidental,2018,4,473.13,24.96666666666667,89.67,2.3966666666666665
Negros Occidental,2019,1,274.06,23.883333333333336,83.57666666666667,3.0966666666666662
Negros Occidental,2019,2,559.09,26.543333333333333,82.37333333333333,1.9000000000000001
Negros Occidental,2019,3,1172.26,25.05666666666667,90.60666666666667,2.3733333333333335
Negros Occidental,2019,4,764.49,24.896666666666665,90.45666666666666,2.063333333333333
Negros Occidental,2020,1,169.51,24.933333333333334,83.0,3.143333333333333
Negros Occidental,2020,2,884.98,27.560000000000002,75.98,2.1166666666666667
Negros Occidental,2020,3,1063.96,25.433333333333337,88.91333333333334,1.4466666666666665
Negros Occidental,2020,4,1408.19,24.98,91.96666666666665,2.0033333333333334
Negros Occidental,2021,1,419.75,24.44333333333333,90.41333333333334,2.64
Negros Occidental,2021,2,493.15999999999997,26.026666666666667,84.77333333333333,1.9166666666666667
Negros Occidental,2021,3,897.9,25.416666666666668,89.08999999999999,1.9466666666666665
Negros Occidental,2021,4,725.76,24.91333333333333,91.92333333333333,2.5033333333333334
Negros Occidental,2022,1,209.48,24.616666666666664,88.12,2.9033333333333338
Negros Occidental,2022,2,871.28,25.53,87.89999999999999,1.8333333333333333
Negros Occidental,2022,3,1082.35,25.246666666666666,89.92666666666666,1.6433333333333333
Negros Occidental,2022,4,770.3199999999999,24.94333333333333,91.65666666666668,2.1599999999999997
Negros Occidental,2023,1,401.91999999999996,24.2,90.64,2.9966666666666666
Negros Occidental,2023,2,499.54,26.46666666666667,83.40333333333332,1.7966666666666666
Negros Occidental,2023,3,779.47,25.583333333333332,89.91666666666667,2.356666666666667
Negros Occidental,2023,4,479.29,25.516666666666666,90.52,2.1233333333333335
Negros Occidental,2024,1,90.46,25.74666666666667,78.47,3.4333333333333336
Negros Occidental,2024,2,303.26,28.816666666666666,70.50333333333333,2.473333333333333
Negros Occidental,2024,3,1111.21,25.673333333333332,90.28666666666668,2.0366666666666666
Negros Occidental,2024,4,598.52,25.616666666666664,89.96,2.17
Negros Occidental,2025,1,344.20000000000005,24.959999999999997,89.51666666666667,2.8966666666666665
Negros Occidental,2025,2,669.96,26.223333333333333,85.60333333333334,1.84
Negros Occidental,2025,3,1054.78,25.13,90.49666666666667,2.1266666666666665
Negros Occidental,2025,4,977.6600000000001,25.24333333333333,91.97333333333334,2.03
Negros Oriental,2000,1,542.32,25.323333333333334,85.5,5.04
Negros Oriental,2000,2,475.53,26.566666666666666,82.0,3.0566666666666666
Negros Oriental,2000,3,487.42999999999995,25.656666666666666,84.77,3.5500000000000003
Negros Oriental,2000,4,640.88,25.74,86.40333333333335,3.7099999999999995
Negros Oriental,2001,1,229.46,25.593333333333334,83.84333333333333,4.88
Negros Oriental,2001,2,389.81,26.97,78.96999999999998,3.47
Negros Oriental,2001,3,253.91,25.87,84.01333333333334,3.76
Negros Oriental,2001,4,712.11,25.58,86.17999999999999,4.426666666666667
Negros Oriental,2002,1,184.51999999999998,25.30333333333333,79.89,5.87
Negros Oriental,2002,2,289.28000000000003,27.573333333333334,74.63666666666667,3.5866666666666664
Negros Oriental,2002,3,486.23,25.763333333333332,84.53666666666668,4.3133333333333335
Negros Oriental,2002,4,346.14,25.983333333333334,84.06333333333333,3.8333333333333335
Negros Oriental,2003,1,195.54,25.686666666666667,78.76,5.976666666666667
Negros Oriental,2003,2,322.13,27.66333333333333,73.69333333333333,3.8233333333333337
Negros Oriental,2003,3,562.26,25.776666666666667,84.96333333333332,3.26
Negros Oriental,2003,4,536.4200000000001,25.666666666666668,84.99333333333334,4.010000000000001
Negros Oriental,2004,1,188.19,25.83666666666667,81.68666666666667,4.976666666666667
Negros Oriental,2004,2,478.54,27.099999999999998,78.16333333333334,4.113333333333333
Negros Oriental,2004,3,502.12,25.76,84.36333333333333,3.2900000000000005
Negros Oriental,2004,4,301.7,26.24,82.05666666666667,4.136666666666667
Negros Oriental,2005,1,176.28,26.02,75.43333333333334,5.526666666666666
Negros Oriental,2005,2,233.71,27.98,71.55,3.3466666666666662
Negros Oriental,2005,3,525.31,26.040000000000003,84.10333333333334,3.65
Negros Oriental,2005,4,558.56,25.936666666666667,85.77,3.92
Negros Oriental,2006,1,335.2,25.320000000000004,85.81666666666666,5.583333333333333
Negros Oriental,2006,2,444.11,26.78,79.36,3.5399999999999996
Negros Oriental,2006,3,477.76,25.63,84.95,4.006666666666667
Negros Oriental,2006,4,420.35,26.01,84.44333333333333,4.083333333333333
Negros Oriental,2007,1,193.97,25.560000000000002,80.75666666666666,5.7
Negros Oriental,2007,2,437.87,27.673333333333332,74.87,3.4800000000000004
Negros Oriental,2007,3,519.14,25.906666666666666,84.91666666666667,3.5233333333333334
Negros Oriental,2007,4,520.26,25.573333333333334,86.91000000000001,3.85
Negros Oriental,2008,1,469.91999999999996,25.116666666666664,86.50666666666666,5.043333333333333
Negros Oriental,2008,2,747.11,26.026666666666667,84.07666666666667,3.5966666666666662
Negros Oriental,2008,3,460.78999999999996,25.633333333333336,84.20666666666666,2.9766666666666666
Negros Oriental,2008,4,529.04,25.903333333333336,85.95,3.8733333333333335
Negros Oriental,2009,1,375.42,25.340000000000003,85.26,5.003333333333334
Negros Oriental,2009,2,454.2,26.349999999999998,82.22000000000001,3.4333333333333336
Negros Oriental,2009,3,521.49,25.923333333333332,84.78666666666668,4.116666666666667
Negros Oriental,2009,4,336.52,25.74666666666667,84.50333333333333,4.173333333333333
Negros Oriental,2010,1,120.34,26.136666666666667,75.96333333333332,5.613333333333333
Negros Oriental,2010,2,220.44,28.423333333333332,69.42333333333333,3.853333333333333
Negros Oriental,2010,3,699.12,26.459999999999997,80.89333333333333,2.32
Negros Oriental,2010,4,681.56,25.826666666666668,85.55333333333334,3.19
Negros Oriental,2011,1,575.59,25.05333333333333,87.10333333333334,4.74
Negros Oriental,2011,2,516.11,26.22,82.77666666666666,3.4433333333333334
Negros Oriental,2011,3,637.88,25.626666666666665,85.32000000000001,3.783333333333333
Negros Oriental,2011,4,630.6099999999999,25.80666666666667,85.36,3.58
Negros Oriental,2012,1,450.92,25.373333333333335,85.55,4.783333333333334
Negros Oriental,2012,2,322.69,26.599999999999998,80.26666666666667,3.19
Negros Oriental,2012,3,638.27,25.7,84.92999999999999,3.9966666666666666
Negros Oriental,2012,4,446.95,25.733333333333334,85.18333333333334,4.38
Negros Oriental,2013,1,372.66,25.58666666666667,83.83,5.183333333333334
Negros Oriental,2013,2,322.08000000000004,27.496666666666666,76.03666666666668,2.7600000000000002
Negros Oriental,2013,3,664.64,25.91333333333333,83.66666666666667,3.3833333333333333
Negros Oriental,2013,4,485.40999999999997,25.846666666666668,85.26333333333334,4.056666666666667
Negros Oriental,2014,1,460.1,24.853333333333335,83.62333333333333,5.253333333333333
Negros Oriental,2014,2,334.42,27.026666666666667,80.14,2.8800000000000003
Negros Oriental,2014,3,540.06,25.786666666666665,84.36,3.49
Negros Oriental,2014,4,753.81,25.853333333333335,85.84666666666668,3.9766666666666666
Negros Oriental,2015,1,121.94,25.366666666666664,79.62,4.886666666666667
Negros Oriental,2015,2,185.25,28.663333333333338,67.09333333333333,3.07
Negros Oriental,2015,3,568.66,26.316666666666666,82.33333333333333,3.64
Negros Oriental,2015,4,265.01,26.373333333333335,83.06,4.296666666666667
Negros Oriental,2016,1,67.06,26.916666666666668,72.53333333333335,5.44
Negros Oriental,2016,2,333.15,28.599999999999998,69.82000000000001,3.563333333333333
Negros Oriental,2016,3,407.96,26.383333333333336,82.43666666666667,3.25
Negros Oriental,2016,4,562.0,26.043333333333333,85.09333333333333,3.526666666666667
Negros Oriental,2017,1,402.23,25.236666666666665,84.78333333333335,5.05
Negros Oriental,2017,2,428.27,27.14,80.19666666666667,2.686666666666666
Negros Oriental,2017,3,727.86,26.263333333333332,82.99333333333334,2.8066666666666666
Negros Oriental,2017,4,695.01,26.266666666666666,85.05333333333333,3.7533333333333334
Negros Oriental,2018,1,489.78,25.683333333333334,84.64666666666666,4.306666666666667
Negros Oriental,2018,2,311.84,27.22,78.64333333333333,3.106666666666667
Negros Oriental,2018,3,409.62,26.076666666666668,83.77666666666666,4.406666666666667
Negros Oriental,2018,4,369.13,26.396666666666665,82.89999999999999,3.8433333333333337
Negros Oriental,2019,1,237.36,25.429999999999996,78.11333333333333,5.25
Negros Oriental,2019,2,261.82,28.016666666666666,73.88333333333334,3.35
Negros Oriental,2019,3,567.43,26.213333333333335,83.69333333333334,3.983333333333333
Negros Oriental,2019,4,418.6,26.23333333333333,83.46333333333332,3.3833333333333333
Negros Oriental,2020,1,174.72,26.223333333333333,78.08333333333333,5.34
Negros Oriental,2020,2,357.52,28.23,72.18666666666667,3.4566666666666666
Negros Oriental,2020,3,638.74,26.52,82.62333333333333,2.4533333333333336
Negros Oriental,2020,4,1019.31,26.176666666666666,85.73333333333333,3.396666666666667
Negros Oriental,2021,1,422.44,25.709999999999997,84.88666666666667,4.226666666666667
Negros Oriental,2021,2,376.90999999999997,27.086666666666662,79.64333333333333,3.0933333333333337
Negros Oriental,2021,3,582.28,26.606666666666666,82.02333333333333,3.16
Negros Oriental,2021,4,765.14,26.150000000000002,85.96333333333332,4.006666666666667
Negros Oriental,2022,1,252.85000000000002,25.683333333333334,84.2,4.796666666666667
Negros Oriental,2022,2,613.95,26.526666666666667,82.26,3.013333333333333
Negros Oriental,2022,3,671.23,26.28,83.82333333333334,2.78
Negros Oriental,2022,4,523.91,26.066666666666666,86.02333333333333,3.58
Negros Oriental,2023,1,448.36999999999995,25.376666666666665,85.99333333333334,4.703333333333333
Negros Oriental,2023,2,413.32,27.46666666666667,77.96,2.8633333333333333
Negros Oriental,2023,3,482.75,26.61,83.92,3.8800000000000003
Negros Oriental,2023,4,404.39,26.8,83.69,3.5400000000000005
Negros Oriental,2024,1,103.5,26.55333333333333,77.30333333333333,5.609999999999999
Negros Oriental,2024,2,217.13,29.09,69.13,4.1000000000000005
Negros Oriental,2024,3,680.31,26.733333333333334,84.10000000000001,3.3333333333333335
Negros Oriental,2024,4,530.1,26.849999999999998,83.92666666666666,3.6966666666666668
Negros Oriental,2025,1,328.76,26.123333333333335,84.81333333333333,4.803333333333334
Negros Oriental,2025,2,574.6700000000001,27.183333333333334,80.88666666666666,3.1466666666666665
Negros Oriental,2025,3,750.74,26.189999999999998,84.67666666666666,3.4966666666666666
Negros Oriental,2025,4,771.96,26.39,86.17666666666666,3.396666666666667
Northern Samar,2000,1,1472.1399999999999,26.063333333333333,84.97333333333334,3.7100000000000004
Northern Samar,2000,2,496.46000000000004,27.340000000000003,83.22666666666667,2.4066666666666667
Northern Samar,2000,3,639.76,26.896666666666665,85.49333333333334,2.6466666666666665
Northern Samar,2000,4,1505.12,26.826666666666668,87.03333333333335,3.3266666666666667
Northern Samar,2001,1,1206.19,26.326666666666668,84.27333333333333,3.74
Northern Samar,2001,2,533.01,27.570000000000004,81.99666666666667,2.4133333333333336
Northern Samar,2001,3,471.27,27.14,85.63,2.6633333333333336
Northern Samar,2001,4,1634.03,26.503333333333334,85.95,3.6366666666666667
Northern Samar,2002,1,647.74,25.326666666666668,82.46,4.08
Northern Samar,2002,2,482.74,27.456666666666667,81.39666666666666,2.41
Northern Samar,2002,3,765.81,26.986666666666668,86.19666666666667,2.7566666666666664
Northern Samar,2002,4,945.64,26.876666666666665,84.85000000000001,2.94
Northern Samar,2003,1,517.1800000000001,25.580000000000002,81.61666666666666,3.92
Northern Samar,2003,2,532.35,27.873333333333335,79.27333333333333,2.733333333333333
Northern Samar,2003,3,759.9399999999999,26.963333333333335,86.45333333333333,2.3633333333333333
Northern Samar,2003,4,1021.6,26.436666666666667,84.88666666666667,3.5100000000000002
Northern Samar,2004,1,723.34,25.88,84.70333333333333,3.5766666666666667
Northern Samar,2004,2,611.88,27.346666666666664,83.57666666666667,3.063333333333333
Northern Samar,2004,3,430.62,27.013333333333335,84.72333333333334,2.643333333333333
Northern Samar,2004,4,1142.71,26.506666666666664,86.10000000000001,3.1833333333333336
Northern Samar,2005,1,478.1,25.55666666666667,81.37,3.67
Northern Samar,2005,2,336.01,27.666666666666668,79.82000000000001,2.5233333333333334
Northern Samar,2005,3,851.94,27.143333333333334,86.37,2.52
Northern Samar,2005,4,1572.95,26.853333333333335,86.80666666666667,3.0966666666666662
Northern Samar,2006,1,1092.49,26.02,84.58666666666666,3.8866666666666667
Northern Samar,2006,2,661.64,27.30333333333333,82.64666666666666,2.6733333333333333
Northern Samar,2006,3,744.6,27.05,85.98666666666666,2.6366666666666667
Northern Samar,2006,4,949.22,26.77,85.50999999999999,3.1766666666666663
Northern Samar,2007,1,634.37,25.92,81.61333333333333,3.81
Northern Samar,2007,2,372.23,27.656666666666666,80.64,2.436666666666667
Northern Samar,2007,3,650.9200000000001,27.363333333333333,84.60666666666667,2.3800000000000003
Northern Samar,2007,4,1513.31,26.689999999999998,87.60333333333334,3.4766666666666666
Northern Samar,2008,1,1908.2,26.05666666666667,85.04666666666667,3.973333333333333
Northern Samar,2008,2,941.38,27.0,85.20333333333333,2.703333333333333
Northern Samar,2008,3,743.85,26.810000000000002,85.63,2.223333333333333
Northern Samar,2008,4,1490.43,26.936666666666667,86.17333333333333,3.0500000000000003
Northern Samar,2009,1,1352.44,26.113333333333333,85.03666666666668,3.75
Northern Samar,2009,2,691.2900000000001,27.23,84.55333333333333,2.5433333333333334
Northern Samar,2009,3,544.15,27.346666666666668,85.38,2.8800000000000003
Northern Samar,2009,4,916.1500000000001,26.566666666666666,84.78666666666668,3.486666666666667
Northern Samar,2010,1,551.7,25.89,81.69333333333333,3.6
Northern Samar,2010,2,232.54,28.3,77.07000000000001,2.6199999999999997
Northern Samar,2010,3,812.4,27.463333333333335,82.43666666666667,2.1333333333333333
Northern Samar,2010,4,1388.49,26.926666666666666,86.29666666666667,2.7099999999999995
Northern Samar,2011,1,2582.44,25.866666666666664,86.13,4.236666666666666
Northern Samar,2011,2,1176.76,26.939999999999998,85.06666666666666,2.856666666666667
Northern Samar,2011,3,834.65,27.136666666666667,85.71333333333332,2.8633333333333333
Northern Samar,2011,4,1428.8400000000001,26.89,86.50666666666666,3.0833333333333335
Northern Samar,2012,1,1391.02,26.256666666666664,84.68333333333334,3.91
Northern Samar,2012,2,483.37,27.536666666666665,82.61666666666667,2.4466666666666668
Northern Samar,2012,3,777.71,27.179999999999996,85.53333333333335,2.8833333333333333
Northern Samar,2012,4,1068.95,26.846666666666664,84.59666666666666,3.42
Northern Samar,2013,1,1164.73,26.143333333333334,84.56666666666666,4.023333333333333
Northern Samar,2013,2,596.47,27.8,81.64,2.3866666666666667
Northern Samar,2013,3,752.28,27.080000000000002,85.64666666666666,2.6266666666666665
Northern Samar,2013,4,1195.62,26.886666666666667,85.57333333333334,3.466666666666667
Northern Samar,2014,1,1088.48,25.386666666666667,82.72666666666667,4.133333333333334
Northern Samar,2014,2,707.0,27.843333333333334,82.59666666666666,2.5566666666666666
Northern Samar,2014,3,1015.01,27.143333333333334,85.67333333333333,2.733333333333333
Northern Samar,2014,4,1785.0,26.763333333333332,87.0,3.426666666666667
Northern Samar,2015,1,703.63,25.506666666666664,81.52666666666667,3.853333333333333
Northern Samar,2015,2,315.15,27.816666666666666,78.41333333333334,2.57
Northern Samar,2015,3,408.55,27.846666666666664,81.33999999999999,2.57
Northern Samar,2015,4,698.8,27.213333333333335,83.08,3.53
Northern Samar,2016,1,422.25,26.03,82.36666666666666,3.52
Northern Samar,2016,2,351.22,28.313333333333333,78.51666666666667,2.716666666666667
Northern Samar,2016,3,639.6700000000001,27.790000000000003,83.60666666666667,2.5733333333333337
Northern Samar,2016,4,1374.94,26.926666666666666,86.77666666666666,3.1566666666666663
Northern Samar,2017,1,1074.8300000000002,25.826666666666668,85.00333333333333,4.146666666666667
Northern Samar,2017,2,469.34999999999997,27.8,82.44666666666667,2.4600000000000004
Northern Samar,2017,3,736.2,27.613333333333333,83.89666666666666,2.1733333333333333
Northern Samar,2017,4,1645.93,27.243333333333336,86.11333333333334,3.33
Northern Samar,2018,1,1552.44,26.396666666666665,84.92666666666666,3.7266666666666666
Northern Samar,2018,2,437.44,27.616666666666664,82.88000000000001,2.6266666666666665
Northern Samar,2018,3,551.94,27.436666666666667,85.21666666666665,2.926666666666667
Northern Samar,2018,4,1179.2,26.99,84.37,3.4899999999999998
Northern Samar,2019,1,352.11,25.483333333333334,78.98333333333333,3.74
Northern Samar,2019,2,376.32,28.423333333333332,77.99,2.533333333333333
Northern Samar,2019,3,504.75,27.59,84.19,2.8866666666666667
Northern Samar,2019,4,809.8299999999999,27.16,84.31,3.0533333333333332
Northern Samar,2020,1,631.29,26.063333333333333,82.23333333333333,3.72
Northern Samar,2020,2,548.83,27.900000000000002,81.54333333333334,2.8633333333333333
Northern Samar,2020,3,616.0699999999999,27.8,82.52333333333333,2.03
Northern Samar,2020,4,1610.78,27.179999999999996,86.98666666666668,2.983333333333333
Northern Samar,2021,1,1432.34,26.44666666666667,85.17,3.7133333333333334
Northern Samar,2021,2,579.03,27.576666666666668,83.34666666666668,2.65
Northern Samar,2021,3,601.94,27.62,84.57666666666667,2.4466666666666668
Northern Samar,2021,4,1389.06,27.106666666666666,86.54,3.4766666666666666
Northern Samar,2022,1,1026.57,26.286666666666665,84.89666666666666,3.676666666666667
Northern Samar,2022,2,740.0,27.41,84.44333333333334,2.783333333333333
Northern Samar,2022,3,604.42,27.61,84.47666666666667,2.1233333333333335
Northern Samar,2022,4,1351.5700000000002,27.19333333333333,86.65333333333335,3.216666666666667
Northern Samar,2023,1,1590.44,26.206666666666667,85.58999999999999,3.9466666666666668
Northern Samar,2023,2,476.09,27.926666666666666,82.50666666666666,2.516666666666667
Northern Samar,2023,3,532.89,28.08,84.2,2.72
Northern Samar,2023,4,954.9399999999999,27.686666666666667,84.92,3.0733333333333337
Northern Samar,2024,1,439.59000000000003,26.340000000000003,81.03333333333335,3.7899999999999996
Northern Samar,2024,2,377.94,28.59,78.97666666666667,2.7733333333333334
Northern Samar,2024,3,745.04,28.113333333333333,84.65333333333332,2.483333333333333
Northern Samar,2024,4,1291.78,27.59,86.46666666666665,3.1233333333333335
Northern Samar,2025,1,1518.0700000000002,26.650000000000002,86.22000000000001,3.766666666666667
Northern Samar,2025,2,522.97,27.936666666666667,83.28666666666668,2.433333333333333
Northern Samar,2025,3,821.98,27.456666666666667,85.39999999999999,2.4533333333333336
Northern Samar,2025,4,1315.75,27.323333333333334,87.20333333333333,3.03
Nueva Ecija,2000,1,481.43,23.599999999999998,86.34333333333335,1.68
Nueva Ecija,2000,2,534.44,26.093333333333334,84.74666666666667,1.09
Nueva Ecija,2000,3,984.6099999999999,25.12,90.51,1.2233333333333334
Nueva Ecija,2000,4,1084.98,24.650000000000002,90.67999999999999,1.5966666666666667
Nueva Ecija,2001,1,360.55,24.093333333333334,84.79666666666667,1.6666666666666667
Nueva Ecija,2001,2,480.01,26.473333333333333,83.58,1.0233333333333332
Nueva Ecija,2001,3,653.15,25.343333333333334,90.58999999999999,1.1733333333333331
Nueva Ecija,2001,4,517.3299999999999,24.206666666666667,86.08666666666666,1.7300000000000002
Nueva Ecija,2002,1,182.74,23.459999999999997,79.08333333333333,1.7733333333333334
Nueva Ecija,2002,2,363.76,26.77333333333333,77.77666666666667,1.3166666666666667
Nueva Ecija,2002,3,1155.97,25.570000000000004,89.64333333333333,1.0999999999999999
Nueva Ecija,2002,4,604.84,24.646666666666665,88.80666666666666,1.3499999999999999
Nueva Ecija,2003,1,101.83,23.55,78.14,1.7733333333333334
Nueva Ecija,2003,2,530.18,26.906666666666666,78.57333333333334,1.29
Nueva Ecija,2003,3,1072.83,25.583333333333332,89.21,1.0633333333333335
Nueva Ecija,2003,4,415.57,24.083333333333332,85.43333333333334,1.5133333333333334
Nueva Ecija,2004,1,193.28,24.27,79.42,1.5133333333333334
Nueva Ecija,2004,2,656.77,26.406666666666666,82.24333333333334,1.33
Nueva Ecija,2004,3,917.44,25.416666666666668,88.78666666666668,1.0833333333333333
Nueva Ecija,2004,4,728.49,24.12,86.13666666666666,1.51
Nueva Ecija,2005,1,128.84,23.959999999999997,77.78333333333335,1.5233333333333334
Nueva Ecija,2005,2,474.83,26.926666666666666,78.34666666666668,1.0533333333333335
Nueva Ecija,2005,3,898.86,25.713333333333335,89.36,1.0666666666666667
Nueva Ecija,2005,4,960.6400000000001,24.543333333333333,89.64999999999999,1.4266666666666667
Nueva Ecija,2006,1,511.91,23.796666666666667,86.08999999999999,1.5333333333333332
Nueva Ecija,2006,2,476.95,26.293333333333333,81.13,1.2866666666666668
Nueva Ecija,2006,3,1077.22,25.513333333333332,90.03666666666668,1.0633333333333332
Nueva Ecija,2006,4,712.39,24.78333333333333,88.23666666666668,1.33
Nueva Ecija,2007,1,205.32999999999998,24.01,81.30333333333333,1.6533333333333333
Nueva Ecija,2007,2,477.91999999999996,26.72666666666667,80.80666666666667,1.0966666666666667
Nueva Ecija,2007,3,875.4100000000001,25.810000000000002,88.79,1.02
Nueva Ecija,2007,4,915.3,24.30666666666667,89.34666666666665,1.5366666666666668
Nueva Ecija,2008,1,459.95000000000005,23.51,85.28333333333335,1.6966666666666665
Nueva Ecija,2008,2,707.19,25.993333333333336,84.11,1.1566666666666665
Nueva Ecija,2008,3,858.5799999999999,25.419999999999998,88.54333333333334,1.05
Nueva Ecija,2008,4,850.3,24.47,89.13333333333333,1.4366666666666665
Nueva Ecija,2009,1,298.95,23.843333333333334,82.95,1.6266666666666667
Nueva Ecija,2009,2,1077.95,25.72666666666667,86.75333333333333,1.1500000000000001
Nueva Ecija,2009,3,1071.9299999999998,25.886666666666667,89.45,1.0599999999999998
Nueva Ecija,2009,4,659.61,24.163333333333338,86.12666666666667,1.4100000000000001
Nueva Ecija,2010,1,138.23000000000002,24.396666666666665,77.81,1.6066666666666667
Nueva Ecija,2010,2,378.25,27.459999999999997,76.49333333333333,1.1566666666666667
Nueva Ecija,2010,3,991.35,25.89,87.38999999999999,0.8966666666666666
Nueva Ecija,2010,4,821.88,24.596666666666668,89.43333333333334,1.2433333333333334
Nueva Ecija,2011,1,337.51,23.266666666666666,83.67666666666666,1.6666666666666667
Nueva Ecija,2011,2,817.4599999999999,25.97,81.84666666666668,1.2066666666666668
Nueva Ecija,2011,3,1033.55,25.49,89.85666666666667,1.1333333333333333
Nueva Ecija,2011,4,1193.14,24.689999999999998,89.68333333333334,1.3733333333333333
Nueva Ecija,2012,1,553.79,23.853333333333335,86.23333333333333,1.4933333333333334
Nueva Ecija,2012,2,473.33000000000004,26.36,83.97666666666667,1.05
Nueva Ecija,2012,3,1353.89,25.58666666666667,89.21,1.04
Nueva Ecija,2012,4,643.4,24.656666666666666,86.81333333333333,1.2766666666666666
Nueva Ecija,2013,1,382.46000000000004,24.080000000000002,82.54666666666667,1.59
Nueva Ecija,2013,2,543.87,27.066666666666666,80.11333333333333,0.9866666666666667
Nueva Ecija,2013,3,1340.02,25.52333333333333,89.21,1.03
Nueva Ecija,2013,4,877.19,24.53,88.50999999999999,1.2166666666666666
Nueva Ecija,2014,1,171.20000000000002,23.19666666666667,79.91,1.4766666666666666
Nueva Ecija,2014,2,324.86,27.319999999999997,77.37666666666667,1.0633333333333332
Nueva Ecija,2014,3,958.32,25.983333333333334,87.35333333333334,1.0233333333333334
Nueva Ecija,2014,4,673.69,24.606666666666666,87.66333333333334,1.3466666666666667
Nueva Ecija,2015,1,154.24,23.296666666666667,79.31333333333333,1.5733333333333335
Nueva Ecija,2015,2,299.14,27.44333333333333,75.37,1.1266666666666667
Nueva Ecija,2015,3,793.13,26.333333333333332,86.30333333333333,1.03
Nueva Ecija,2015,4,1101.45,25.02,86.93666666666667,1.4433333333333334
Nueva Ecija,2016,1,182.05,24.453333333333333,81.3,1.4100000000000001
Nueva Ecija,2016,2,481.85,27.333333333333332,79.02333333333333,1.1333333333333333
Nueva Ecija,2016,3,862.1600000000001,26.209999999999997,87.73,0.9899999999999999
Nueva Ecija,2016,4,935.43,24.876666666666665,89.71666666666665,1.38
Nueva Ecija,2017,1,425.44,23.33666666666667,85.13333333333333,1.5733333333333333
Nueva Ecija,2017,2,538.96,26.993333333333336,80.49333333333333,1.0166666666666666
Nueva Ecija,2017,3,1029.0,26.189999999999998,87.94333333333333,0.9533333333333335
Nueva Ecija,2017,4,846.77,24.963333333333335,89.12,1.39
Nueva Ecija,2018,1,243.57999999999998,24.16,82.46,1.5133333333333334
Nueva Ecija,2018,2,565.09,26.643333333333334,81.70333333333333,1.2266666666666668
Nueva Ecija,2018,3,1156.29,25.599999999999998,90.10333333333334,1.1333333333333335
Nueva Ecija,2018,4,491.89000000000004,24.953333333333333,85.04666666666667,1.3966666666666665
Nueva Ecija,2019,1,173.96,23.796666666666667,79.23333333333333,1.5599999999999998
Nueva Ecija,2019,2,596.3199999999999,27.203333333333333,80.65333333333332,1.04
Nueva Ecija,2019,3,895.48,25.75,90.06333333333333,1.11
Nueva Ecija,2019,4,562.69,25.026666666666667,86.89,1.2433333333333334
Nueva Ecija,2020,1,500.85,23.833333333333332,82.65666666666665,1.53
Nueva Ecija,2020,2,953.8699999999999,26.656666666666666,84.13333333333334,1.0733333333333333
Nueva Ecija,2020,3,911.05,26.30666666666667,86.82666666666667,0.8866666666666667
Nueva Ecija,2020,4,2075.58,25.143333333333334,90.28333333333335,1.3466666666666667
Nueva Ecija,2021,1,383.1,23.80666666666667,85.87333333333333,1.4733333333333334
Nueva Ecija,2021,2,320.12,27.100000000000005,78.37,1.17
Nueva Ecija,2021,3,1013.54,26.209999999999997,88.56333333333333,1.0866666666666667
Nueva Ecija,2021,4,503.57,24.84,87.41333333333334,1.43
Nueva Ecija,2022,1,347.90999999999997,24.276666666666667,83.47000000000001,1.5033333333333332
Nueva Ecija,2022,2,623.3299999999999,26.46666666666667,82.92333333333333,1.0933333333333333
Nueva Ecija,2022,3,1093.31,26.133333333333336,88.00999999999999,0.93
Nueva Ecija,2022,4,753.83,25.016666666666666,89.18333333333334,1.33
Nueva Ecija,2023,1,340.42,23.77,82.33666666666666,1.64
Nueva Ecija,2023,2,576.02,27.24,80.61,1.11
Nueva Ecija,2023,3,898.27,26.58,88.37333333333333,1.1300000000000001
Nueva Ecija,2023,4,476.46000000000004,25.439999999999998,88.02333333333333,1.3633333333333333
Nueva Ecija,2024,1,182.97,24.473333333333333,79.30666666666667,1.7233333333333334
Nueva Ecija,2024,2,506.23,27.673333333333332,79.49666666666667,1.2433333333333334
Nueva Ecija,2024,3,1307.85,26.373333333333335,89.22000000000001,1.0666666666666667
Nueva Ecija,2024,4,841.83,25.483333333333334,88.75999999999999,1.3833333333333335
Nueva Ecija,2025,1,384.66999999999996,24.209999999999997,85.07666666666667,1.6366666666666667
Nueva Ecija,2025,2,609.3,26.94333333333333,82.11666666666667,1.0999999999999999
Nueva Ecija,2025,3,1292.41,25.913333333333338,89.12,1.1366666666666667
Nueva Ecija,2025,4,985.23,25.27,89.77333333333333,1.2833333333333334
Nueva Vizcaya,2000,1,548.41,20.396666666666665,89.72666666666667,1.1266666666666667
Nueva Vizcaya,2000,2,584.8199999999999,23.400000000000002,86.00333333333333,0.6833333333333332
Nueva Vizcaya,2000,3,1070.66,22.78,89.52666666666666,1.0233333333333332
Nueva Vizcaya,2000,4,1399.27,21.61,92.92666666666666,1.3966666666666665
Nueva Vizcaya,2001,1,524.72,20.66,89.55,1.0966666666666667
Nueva Vizcaya,2001,2,582.03,23.75333333333333,86.40666666666668,0.6533333333333333
Nueva Vizcaya,2001,3,794.6700000000001,23.070000000000004,89.46999999999998,0.8633333333333333
Nueva Vizcaya,2001,4,521.0799999999999,20.643333333333334,90.37333333333333,1.39
Nueva Vizcaya,2002,1,215.05,19.846666666666668,85.33,1.0066666666666666
Nueva Vizcaya,2002,2,414.28,24.180000000000003,78.68666666666667,0.7999999999999999
Nueva Vizcaya,2002,3,1235.72,23.313333333333333,88.37333333333333,0.9400000000000001
Nueva Vizcaya,2002,4,494.45,21.560000000000002,90.72000000000001,0.98
Nueva Vizcaya,2003,1,86.49000000000001,20.0,83.09666666666668,1.0333333333333334
Nueva Vizcaya,2003,2,562.5500000000001,24.59,77.77666666666666,0.7966666666666667
Nueva Vizcaya,2003,3,1036.33,23.3,88.23333333333333,0.7733333333333334
Nueva Vizcaya,2003,4,454.79999999999995,20.52,90.06333333333333,1.23
Nueva Vizcaya,2004,1,253.57000000000002,20.53,86.07333333333334,0.91
Nueva Vizcaya,2004,2,788.02,24.02,80.60333333333334,0.9133333333333334
Nueva Vizcaya,2004,3,919.42,22.926666666666666,88.41666666666667,0.85
Nueva Vizcaya,2004,4,735.2,20.76,90.19,1.2966666666666666
Nueva Vizcaya,2005,1,241.36,20.273333333333333,83.58666666666666,0.8533333333333334
Nueva Vizcaya,2005,2,565.4399999999999,24.103333333333335,80.86666666666667,0.6833333333333332
Nueva Vizcaya,2005,3,1073.35,23.206666666666667,89.10000000000001,0.8466666666666667
Nueva Vizcaya,2005,4,1121.9699999999998,21.353333333333335,92.13666666666666,1.1733333333333333
Nueva Vizcaya,2006,1,664.0799999999999,20.74,89.02333333333333,0.9566666666666667
Nueva Vizcaya,2006,2,479.75,23.736666666666668,82.49666666666667,0.7200000000000001
Nueva Vizcaya,2006,3,1198.09,23.26,89.25333333333333,0.8566666666666668
Nueva Vizcaya,2006,4,983.29,21.546666666666667,91.04333333333334,1.0533333333333335
Nueva Vizcaya,2007,1,231.73000000000002,20.506666666666664,86.90333333333332,0.9333333333333332
Nueva Vizcaya,2007,2,538.5600000000001,23.846666666666664,83.51333333333334,0.66
Nueva Vizcaya,2007,3,897.58,23.42,87.85333333333334,0.8333333333333334
Nueva Vizcaya,2007,4,1065.15,21.203333333333333,91.70666666666666,1.3733333333333333
Nueva Vizcaya,2008,1,440.93,20.05333333333333,89.66333333333334,1.14
Nueva Vizcaya,2008,2,722.6,23.38,85.20666666666666,0.7266666666666666
Nueva Vizcaya,2008,3,1064.85,23.113333333333333,87.29,0.8933333333333332
Nueva Vizcaya,2008,4,1010.05,21.183333333333334,91.96666666666668,1.14
Nueva Vizcaya,2009,1,362.81,20.34,88.55333333333333,1.0166666666666666
Nueva Vizcaya,2009,2,1098.65,23.070000000000004,87.41666666666667,0.8566666666666666
Nueva Vizcaya,2009,3,1160.44,23.650000000000002,88.75666666666666,0.8300000000000001
Nueva Vizcaya,2009,4,1091.57,20.933333333333334,89.50333333333333,1.1366666666666667
Nueva Vizcaya,2010,1,168.7,20.886666666666667,82.20333333333333,0.8633333333333333
Nueva Vizcaya,2010,2,449.65,24.913333333333338,77.15666666666667,0.6433333333333333
Nueva Vizcaya,2010,3,971.53,23.316666666666666,87.45,0.68
Nueva Vizcaya,2010,4,1033.78,21.570000000000004,90.88333333333333,0.93
Nueva Vizcaya,2011,1,378.93,19.63,88.98666666666668,1.08
Nueva Vizcaya,2011,2,754.09,23.23,83.91666666666667,0.7266666666666667
Nueva Vizcaya,2011,3,1261.3,23.169999999999998,88.14,0.9
Nueva Vizcaya,2011,4,1353.0,21.55333333333333,92.14333333333333,1.1466666666666667
Nueva Vizcaya,2012,1,643.14,20.650000000000002,89.18,0.8933333333333332
Nueva Vizcaya,2012,2,532.47,23.776666666666667,85.61,0.6699999999999999
Nueva Vizcaya,2012,3,1240.68,23.159999999999997,88.78666666666668,0.8733333333333334
Nueva Vizcaya,2012,4,649.76,21.53,89.04666666666667,0.8333333333333334
Nueva Vizcaya,2013,1,427.64,20.646666666666665,87.36666666666667,0.8733333333333334
Nueva Vizcaya,2013,2,563.84,24.2,82.95666666666666,0.5666666666666668
Nueva Vizcaya,2013,3,1301.85,22.906666666666666,89.07333333333332,0.8133333333333334
Nueva Vizcaya,2013,4,1087.71,21.276666666666667,91.07333333333334,0.9033333333333333
Nueva Vizcaya,2014,1,217.15,19.580000000000002,85.40666666666668,0.8166666666666668
Nueva Vizcaya,2014,2,370.03999999999996,24.713333333333335,79.08,0.5733333333333334
Nueva Vizcaya,2014,3,1015.71,23.506666666666664,86.48333333333333,0.8533333333333334
Nueva Vizcaya,2014,4,715.86,21.33,90.86,1.0133333333333334
Nueva Vizcaya,2015,1,255.29,19.603333333333335,85.53666666666668,0.8433333333333334
Nueva Vizcaya,2015,2,374.95000000000005,24.66,78.05,0.5800000000000001
Nueva Vizcaya,2015,3,997.97,23.810000000000002,85.35666666666667,0.9199999999999999
Nueva Vizcaya,2015,4,1075.79,21.900000000000002,89.60666666666667,1.07
Nueva Vizcaya,2016,1,204.22,21.146666666666665,85.7,0.7666666666666666
Nueva Vizcaya,2016,2,472.95,24.923333333333336,79.08333333333333,0.5733333333333334
Nueva Vizcaya,2016,3,985.76,23.776666666666667,86.75333333333333,0.79
Nueva Vizcaya,2016,4,1262.3899999999999,21.823333333333334,91.94,1.1366666666666667
Nueva Vizcaya,2017,1,579.09,20.013333333333332,89.38,1.0066666666666666
Nueva Vizcaya,2017,2,646.61,24.113333333333333,83.3,0.5833333333333334
Nueva Vizcaya,2017,3,1012.63,23.69666666666667,88.01333333333332,0.7366666666666667
Nueva Vizcaya,2017,4,1014.24,21.743333333333336,91.96999999999998,1.1433333333333333
Nueva Vizcaya,2018,1,250.44,20.623333333333335,87.13,0.8933333333333334
Nueva Vizcaya,2018,2,571.76,24.326666666666664,80.99,0.7000000000000001
Nueva Vizcaya,2018,3,1540.4,23.41,88.63333333333333,0.9066666666666666
Nueva Vizcaya,2018,4,495.5,21.646666666666665,88.64333333333333,0.9733333333333333
Nueva Vizcaya,2019,1,194.08,20.446666666666665,83.27333333333333,0.8333333333333334
Nueva Vizcaya,2019,2,656.16,24.73,81.43,0.56
Nueva Vizcaya,2019,3,1194.9,23.580000000000002,88.33999999999999,0.91
Nueva Vizcaya,2019,4,714.63,21.72,90.34333333333332,0.9433333333333334
Nueva Vizcaya,2020,1,370.59000000000003,20.44666666666667,86.0,0.91
Nueva Vizcaya,2020,2,917.2,24.44666666666667,82.47333333333334,0.61
Nueva Vizcaya,2020,3,931.4000000000001,23.83,86.46666666666665,0.62
Nueva Vizcaya,2020,4,2921.13,22.136666666666667,92.98,1.18
Nueva Vizcaya,2021,1,394.72,20.593333333333334,88.96666666666665,0.9866666666666667
Nueva Vizcaya,2021,2,332.53000000000003,24.3,79.62333333333333,0.7166666666666667
Nueva Vizcaya,2021,3,1090.51,23.663333333333338,88.38333333333333,0.9166666666666666
Nueva Vizcaya,2021,4,719.1800000000001,21.526666666666667,90.74333333333334,1.07
Nueva Vizcaya,2022,1,447.41,20.993333333333336,87.95,0.7999999999999999
Nueva Vizcaya,2022,2,727.51,23.58666666666667,85.75666666666666,0.65
Nueva Vizcaya,2022,3,1150.15,23.653333333333336,87.94666666666666,0.6933333333333334
Nueva Vizcaya,2022,4,814.2,21.853333333333335,91.34666666666665,1.0233333333333332
Nueva Vizcaya,2023,1,299.2,20.246666666666666,86.77,1.05
Nueva Vizcaya,2023,2,605.06,24.686666666666667,81.25333333333333,0.7266666666666667
Nueva Vizcaya,2023,3,1135.62,24.33666666666667,87.19666666666667,0.9066666666666667
Nueva Vizcaya,2023,4,501.44,22.356666666666666,90.45666666666666,1.0033333333333332
Nueva Vizcaya,2024,1,175.41,20.83666666666667,84.70666666666666,0.96
Nueva Vizcaya,2024,2,502.72999999999996,25.16,79.72333333333334,0.6233333333333334
Nueva Vizcaya,2024,3,1326.3200000000002,24.043333333333333,88.21,0.7933333333333333
Nueva Vizcaya,2024,4,1098.95,22.356666666666666,91.36333333333334,1.1366666666666667
Nueva Vizcaya,2025,1,485.09000000000003,20.836666666666666,89.17333333333333,1.04
Nueva Vizcaya,2025,2,635.28,24.433333333333334,82.87333333333333,0.5966666666666667
Nueva Vizcaya,2025,3,1512.89,23.55666666666667,89.11000000000001,0.9700000000000001
Nueva Vizcaya,2025,4,1085.22,22.28,91.80666666666667,1.1133333333333333
Occidental Mindoro,2000,1,209.03,26.209999999999997,80.81333333333333,3.1333333333333333
Occidental Mindoro,2000,2,590.85,27.666666666666668,79.91333333333334,2.103333333333333
Occidental Mindoro,2000,3,1028.38,26.386666666666667,86.35333333333334,3.1466666666666665
Occidental Mindoro,2000,4,664.19,26.77333333333333,84.28666666666668,3.01
Occidental Mindoro,2001,1,223.51000000000002,26.55666666666667,80.01,3.1466666666666665
Occidental Mindoro,2001,2,680.1899999999999,27.983333333333334,78.66666666666667,2.2733333333333334
Occidental Mindoro,2001,3,882.09,26.159999999999997,88.32000000000001,3.0233333333333334
Occidental Mindoro,2001,4,682.03,26.42,82.72,3.4800000000000004
Occidental Mindoro,2002,1,59.35,25.94333333333333,75.35666666666667,3.2266666666666666
Occidental Mindoro,2002,2,394.46,28.266666666666666,75.34333333333333,2.0733333333333333
Occidental Mindoro,2002,3,1124.44,26.346666666666664,87.94333333333333,3.26
Occidental Mindoro,2002,4,477.71999999999997,26.929999999999996,81.58333333333333,2.6966666666666668
Occidental Mindoro,2003,1,33.43,26.516666666666666,72.72000000000001,3.3699999999999997
Occidental Mindoro,2003,2,630.8100000000001,28.30666666666667,75.39333333333333,2.48
Occidental Mindoro,2003,3,1264.29,26.55666666666667,86.85666666666667,2.686666666666667
Occidental Mindoro,2003,4,428.72,26.483333333333334,80.81666666666666,3.0766666666666667
Occidental Mindoro,2004,1,69.43,26.706666666666667,75.29666666666667,2.89
Occidental Mindoro,2004,2,860.38,27.94666666666667,79.19,2.776666666666667
Occidental Mindoro,2004,3,757.4,26.483333333333334,85.43666666666667,2.566666666666667
Occidental Mindoro,2004,4,466.22,26.596666666666664,80.96,3.0933333333333333
Occidental Mindoro,2005,1,68.98,26.36,74.39999999999999,2.8366666666666664
Occidental Mindoro,2005,2,370.76,28.223333333333333,75.37666666666667,1.9733333333333334
Occidental Mindoro,2005,3,1158.35,26.659999999999997,86.96,2.893333333333333
Occidental Mindoro,2005,4,622.99,26.95,82.71333333333332,2.8233333333333337
Occidental Mindoro,2006,1,181.43,26.593333333333334,78.72666666666667,2.9499999999999997
Occidental Mindoro,2006,2,657.32,27.986666666666668,77.23,2.1
Occidental Mindoro,2006,3,1150.71,26.406666666666666,87.84666666666668,3.08
Occidental Mindoro,2006,4,493.46999999999997,26.906666666666666,81.88,2.86
Occidental Mindoro,2007,1,62.73,26.48,75.64999999999999,2.956666666666667
Occidental Mindoro,2007,2,428.42999999999995,28.47,74.94666666666667,1.8866666666666667
Occidental Mindoro,2007,3,1135.78,26.923333333333336,85.78666666666668,2.89
Occidental Mindoro,2007,4,636.51,26.573333333333334,84.06666666666666,3.106666666666667
Occidental Mindoro,2008,1,261.82,26.073333333333334,80.44333333333334,3.19
Occidental Mindoro,2008,2,719.88,27.30333333333333,80.89333333333333,2.3066666666666666
Occidental Mindoro,2008,3,899.48,26.48,85.69,2.6333333333333333
Occidental Mindoro,2008,4,558.31,26.886666666666667,82.92666666666666,2.7899999999999996
Occidental Mindoro,2009,1,117.85,26.429999999999996,78.07333333333334,3.013333333333333
Occidental Mindoro,2009,2,1014.01,27.189999999999998,83.22666666666667,2.56
Occidental Mindoro,2009,3,1259.26,26.7,87.38,3.2900000000000005
Occidental Mindoro,2009,4,305.11,26.45,80.89333333333333,2.8800000000000003
Occidental Mindoro,2010,1,46.08,26.94333333333333,72.46333333333332,2.783333333333333
Occidental Mindoro,2010,2,247.85,29.02,72.52,1.8366666666666667
Occidental Mindoro,2010,3,966.7,27.11,82.63333333333334,2.0900000000000003
Occidental Mindoro,2010,4,770.14,26.986666666666665,82.84666666666666,2.51
Occidental Mindoro,2011,1,138.97,26.006666666666664,79.18333333333334,3.6199999999999997
Occidental Mindoro,2011,2,780.93,27.563333333333333,78.42666666666666,2.4766666666666666
Occidental Mindoro,2011,3,1416.65,26.456666666666667,87.46333333333332,2.9233333333333333
Occidental Mindoro,2011,4,725.77,26.776666666666667,83.55666666666667,2.6966666666666668
Occidental Mindoro,2012,1,309.39,26.55666666666667,79.80333333333333,2.9966666666666666
Occidental Mindoro,2012,2,608.28,27.726666666666663,80.03666666666668,2.3800000000000003
Occidental Mindoro,2012,3,1550.77,26.573333333333334,86.30333333333333,3.1999999999999997
Occidental Mindoro,2012,4,407.58000000000004,26.996666666666666,80.52333333333333,2.8866666666666667
Occidental Mindoro,2013,1,186.64,26.576666666666668,77.27333333333333,3.1533333333333338
Occidental Mindoro,2013,2,696.45,28.44333333333333,76.41666666666667,1.8366666666666667
Occidental Mindoro,2013,3,1511.74,26.816666666666666,85.46666666666665,2.9033333333333338
Occidental Mindoro,2013,4,560.54,26.793333333333333,82.68666666666667,2.8266666666666667
Occidental Mindoro,2014,1,52.11,25.973333333333333,74.63,3.02
Occidental Mindoro,2014,2,503.09000000000003,28.66,75.19333333333333,1.9433333333333334
Occidental Mindoro,2014,3,1290.63,26.74666666666667,85.86666666666667,2.9033333333333338
Occidental Mindoro,2014,4,543.1800000000001,26.85666666666667,81.93,2.99
Occidental Mindoro,2015,1,89.2,25.826666666666668,75.93666666666667,3.1966666666666668
Occidental Mindoro,2015,2,298.02,28.73,73.04333333333334,1.9266666666666665
Occidental Mindoro,2015,3,1191.33,27.116666666666664,84.49666666666667,2.7399999999999998
Occidental Mindoro,2015,4,571.38,27.21666666666667,81.14,3.0933333333333333
Occidental Mindoro,2016,1,128.91,26.686666666666667,77.47333333333334,2.7133333333333334
Occidental Mindoro,2016,2,370.13,29.040000000000003,73.59666666666668,1.8366666666666667
Occidental Mindoro,2016,3,1297.8000000000002,27.096666666666664,85.65333333333332,2.7833333333333337
Occidental Mindoro,2016,4,966.72,26.923333333333332,84.02333333333333,2.8033333333333332
Occidental Mindoro,2017,1,181.62,26.189999999999998,79.15666666666667,3.3533333333333335
Occidental Mindoro,2017,2,735.0,28.320000000000004,77.64,1.9400000000000002
Occidental Mindoro,2017,3,1447.25,27.28,84.01,2.5533333333333332
Occidental Mindoro,2017,4,1034.8999999999999,27.209999999999997,83.08,2.89
Occidental Mindoro,2018,1,166.73000000000002,26.426666666666666,79.33666666666666,2.966666666666667
Occidental Mindoro,2018,2,759.59,28.346666666666668,76.60000000000001,2.1333333333333333
Occidental Mindoro,2018,3,1493.85,26.666666666666668,87.23333333333333,3.323333333333333
Occidental Mindoro,2018,4,457.28999999999996,27.243333333333336,79.77333333333333,2.8766666666666665
Occidental Mindoro,2019,1,40.36,26.363333333333333,73.42666666666666,2.9599999999999995
Occidental Mindoro,2019,2,465.93,28.883333333333336,74.54666666666667,2.0833333333333335
Occidental Mindoro,2019,3,1316.92,27.070000000000004,85.30666666666666,3.2266666666666666
Occidental Mindoro,2019,4,597.46,27.093333333333334,81.46666666666667,2.83
Occidental Mindoro,2020,1,368.24,26.24333333333333,78.94333333333333,3.0866666666666664
Occidental Mindoro,2020,2,1019.31,28.546666666666667,77.51666666666667,1.883333333333333
Occidental Mindoro,2020,3,1040.71,27.55,81.93,2.0433333333333334
Occidental Mindoro,2020,4,2001.69,27.05,84.83666666666666,2.94
Occidental Mindoro,2021,1,299.78,26.323333333333334,81.24666666666667,3.106666666666667
Occidental Mindoro,2021,2,554.12,28.133333333333336,77.77999999999999,2.2333333333333334
Occidental Mindoro,2021,3,1516.57,27.436666666666667,83.82000000000001,2.7099999999999995
Occidental Mindoro,2021,4,648.41,27.05333333333333,82.90666666666667,3.186666666666667
Occidental Mindoro,2022,1,152.72,26.853333333333335,78.03666666666666,2.986666666666667
Occidental Mindoro,2022,2,813.33,27.96666666666667,78.31,2.0066666666666664
Occidental Mindoro,2022,3,1221.81,27.133333333333336,85.06333333333333,2.4166666666666665
Occidental Mindoro,2022,4,890.8599999999999,27.166666666666668,83.11666666666667,2.85
Occidental Mindoro,2023,1,273.84000000000003,26.146666666666665,79.95333333333333,3.266666666666667
Occidental Mindoro,2023,2,620.71,28.22,79.3,2.17
Occidental Mindoro,2023,3,1202.6,27.603333333333335,85.01,2.9233333333333333
Occidental Mindoro,2023,4,615.16,27.676666666666666,82.0,2.5366666666666666
Occidental Mindoro,2024,1,76.4,26.94333333333333,75.77,3.0933333333333333
Occidental Mindoro,2024,2,516.8100000000001,29.439999999999998,73.76666666666667,1.9033333333333333
Occidental Mindoro,2024,3,1574.6,27.616666666666664,85.11666666666666,2.7566666666666664
Occidental Mindoro,2024,4,857.5,27.69333333333333,82.60333333333334,2.5766666666666667
Occidental Mindoro,2025,1,275.31,26.886666666666667,79.94666666666666,2.9499999999999997
Occidental Mindoro,2025,2,735.28,28.426666666666666,77.93666666666667,2.0233333333333334
Occidental Mindoro,2025,3,1761.45,27.013333333333335,85.83,2.9800000000000004
Occidental Mindoro,2025,4,854.46,27.266666666666666,83.68666666666667,2.63
Oriental Mindoro,2000,1,319.32,23.866666666666664,89.28000000000002,1.9566666666666663
Oriental Mindoro,2000,2,511.59999999999997,25.826666666666668,85.32666666666667,1.1766666666666667
Oriental Mindoro,2000,3,769.3,25.106666666666666,88.37666666666667,1.5233333333333334
Oriental Mindoro,2000,4,858.07,24.706666666666667,91.57666666666667,1.7066666666666668
Oriental Mindoro,2001,1,313.96000000000004,24.203333333333333,88.27999999999999,1.9133333333333333
Oriental Mindoro,2001,2,581.02,26.146666666666665,83.51666666666667,1.1900000000000002
Oriental Mindoro,2001,3,691.3000000000001,25.25,88.38666666666666,1.5099999999999998
Oriental Mindoro,2001,4,830.4000000000001,24.156666666666666,90.52666666666669,2.0166666666666666
Oriental Mindoro,2002,1,112.81,23.53,82.64999999999999,2.046666666666667
Oriental Mindoro,2002,2,330.83000000000004,26.883333333333336,76.80333333333333,1.33
Oriental Mindoro,2002,3,852.14,25.293333333333333,88.40333333333332,1.54
Oriental Mindoro,2002,4,567.1899999999999,24.669999999999998,89.78333333333335,1.5733333333333335
Oriental Mindoro,2003,1,65.13,24.006666666666664,80.27333333333333,2.0566666666666666
Oriental Mindoro,2003,2,536.74,26.883333333333336,77.43333333333334,1.41
Oriental Mindoro,2003,3,992.3700000000001,25.343333333333334,88.58666666666666,1.26
Oriental Mindoro,2003,4,537.01,24.21666666666667,88.73333333333333,1.7933333333333332
Oriental Mindoro,2004,1,123.56,24.39,82.47666666666667,1.79
Oriental Mindoro,2004,2,740.98,26.28,82.54666666666667,1.55
Oriental Mindoro,2004,3,587.6600000000001,25.153333333333332,87.61,1.39
Oriental Mindoro,2004,4,594.54,24.373333333333335,88.57000000000001,1.7266666666666666
Oriental Mindoro,2005,1,127.88,23.866666666666664,82.48333333333333,1.8033333333333335
Oriental Mindoro,2005,2,314.48,26.766666666666666,77.40666666666667,1.1566666666666667
Oriental Mindoro,2005,3,908.42,25.36,89.17,1.3366666666666667
Oriental Mindoro,2005,4,791.32,24.723333333333333,90.88333333333333,1.64
Oriental Mindoro,2006,1,296.63,24.036666666666665,87.75666666666666,1.8533333333333335
Oriental Mindoro,2006,2,666.15,25.973333333333333,83.33999999999999,1.2933333333333332
Oriental Mindoro,2006,3,937.2,25.23,88.92666666666668,1.43
Oriental Mindoro,2006,4,578.81,24.873333333333335,88.77666666666666,1.5866666666666667
Oriental Mindoro,2007,1,131.29000000000002,23.956666666666667,84.20666666666666,1.9033333333333333
Oriental Mindoro,2007,2,462.02,26.84,78.42333333333333,1.1466666666666667
Oriental Mindoro,2007,3,930.5799999999999,25.599999999999998,87.87,1.2966666666666666
Oriental Mindoro,2007,4,738.83,24.48,91.35666666666667,1.82
Oriental Mindoro,2008,1,444.85,23.69,89.31333333333333,1.9666666666666668
Oriental Mindoro,2008,2,781.1700000000001,25.543333333333333,86.31666666666666,1.2733333333333332
Oriental Mindoro,2008,3,706.8399999999999,25.2,87.27333333333333,1.2633333333333334
Oriental Mindoro,2008,4,702.25,24.67,91.03000000000002,1.6566666666666665
Oriental Mindoro,2009,1,186.69,23.926666666666666,86.83333333333333,1.8733333333333333
Oriental Mindoro,2009,2,1016.0899999999999,25.543333333333333,87.66000000000001,1.2866666666666666
Oriental Mindoro,2009,3,945.89,25.593333333333334,87.89333333333333,1.5866666666666667
Oriental Mindoro,2009,4,350.43,24.26,88.12,1.64
Oriental Mindoro,2010,1,89.98,24.53,79.83,1.8500000000000003
Oriental Mindoro,2010,2,244.20999999999998,27.603333333333335,73.64666666666666,1.1633333333333333
Oriental Mindoro,2010,3,950.51,25.59,86.35333333333334,1.03
Oriental Mindoro,2010,4,842.6300000000001,24.75,91.18666666666667,1.4566666666666668
Oriental Mindoro,2011,1,227.24,23.46666666666667,88.20666666666666,2.1133333333333333
Oriental Mindoro,2011,2,698.61,25.656666666666666,83.09333333333335,1.3833333333333335
Oriental Mindoro,2011,3,1124.75,25.243333333333336,89.01666666666667,1.4933333333333334
Oriental Mindoro,2011,4,859.7,24.78333333333333,90.53333333333335,1.5866666666666667
Oriental Mindoro,2012,1,462.18,24.096666666666664,89.01333333333332,1.9066666666666665
Oriental Mindoro,2012,2,425.58,25.983333333333334,84.41666666666667,1.2033333333333334
Oriental Mindoro,2012,3,1201.29,25.22666666666667,88.65333333333335,1.53
Oriental Mindoro,2012,4,511.73,24.876666666666665,87.99666666666667,1.6766666666666665
Oriental Mindoro,2013,1,298.82,24.206666666666667,85.43333333333334,2.0100000000000002
Oriental Mindoro,2013,2,616.6600000000001,26.87,80.07666666666667,1.0433333333333332
Oriental Mindoro,2013,3,1164.71,25.27333333333333,89.12333333333333,1.3733333333333333
Oriental Mindoro,2013,4,631.67,24.666666666666668,90.08333333333333,1.6066666666666667
Oriental Mindoro,2014,1,99.08,23.41,82.89999999999999,1.8800000000000001
Oriental Mindoro,2014,2,457.25,27.03,78.40333333333334,1.1500000000000001
Oriental Mindoro,2014,3,958.94,25.46666666666667,87.46333333333332,1.4433333333333334
Oriental Mindoro,2014,4,676.37,24.583333333333332,90.38,1.7033333333333331
Oriental Mindoro,2015,1,146.67000000000002,23.343333333333334,83.76666666666667,1.9066666666666665
Oriental Mindoro,2015,2,236.68,27.326666666666668,74.83,1.1233333333333333
Oriental Mindoro,2015,3,818.25,25.846666666666664,86.05333333333333,1.3233333333333333
Oriental Mindoro,2015,4,550.79,25.08666666666667,88.10333333333334,1.8
Oriental Mindoro,2016,1,165.85,24.463333333333335,84.3,1.7566666666666666
Oriental Mindoro,2016,2,336.63,27.44666666666667,76.64333333333333,1.1433333333333333
Oriental Mindoro,2016,3,770.95,25.843333333333334,86.97666666666667,1.3533333333333335
Oriental Mindoro,2016,4,991.13,24.94,90.72333333333334,1.6233333333333333
Oriental Mindoro,2017,1,232.13,23.72666666666667,87.08999999999999,2.02
Oriental Mindoro,2017,2,558.88,26.816666666666666,80.60000000000001,1.0733333333333335
Oriental Mindoro,2017,3,1092.92,25.933333333333334,86.62,1.2
Oriental Mindoro,2017,4,1027.05,25.096666666666668,90.48666666666666,1.6933333333333334
Oriental Mindoro,2018,1,240.04,24.073333333333334,87.64333333333333,1.8233333333333333
Oriental Mindoro,2018,2,558.26,26.403333333333336,82.37,1.3933333333333333
Oriental Mindoro,2018,3,984.06,25.326666666666668,89.13333333333333,1.6066666666666667
Oriental Mindoro,2018,4,515.31,24.900000000000002,88.31333333333333,1.7599999999999998
Oriental Mindoro,2019,1,56.21,23.939999999999998,80.39333333333333,1.8833333333333335
Oriental Mindoro,2019,2,335.4,27.516666666666666,76.08666666666666,1.1333333333333335
Oriental Mindoro,2019,3,895.12,25.626666666666665,87.63,1.5933333333333335
Oriental Mindoro,2019,4,687.41,25.05666666666667,88.18666666666667,1.5899999999999999
Oriental Mindoro,2020,1,318.18,24.09,85.31,1.93
Oriental Mindoro,2020,2,805.3399999999999,26.853333333333335,81.46666666666665,1.16
Oriental Mindoro,2020,3,866.36,26.03,85.81666666666666,0.9933333333333333
Oriental Mindoro,2020,4,1678.99,25.106666666666666,91.12333333333333,1.5599999999999998
Oriental Mindoro,2021,1,374.75,24.106666666666666,88.48333333333333,1.9133333333333333
Oriental Mindoro,2021,2,359.93,26.659999999999997,80.79,1.2866666666666666
Oriental Mindoro,2021,3,1201.89,25.88,87.81,1.37
Oriental Mindoro,2021,4,623.93,24.88,90.20333333333333,1.8533333333333333
Oriental Mindoro,2022,1,227.16,24.403333333333332,86.28333333333335,1.87
Oriental Mindoro,2022,2,714.36,26.013333333333332,84.57666666666667,1.19
Oriental Mindoro,2022,3,853.3399999999999,25.83,87.57666666666667,1.1133333333333333
Oriental Mindoro,2022,4,739.12,25.03,90.55666666666667,1.67
Oriental Mindoro,2023,1,316.15,23.756666666666664,88.14666666666666,2.0033333333333334
Oriental Mindoro,2023,2,435.71,26.963333333333335,80.61333333333333,1.1500000000000001
Oriental Mindoro,2023,3,756.19,26.30666666666667,86.88666666666667,1.4633333333333336
Oriental Mindoro,2023,4,625.56,25.463333333333335,90.23,1.62
Oriental Mindoro,2024,1,121.77,24.526666666666667,83.31333333333333,1.9933333333333334
Oriental Mindoro,2024,2,444.28,27.646666666666665,77.77666666666666,1.2433333333333334
Oriental Mindoro,2024,3,1155.8600000000001,26.30333333333333,87.39,1.3233333333333333
Oriental Mindoro,2024,4,813.97,25.669999999999998,89.39999999999999,1.57
Oriental Mindoro,2025,1,378.25,24.393333333333334,89.16000000000001,1.8699999999999999
Oriental Mindoro,2025,2,596.5,26.48,83.64333333333333,1.21
Oriental Mindoro,2025,3,1168.78,25.709999999999997,88.26666666666667,1.4333333333333333
Oriental Mindoro,2025,4,786.94,25.236666666666668,90.73666666666666,1.5333333333333332
Palawan,2000,1,175.84,26.676666666666666,83.04333333333334,4.95
Palawan,2000,2,431.92999999999995,27.97666666666667,79.73666666666666,2.8666666666666667
Palawan,2000,3,554.45,27.413333333333338,81.62666666666667,3.85
Palawan,2000,4,606.34,27.176666666666666,84.28333333333335,4.07
Palawan,2001,1,153.67000000000002,27.209999999999997,80.5,4.846666666666667
Palawan,2001,2,377.82,28.49,76.97666666666667,3.203333333333333
Palawan,2001,3,530.54,27.433333333333334,82.53666666666668,3.7566666666666664
Palawan,2001,4,559.6800000000001,27.046666666666667,83.27666666666666,4.886666666666667
Palawan,2002,1,30.37,26.92,74.69333333333333,5.3566666666666665
Palawan,2002,2,271.69,28.826666666666664,74.30333333333333,3.313333333333333
Palawan,2002,3,636.93,27.51,82.07,4.2299999999999995
Palawan,2002,4,388.6,27.416666666666668,82.39,4.043333333333333
Palawan,2003,1,32.07,27.343333333333334,73.57,5.453333333333333
Palawan,2003,2,344.08,28.790000000000003,74.32666666666667,3.516666666666667
Palawan,2003,3,618.5799999999999,27.3,83.53666666666668,3.3833333333333333
Palawan,2003,4,456.8,27.243333333333336,81.46666666666665,4.43
Palawan,2004,1,19.9,27.53333333333333,74.94,4.94
Palawan,2004,2,442.14,28.983333333333334,74.41666666666667,4.11
Palawan,2004,3,532.96,27.253333333333334,82.54666666666667,3.4899999999999998
Palawan,2004,4,397.67,27.38,80.51,4.546666666666667
Palawan,2005,1,28.189999999999998,27.23,73.58666666666666,5.04
Palawan,2005,2,311.84999999999997,28.86,73.90333333333332,3.1333333333333333
Palawan,2005,3,611.46,27.563333333333333,82.58999999999999,3.86
Palawan,2005,4,691.4200000000001,27.516666666666666,82.92999999999999,3.9133333333333336
Palawan,2006,1,104.25999999999999,27.093333333333334,80.31,5.226666666666667
Palawan,2006,2,368.23,28.459999999999997,76.08,3.35
Palawan,2006,3,725.0999999999999,27.463333333333335,82.96,3.8533333333333335
Palawan,2006,4,384.90999999999997,27.669999999999998,81.21666666666667,4.173333333333333
Palawan,2007,1,49.480000000000004,27.27333333333333,76.28333333333333,5.236666666666667
Palawan,2007,2,303.01,28.74,75.80333333333333,2.893333333333333
Palawan,2007,3,498.66999999999996,27.613333333333333,82.33666666666666,3.9933333333333336
Palawan,2007,4,623.41,27.19,83.60666666666667,4.423333333333333
Palawan,2008,1,292.23,26.636666666666667,82.74333333333334,5.203333333333333
Palawan,2008,2,585.45,27.643333333333334,81.05333333333333,3.5833333333333335
Palawan,2008,3,561.05,27.293333333333333,82.66000000000001,3.5400000000000005
Palawan,2008,4,836.89,27.47666666666667,83.38666666666667,4.253333333333333
Palawan,2009,1,92.16,27.209999999999997,79.25666666666667,5.173333333333333
Palawan,2009,2,783.12,28.02333333333333,79.94333333333333,3.513333333333333
Palawan,2009,3,727.8199999999999,27.646666666666665,82.8,4.44
Palawan,2009,4,285.79,27.400000000000002,80.83999999999999,4.533333333333334
Palawan,2010,1,33.1,27.686666666666667,73.00333333333333,5.153333333333333
Palawan,2010,2,275.06,29.320000000000004,72.74,3.0100000000000002
Palawan,2010,3,407.85,28.01,78.02999999999999,2.6933333333333334
Palawan,2010,4,819.62,27.543333333333333,82.57666666666667,3.57
Palawan,2011,1,337.47,26.603333333333335,83.02,5.6000000000000005
Palawan,2011,2,476.73,27.84,79.3,3.3833333333333333
Palawan,2011,3,638.05,27.436666666666667,82.21666666666667,3.8266666666666667
Palawan,2011,4,525.08,27.456666666666667,82.74,4.1499999999999995
Palawan,2012,1,259.42,27.016666666666666,81.44,4.786666666666666
Palawan,2012,2,418.25,28.169999999999998,78.25666666666666,3.203333333333333
Palawan,2012,3,705.89,27.333333333333332,82.16333333333334,4.1066666666666665
Palawan,2012,4,357.25,27.516666666666666,81.24333333333333,4.54
Palawan,2013,1,132.22,27.423333333333332,77.22,5.180000000000001
Palawan,2013,2,507.15,28.83,75.46333333333332,2.8066666666666666
Palawan,2013,3,646.23,27.41,81.88,3.7866666666666666
Palawan,2013,4,748.29,27.373333333333335,82.96666666666667,4.239999999999999
Palawan,2014,1,126.61,26.573333333333334,77.13333333333334,4.753333333333333
Palawan,2014,2,285.73,29.136666666666667,72.65666666666667,2.69
Palawan,2014,3,683.56,27.573333333333334,80.89999999999999,3.2266666666666666
Palawan,2014,4,492.87,27.576666666666668,81.92666666666668,4.1433333333333335
Palawan,2015,1,61.3,26.75,75.82333333333334,4.916666666666667
Palawan,2015,2,252.78,29.376666666666665,69.62333333333333,2.723333333333333
Palawan,2015,3,706.6800000000001,27.78333333333333,80.49333333333333,3.456666666666667
Palawan,2015,4,225.12,28.046666666666667,79.70666666666666,4.38
Palawan,2016,1,30.590000000000003,27.866666666666664,74.25,4.58
Palawan,2016,2,402.93,29.55333333333333,72.0,2.7266666666666666
Palawan,2016,3,717.8000000000001,27.873333333333335,81.23,3.3333333333333335
Palawan,2016,4,556.92,27.61,82.44333333333334,3.7066666666666666
Palawan,2017,1,190.25,27.05333333333333,79.54333333333334,5.05
Palawan,2017,2,372.81,28.80333333333333,75.67,2.6266666666666665
Palawan,2017,3,699.47,27.923333333333332,80.14,2.8266666666666667
Palawan,2017,4,779.29,27.796666666666667,82.85000000000001,4.1066666666666665
Palawan,2018,1,214.85,26.99,81.45666666666666,4.6866666666666665
Palawan,2018,2,348.48,28.91,75.32666666666667,3.1166666666666667
Palawan,2018,3,725.36,27.74,81.64,4.256666666666667
Palawan,2018,4,334.83,27.993333333333336,79.87333333333333,4.21
Palawan,2019,1,50.02,27.246666666666666,72.49333333333334,4.91
Palawan,2019,2,269.13,29.486666666666668,72.01,2.936666666666667
Palawan,2019,3,677.1,28.060000000000002,80.23,3.8533333333333335
Palawan,2019,4,308.34000000000003,27.849999999999998,79.94,3.936666666666667
Palawan,2020,1,58.769999999999996,27.736666666666668,74.66,5.053333333333334
Palawan,2020,2,394.26,29.486666666666668,72.44333333333333,2.8166666666666664
Palawan,2020,3,617.26,28.02,79.84333333333333,2.5766666666666667
Palawan,2020,4,764.36,27.686666666666667,83.15666666666667,3.8866666666666667
Palawan,2021,1,237.28,27.153333333333336,81.76666666666667,4.863333333333333
Palawan,2021,2,347.33,28.540000000000003,77.79,3.0366666666666666
Palawan,2021,3,534.71,28.03333333333333,79.98666666666666,3.276666666666667
Palawan,2021,4,769.12,27.78,82.85333333333334,4.513333333333334
Palawan,2022,1,200.69,27.24,80.8,4.67
Palawan,2022,2,456.21000000000004,28.293333333333333,78.68,2.813333333333333
Palawan,2022,3,741.28,27.903333333333336,80.89,2.876666666666667
Palawan,2022,4,619.03,27.673333333333332,83.26666666666667,3.9233333333333333
Palawan,2023,1,216.23999999999998,26.959999999999997,81.26666666666667,4.943333333333333
Palawan,2023,2,382.63,28.876666666666665,76.28,2.83
Palawan,2023,3,664.29,28.25,81.83666666666666,3.606666666666667
Palawan,2023,4,329.49,28.373333333333335,81.63333333333334,3.9333333333333336
Palawan,2024,1,42.95,27.963333333333335,75.07666666666667,5.073333333333333
Palawan,2024,2,350.77,29.953333333333333,72.81333333333333,3.14
Palawan,2024,3,923.64,28.19333333333333,82.57666666666667,3.59
Palawan,2024,4,547.49,28.263333333333335,81.75999999999999,3.6666666666666665
Palawan,2025,1,302.23,27.436666666666667,82.44666666666667,4.78
Palawan,2025,2,467.64,28.49,79.92333333333333,3.11
Palawan,2025,3,852.9100000000001,27.78,82.49333333333334,3.7866666666666666
Palawan,2025,4,779.8,27.679999999999996,83.97666666666667,3.7566666666666664
Pampanga,2000,1,162.2,25.066666666666666,81.58999999999999,2.983333333333333
Pampanga,2000,2,571.53,27.64,79.58333333333333,1.97
Pampanga,2000,3,1700.92,25.793333333333333,90.22000000000001,2.61
Pampanga,2000,4,462.65,25.26,90.61333333333334,2.676666666666667
Pampanga,2001,1,157.56,25.616666666666664,79.66000000000001,2.983333333333333
Pampanga,2001,2,612.12,28.00333333333333,78.37666666666667,1.93
Pampanga,2001,3,985.46,25.91,90.48333333333333,2.5966666666666667
Pampanga,2001,4,218.47,25.060000000000002,84.77333333333333,2.966666666666667
Pampanga,2002,1,39.01,25.676666666666666,70.56666666666666,3.1633333333333336
Pampanga,2002,2,455.7,28.563333333333333,71.80666666666667,2.3266666666666667
Pampanga,2002,3,1714.78,26.106666666666666,90.15333333333332,2.4633333333333334
Pampanga,2002,4,248.4,25.436666666666667,88.00666666666666,2.1733333333333333
Pampanga,2003,1,35.629999999999995,25.666666666666668,70.21333333333332,3.143333333333333
Pampanga,2003,2,767.8000000000001,28.666666666666668,72.59333333333333,2.46
Pampanga,2003,3,1590.79,26.173333333333332,89.38666666666666,2.1033333333333335
Pampanga,2003,4,184.31,25.02,83.92333333333333,2.59
Pampanga,2004,1,54.53,26.636666666666667,69.58666666666666,2.7699999999999996
Pampanga,2004,2,1016.25,28.116666666666664,76.66666666666667,2.5233333333333334
Pampanga,2004,3,1188.32,26.00333333333333,89.27666666666666,2.143333333333333
Pampanga,2004,4,301.26,25.126666666666665,83.81666666666666,2.6133333333333333
Pampanga,2005,1,36.11,26.19666666666667,68.96666666666667,2.6599999999999997
Pampanga,2005,2,514.45,28.83,71.07,1.8966666666666665
Pampanga,2005,3,1225.93,26.290000000000003,89.69,2.1199999999999997
Pampanga,2005,4,359.07,25.326666666666668,88.73,2.3066666666666666
Pampanga,2006,1,136.81,25.74666666666667,78.33666666666666,2.78
Pampanga,2006,2,339.37,28.676666666666666,71.36666666666666,2.2266666666666666
Pampanga,2006,3,1618.46,26.093333333333334,89.96333333333332,2.2866666666666666
Pampanga,2006,4,375.75,25.366666666666664,88.35666666666667,2.263333333333333
Pampanga,2007,1,52.36,26.05333333333333,73.04,2.9066666666666663
Pampanga,2007,2,293.18,28.80666666666667,72.05,1.9766666666666666
Pampanga,2007,3,1702.96,26.456666666666667,88.68666666666667,2.1266666666666665
Pampanga,2007,4,516.1,24.99666666666667,89.30333333333333,2.5933333333333333
Pampanga,2008,1,130.77,25.24,78.58,3.0766666666666667
Pampanga,2008,2,658.34,27.459999999999997,78.93333333333334,2.1933333333333334
Pampanga,2008,3,1512.31,25.983333333333334,89.39333333333333,2.1166666666666667
Pampanga,2008,4,404.58,25.143333333333334,89.05,2.33
Pampanga,2009,1,86.17,25.733333333333334,75.72666666666667,2.8800000000000003
Pampanga,2009,2,1239.68,26.873333333333335,84.10666666666667,2.21
Pampanga,2009,3,1795.71,26.416666666666668,89.94666666666667,2.43
Pampanga,2009,4,355.15999999999997,25.040000000000003,84.79,2.42
Pampanga,2010,1,23.8,26.92,67.45666666666666,2.813333333333333
Pampanga,2010,2,332.17,29.709999999999997,67.92333333333333,1.9666666666666668
Pampanga,2010,3,1089.32,26.50333333333333,87.42333333333333,1.6600000000000001
Pampanga,2010,4,583.16,25.266666666666666,89.63999999999999,2.1033333333333335
Pampanga,2011,1,100.69,24.793333333333333,78.66666666666667,3.0733333333333337
Pampanga,2011,2,1249.95,27.709999999999997,75.94,2.2466666666666666
Pampanga,2011,3,1992.8600000000001,26.186666666666667,89.70333333333333,2.3333333333333335
Pampanga,2011,4,541.63,25.316666666666666,89.69666666666667,2.283333333333333
Pampanga,2012,1,161.89,25.476666666666663,80.48333333333333,2.716666666666667
Pampanga,2012,2,856.64,27.776666666666667,79.29333333333334,2.0666666666666664
Pampanga,2012,3,2558.38,26.099999999999998,89.98333333333333,2.2433333333333336
Pampanga,2012,4,291.65999999999997,25.543333333333333,85.55666666666667,2.203333333333333
Pampanga,2013,1,131.8,26.209999999999997,73.75,2.9
Pampanga,2013,2,560.99,28.97,72.61,1.8099999999999998
Pampanga,2013,3,2147.66,26.22,89.21,2.013333333333333
Pampanga,2013,4,372.78,25.37,87.32,2.1166666666666667
Pampanga,2014,1,28.01,25.676666666666666,69.56,2.6633333333333336
Pampanga,2014,2,568.82,29.526666666666667,69.24,1.8566666666666667
Pampanga,2014,3,1769.01,26.373333333333335,89.00333333333333,2.1766666666666663
Pampanga,2014,4,337.01,25.343333333333334,87.14,2.28
Pampanga,2015,1,44.43,25.436666666666667,71.37333333333333,2.7533333333333334
Pampanga,2015,2,285.57,29.49,67.47333333333334,2.033333333333333
Pampanga,2015,3,1228.8600000000001,26.796666666666667,87.18666666666667,2.06
Pampanga,2015,4,657.74,25.77333333333333,86.20333333333333,2.473333333333333
Pampanga,2016,1,56.85,26.38,74.10333333333334,2.48
Pampanga,2016,2,382.26,29.33,71.28333333333333,1.92
Pampanga,2016,3,1523.12,26.673333333333332,88.95333333333333,2.0966666666666667
Pampanga,2016,4,624.22,25.473333333333333,89.61666666666667,2.3266666666666667
Pampanga,2017,1,122.51,25.073333333333334,79.06333333333333,2.8266666666666667
Pampanga,2017,2,475.48,28.636666666666667,74.55,1.8566666666666667
Pampanga,2017,3,1234.78,26.790000000000003,87.55666666666667,1.8533333333333335
Pampanga,2017,4,493.78999999999996,25.616666666666664,88.91333333333334,2.3133333333333335
Pampanga,2018,1,102.53999999999999,25.94666666666667,76.17333333333333,2.6333333333333333
Pampanga,2018,2,845.24,28.439999999999998,75.50666666666666,2.1966666666666668
Pampanga,2018,3,1888.4,26.163333333333338,90.34666666666668,2.5433333333333334
Pampanga,2018,4,240.92000000000002,25.923333333333332,83.01666666666667,2.37
Pampanga,2019,1,42.96,26.13,69.77333333333333,2.6933333333333334
Pampanga,2019,2,543.91,29.12,73.26666666666667,1.9400000000000002
Pampanga,2019,3,1536.76,26.423333333333332,89.69333333333333,2.57
Pampanga,2019,4,360.63,25.67,86.97000000000001,2.08
Pampanga,2020,1,239.16,25.51,76.76666666666667,2.8066666666666666
Pampanga,2020,2,818.55,28.126666666666665,79.50333333333333,1.8499999999999999
Pampanga,2020,3,955.11,26.956666666666667,86.77666666666666,1.54
Pampanga,2020,4,1539.0,25.689999999999998,90.54,2.2366666666666664
Pampanga,2021,1,184.68,25.00333333333333,83.12,2.58
Pampanga,2021,2,354.45,28.91,71.78333333333333,2.18
Pampanga,2021,3,1467.16,26.823333333333334,88.39333333333333,2.18
Pampanga,2021,4,374.36,25.453333333333333,87.75999999999999,2.42
Pampanga,2022,1,140.48,26.233333333333334,76.32,2.716666666666667
Pampanga,2022,2,569.38,27.91,78.26333333333334,1.8866666666666667
Pampanga,2022,3,1392.67,26.683333333333334,88.50333333333333,1.7833333333333332
Pampanga,2022,4,580.67,25.593333333333334,89.56,2.2133333333333334
Pampanga,2023,1,127.22,25.47,77.06,2.8733333333333335
Pampanga,2023,2,624.84,28.67,76.30333333333333,1.96
Pampanga,2023,3,1472.92,27.236666666666668,88.09666666666668,2.3233333333333337
Pampanga,2023,4,317.05,26.266666666666666,86.91666666666667,2.23
Pampanga,2024,1,64.48,26.55,71.77666666666666,3.0566666666666666
Pampanga,2024,2,452.12,29.94666666666667,70.28666666666668,2.08
Pampanga,2024,3,1813.24,27.123333333333335,88.58333333333333,2.07
Pampanga,2024,4,611.22,26.22,88.11,2.2733333333333334
Pampanga,2025,1,125.94,26.173333333333332,77.96333333333332,2.92
Pampanga,2025,2,727.11,28.893333333333334,75.02333333333333,1.9400000000000002
Pampanga,2025,3,1836.28,26.5,89.20333333333333,2.3733333333333335
Pampanga,2025,4,613.47,25.893333333333334,89.35333333333334,2.106666666666667
Pangasinan,2000,1,201.88,24.88,78.61666666666667,1.6633333333333333
Pangasinan,2000,2,642.89,27.036666666666665,80.09666666666668,1.3966666666666667
Pangasinan,2000,3,1773.98,25.356666666666666,90.25999999999999,1.8533333333333333
Pangasinan,2000,4,628.88,25.320000000000004,85.86666666666667,1.83
Pangasinan,2001,1,208.96,25.05333333333333,78.76333333333334,1.6633333333333333
Pangasinan,2001,2,616.97,27.073333333333334,81.67666666666666,1.36
Pangasinan,2001,3,1100.48,25.49,90.63333333333333,1.8533333333333335
Pangasinan,2001,4,160.32,24.873333333333335,80.80333333333333,1.7599999999999998
Pangasinan,2002,1,39.63,25.24,68.83333333333333,1.6533333333333333
Pangasinan,2002,2,565.9,28.233333333333334,71.33666666666666,1.49
Pangasinan,2002,3,1897.23,25.73,89.94666666666667,1.7633333333333334
Pangasinan,2002,4,278.24,25.536666666666665,83.31666666666666,1.33
Pangasinan,2003,1,29.21,24.95,69.91666666666667,1.7266666666666666
Pangasinan,2003,2,810.75,28.183333333333334,72.79666666666667,1.6033333333333335
Pangasinan,2003,3,1692.0,25.933333333333334,88.46999999999998,1.6533333333333333
Pangasinan,2003,4,212.01,24.766666666666666,80.89333333333333,1.5166666666666666
Pangasinan,2004,1,120.49,25.52333333333333,72.64666666666666,1.39
Pangasinan,2004,2,1043.99,27.713333333333335,75.62333333333333,1.7266666666666668
Pangasinan,2004,3,1535.21,25.706666666666667,88.65333333333332,1.5599999999999998
Pangasinan,2004,4,310.2,24.99,80.87333333333333,1.4866666666666666
Pangasinan,2005,1,52.449999999999996,25.23,70.11,1.4233333333333331
Pangasinan,2005,2,571.88,28.106666666666666,73.08666666666666,1.3833333333333335
Pangasinan,2005,3,1100.73,26.02,88.51666666666667,1.6866666666666668
Pangasinan,2005,4,364.5,25.429999999999996,83.98666666666666,1.36
Pangasinan,2006,1,170.22,25.083333333333332,78.53666666666668,1.5200000000000002
Pangasinan,2006,2,363.53,28.22,71.39333333333333,1.4966666666666668
Pangasinan,2006,3,1725.0,25.673333333333332,90.02333333333333,1.7299999999999998
Pangasinan,2006,4,423.28000000000003,25.349999999999998,84.14,1.5
Pangasinan,2007,1,56.769999999999996,25.246666666666666,74.66333333333334,1.4366666666666668
Pangasinan,2007,2,445.28999999999996,27.86,74.83333333333333,1.3733333333333333
Pangasinan,2007,3,1368.65,25.99666666666667,88.64666666666666,1.6333333333333335
Pangasinan,2007,4,566.9,24.99,84.86333333333333,1.5899999999999999
Pangasinan,2008,1,143.4,24.599999999999998,77.76,1.7533333333333332
Pangasinan,2008,2,769.61,26.826666666666668,79.97,1.5566666666666666
Pangasinan,2008,3,1490.55,25.713333333333335,88.47333333333334,1.5966666666666667
Pangasinan,2008,4,312.62,25.346666666666664,83.37333333333333,1.4233333333333331
Pangasinan,2009,1,89.4,25.290000000000003,74.62666666666667,1.5366666666666668
Pangasinan,2009,2,1161.92,26.513333333333335,82.63666666666667,1.6433333333333333
Pangasinan,2009,3,1662.74,25.96666666666667,90.62333333333333,1.7666666666666666
Pangasinan,2009,4,899.0,24.796666666666667,82.66000000000001,1.5666666666666667
Pangasinan,2010,1,26.04,25.840000000000003,68.70666666666666,1.49
Pangasinan,2010,2,457.93,28.77,70.08333333333333,1.3633333333333333
Pangasinan,2010,3,1068.17,26.166666666666668,86.68333333333334,1.3699999999999999
Pangasinan,2010,4,727.87,25.45,84.58666666666666,1.2666666666666666
Pangasinan,2011,1,103.46000000000001,24.396666666666665,77.08999999999999,1.5200000000000002
Pangasinan,2011,2,1029.74,27.19333333333333,76.11666666666667,1.593333333333333
Pangasinan,2011,3,1692.17,25.830000000000002,89.08666666666666,1.7
Pangasinan,2011,4,478.11,25.356666666666666,84.93,1.4666666666666668
Pangasinan,2012,1,160.5,25.236666666666668,77.80333333333334,1.3433333333333335
Pangasinan,2012,2,807.16,27.19333333333333,80.24666666666667,1.5133333333333334
Pangasinan,2012,3,2141.28,25.709999999999997,89.78000000000002,1.5999999999999999
Pangasinan,2012,4,209.70000000000002,25.403333333333336,82.3,1.2366666666666666
Pangasinan,2013,1,108.08,25.893333333333334,71.87666666666667,1.38
Pangasinan,2013,2,516.15,28.126666666666665,74.87666666666667,1.343333333333333
Pangasinan,2013,3,1844.52,25.883333333333336,87.84666666666665,1.6033333333333335
Pangasinan,2013,4,366.14,25.206666666666667,84.33333333333333,1.3033333333333335
Pangasinan,2014,1,36.86,24.663333333333338,72.00999999999999,1.3033333333333335
Pangasinan,2014,2,637.28,28.083333333333332,75.21,1.27
Pangasinan,2014,3,1651.54,26.186666666666667,87.74000000000001,1.5566666666666666
Pangasinan,2014,4,253.27,25.566666666666666,82.62666666666667,1.1766666666666667
Pangasinan,2015,1,58.7,24.813333333333333,71.52666666666666,1.3966666666666665
Pangasinan,2015,2,378.9,28.72,70.16666666666667,1.33
Pangasinan,2015,3,1651.7,26.343333333333334,87.54666666666667,1.6266666666666667
Pangasinan,2015,4,708.46,25.69333333333333,82.64999999999999,1.4566666666666668
Pangasinan,2016,1,42.18,25.623333333333335,74.98333333333333,1.3066666666666666
Pangasinan,2016,2,464.93,28.656666666666666,72.33999999999999,1.3266666666666667
Pangasinan,2016,3,1609.25,26.419999999999998,87.81,1.4100000000000001
Pangasinan,2016,4,684.0799999999999,25.66,84.7,1.46
Pangasinan,2017,1,162.24,24.669999999999998,78.38000000000001,1.39
Pangasinan,2017,2,603.72,27.846666666666664,75.98666666666666,1.3099999999999998
Pangasinan,2017,3,1324.58,26.376666666666665,87.71333333333332,1.4766666666666666
Pangasinan,2017,4,474.98,25.76,84.17666666666666,1.3800000000000001
Pangasinan,2018,1,71.28,25.436666666666667,75.46666666666667,1.3133333333333332
Pangasinan,2018,2,809.42,27.790000000000003,77.21333333333332,1.24
Pangasinan,2018,3,2259.55,25.830000000000002,89.97666666666667,1.7166666666666668
Pangasinan,2018,4,261.83,25.669999999999998,80.79666666666667,1.29
Pangasinan,2019,1,62.14,25.46666666666667,69.66666666666667,1.3966666666666667
Pangasinan,2019,2,660.0,28.316666666666666,75.26333333333334,1.36
Pangasinan,2019,3,1612.3899999999999,26.02333333333333,89.69666666666667,1.6900000000000002
Pangasinan,2019,4,333.0,25.7,82.93666666666667,1.2066666666666668
Pangasinan,2020,1,186.34,25.073333333333334,74.82333333333332,1.4533333333333331
Pangasinan,2020,2,648.46,28.006666666666664,77.21333333333332,1.3066666666666666
Pangasinan,2020,3,1150.47,26.7,85.85666666666667,1.3499999999999999
Pangasinan,2020,4,1003.3399999999999,25.89,85.97000000000001,1.4566666666666668
Pangasinan,2021,1,202.2,24.846666666666664,80.44,1.2933333333333332
Pangasinan,2021,2,405.98,27.913333333333338,75.29,1.3566666666666667
Pangasinan,2021,3,1509.4099999999999,26.573333333333334,87.5,1.4866666666666666
Pangasinan,2021,4,465.78000000000003,25.55,83.19,1.4100000000000001
Pangasinan,2022,1,204.1,25.506666666666664,77.29,1.24
Pangasinan,2022,2,684.51,27.28,79.60000000000001,1.28
Pangasinan,2022,3,1196.32,26.293333333333333,87.88,1.5733333333333333
Pangasinan,2022,4,516.35,25.926666666666666,83.69333333333333,1.3433333333333335
Pangasinan,2023,1,111.91,25.186666666666667,74.71,1.43
Pangasinan,2023,2,713.43,28.2,76.75333333333333,1.46
Pangasinan,2023,3,1723.22,26.820000000000004,88.64666666666666,1.6900000000000002
Pangasinan,2023,4,280.81,26.429999999999996,82.66333333333334,1.1666666666666667
Pangasinan,2024,1,69.32,26.076666666666668,70.49333333333333,1.5466666666666669
Pangasinan,2024,2,463.20000000000005,29.183333333333334,71.78333333333333,1.47
Pangasinan,2024,3,1720.8400000000001,26.706666666666667,87.89999999999999,1.64
Pangasinan,2024,4,674.0,26.286666666666665,84.91333333333334,1.4833333333333334
Pangasinan,2025,1,172.27,25.55,77.86,1.5433333333333332
Pangasinan,2025,2,710.38,27.96666666666667,77.60000000000001,1.3266666666666669
Pangasinan,2025,3,1961.99,26.19333333333333,88.95333333333333,1.74
Pangasinan,2025,4,722.45,26.096666666666668,85.06,1.3333333333333333
Quezon,2000,1,583.9300000000001,25.52,86.92666666666666,3.276666666666667
Quezon,2000,2,431.0,27.78,82.68333333333334,2.11
Quezon,2000,3,672.47,27.146666666666665,85.90333333333332,2.433333333333333
Quezon,2000,4,1181.6399999999999,26.58,89.42999999999999,3.0766666666666667
Quezon,2001,1,497.3,25.99,85.21,3.26
Quezon,2001,2,462.96,28.330000000000002,79.80333333333334,2.13
Quezon,2001,3,474.17,27.340000000000003,86.14333333333333,2.34
Quezon,2001,4,1206.67,26.176666666666666,86.73333333333333,3.59
Quezon,2002,1,237.89,25.24666666666667,80.48666666666666,3.3866666666666667
Quezon,2002,2,345.44,28.5,75.92333333333333,2.25
Quezon,2002,3,848.94,27.3,86.12333333333333,2.2333333333333334
Quezon,2002,4,953.66,26.706666666666667,86.87,2.75
Quezon,2003,1,157.62,25.623333333333335,78.70333333333333,3.41
Quezon,2003,2,425.86,28.516666666666666,77.25,2.3000000000000003
Quezon,2003,3,666.46,27.386666666666667,85.7,2.12
Quezon,2003,4,637.03,26.286666666666665,84.60333333333334,3.42
Quezon,2004,1,243.82999999999998,25.74666666666667,82.18333333333334,3.016666666666667
Quezon,2004,2,444.71,27.95,81.38,2.5066666666666664
Quezon,2004,3,510.33000000000004,27.28333333333333,84.52,2.2399999999999998
Quezon,2004,4,969.8599999999999,26.066666666666666,86.52,3.3466666666666662
Quezon,2005,1,245.79,25.49,80.86,2.99
Quezon,2005,2,319.5,28.330000000000002,77.32000000000001,2.063333333333333
Quezon,2005,3,756.25,27.46666666666667,86.18666666666667,2.183333333333333
Quezon,2005,4,1386.39,26.526666666666667,88.63666666666666,3.0
Quezon,2006,1,472.24,25.78333333333333,85.28,3.016666666666667
Quezon,2006,2,425.60999999999996,28.27,78.24333333333334,2.35
Quezon,2006,3,765.23,27.356666666666666,85.74666666666667,2.22
Quezon,2006,4,855.22,26.736666666666668,86.53666666666668,2.9033333333333338
Quezon,2007,1,252.16,25.84,81.14999999999999,3.096666666666667
Quezon,2007,2,415.79,28.573333333333334,77.45,2.0033333333333334
Quezon,2007,3,617.53,27.736666666666668,84.41333333333334,2.1066666666666665
Quezon,2007,4,1173.69,26.336666666666662,88.7,3.27
Quezon,2008,1,756.8000000000001,25.44,86.66666666666667,3.313333333333333
Quezon,2008,2,732.35,27.456666666666667,83.62333333333333,2.1999999999999997
Quezon,2008,3,559.13,27.233333333333334,85.26333333333334,2.12
Quezon,2008,4,1210.5700000000002,26.583333333333332,88.35000000000001,3.0533333333333332
Quezon,2009,1,470.78,25.483333333333334,85.67333333333333,3.203333333333333
Quezon,2009,2,1045.94,27.37,85.75333333333333,2.183333333333333
Quezon,2009,3,774.3,27.593333333333334,85.82333333333334,2.3000000000000003
Quezon,2009,4,683.07,26.296666666666667,84.72666666666667,3.013333333333333
Quezon,2010,1,205.73,26.02,79.66000000000001,3.0
Quezon,2010,2,215.92000000000002,29.333333333333332,73.59333333333333,1.9433333333333334
Quezon,2010,3,897.26,27.7,83.43333333333334,1.9133333333333333
Quezon,2010,4,1192.92,26.656666666666666,88.94,2.74
Quezon,2011,1,530.45,25.123333333333335,85.74000000000001,3.5933333333333333
Quezon,2011,2,636.36,27.263333333333335,82.57000000000001,2.3833333333333333
Quezon,2011,3,749.8199999999999,27.353333333333335,86.17666666666666,2.3266666666666667
Quezon,2011,4,1331.19,26.666666666666668,88.54666666666667,2.8333333333333335
Quezon,2012,1,766.57,25.796666666666667,86.74333333333334,3.186666666666666
Quezon,2012,2,338.5,28.189999999999998,80.87,2.02
Quezon,2012,3,1088.37,27.320000000000004,86.04,2.21
Quezon,2012,4,712.5,26.833333333333332,84.75,2.8633333333333333
Quezon,2013,1,460.63,25.953333333333333,82.79333333333334,3.3833333333333333
Quezon,2013,2,483.01,29.05666666666667,76.55,1.9466666666666665
Quezon,2013,3,1114.08,27.38333333333333,86.21,2.183333333333333
Quezon,2013,4,1027.31,26.513333333333332,87.63333333333333,2.9133333333333336
Quezon,2014,1,171.92000000000002,25.21666666666667,79.83666666666666,3.3333333333333335
Quezon,2014,2,252.56,29.13,75.08,2.02
Quezon,2014,3,859.18,27.656666666666666,84.68333333333334,2.24
Quezon,2014,4,1239.96,26.459999999999997,87.88,3.1566666666666667
Quezon,2015,1,259.72,25.099999999999998,80.64999999999999,3.323333333333333
Quezon,2015,2,208.06,28.99666666666667,73.78333333333335,2.0533333333333332
Quezon,2015,3,590.69,28.106666666666666,82.29333333333334,2.1233333333333335
Quezon,2015,4,973.2,27.106666666666666,85.12666666666667,3.1733333333333333
Quezon,2016,1,387.32,25.983333333333334,83.50666666666666,2.9766666666666666
Quezon,2016,2,300.61,29.27,75.49333333333334,2.0466666666666664
Quezon,2016,3,577.5899999999999,28.060000000000002,83.51333333333334,2.0966666666666667
Quezon,2016,4,1383.96,26.856666666666666,88.18333333333334,3.026666666666667
Quezon,2017,1,466.07,25.41333333333333,84.48,3.42
Quezon,2017,2,473.91,28.67,78.68333333333334,1.9566666666666668
Quezon,2017,3,1061.3600000000001,28.05,83.61,1.9966666666666668
Quezon,2017,4,1495.8400000000001,26.986666666666668,88.13666666666666,3.1166666666666667
Quezon,2018,1,466.41999999999996,25.74,85.37333333333333,3.25
Quezon,2018,2,515.9,28.206666666666667,80.75666666666667,2.4066666666666667
Quezon,2018,3,764.6600000000001,27.52333333333333,85.88666666666667,2.4066666666666667
Quezon,2018,4,874.6,26.976666666666663,84.42333333333333,3.22
Quezon,2019,1,135.85,25.963333333333335,77.19333333333333,3.15
Quezon,2019,2,359.45,29.48,74.52333333333333,1.8833333333333335
Quezon,2019,3,655.54,27.896666666666665,84.32,2.3833333333333333
Quezon,2019,4,765.41,27.043333333333333,85.41666666666667,2.9433333333333334
Quezon,2020,1,1334.8,25.810000000000002,83.29,3.26
Quezon,2020,2,1505.75,28.41,81.64999999999999,2.22
Quezon,2020,3,670.36,28.13,82.82000000000001,1.92
Quezon,2020,4,2573.4300000000003,27.046666666666667,88.76333333333332,2.9633333333333334
Quezon,2021,1,688.77,25.863333333333333,85.83,3.4
Quezon,2021,2,305.28,28.373333333333335,79.34666666666666,2.31
Quezon,2021,3,1011.6700000000001,28.03333333333333,84.77,2.1966666666666668
Quezon,2021,4,842.4399999999999,26.903333333333336,87.01666666666667,3.266666666666667
Quezon,2022,1,382.64,26.076666666666664,84.39,3.0866666666666664
Quezon,2022,2,672.54,28.046666666666667,81.91,2.1966666666666668
Quezon,2022,3,877.48,27.939999999999998,84.48333333333333,2.0166666666666666
Quezon,2022,4,1190.57,27.016666666666666,88.04,3.02
Quezon,2023,1,598.23,25.506666666666664,85.10666666666667,3.5033333333333334
Quezon,2023,2,448.13,28.67,79.24,2.06
Quezon,2023,3,657.1,28.47666666666667,83.99,2.2566666666666664
Quezon,2023,4,1093.5,27.326666666666668,87.92,2.9933333333333336
Quezon,2024,1,209.93,26.263333333333332,80.93333333333334,3.27
Quezon,2024,2,470.21999999999997,29.603333333333335,76.09,2.2100000000000004
Quezon,2024,3,943.89,28.45,84.74666666666667,2.1533333333333333
Quezon,2024,4,1412.75,27.38,88.03666666666668,2.973333333333333
Quezon,2025,1,679.96,25.996666666666666,87.39999999999999,3.216666666666667
Quezon,2025,2,540.22,28.72,79.37333333333333,2.0933333333333333
Quezon,2025,3,1057.26,27.76,85.42333333333333,2.2866666666666666
Quezon,2025,4,1363.5900000000001,27.136666666666667,88.71666666666665,2.9
Quirino,2000,1,620.29,22.853333333333335,87.71333333333332,1.1466666666666667
Quirino,2000,2,551.61,25.849999999999998,84.92666666666666,0.8233333333333334
Quirino,2000,3,914.25,25.496666666666666,87.82666666666667,0.88
Quirino,2000,4,1525.78,24.26,91.13333333333333,1.2066666666666668
Quirino,2001,1,578.75,23.173333333333332,87.64666666666666,1.14
Quirino,2001,2,573.1,26.16,85.44666666666667,0.8566666666666666
Quirino,2001,3,732.48,25.826666666666664,87.73,0.7333333333333334
Quirino,2001,4,602.76,23.41333333333333,87.81,1.26
Quirino,2002,1,258.65,22.41333333333333,82.65333333333334,1.12
Quirino,2002,2,375.3,26.673333333333332,77.62666666666667,0.8866666666666667
Quirino,2002,3,1049.43,26.026666666666667,86.59333333333332,0.8166666666666668
Quirino,2002,4,549.62,24.24666666666667,88.35333333333334,0.9899999999999999
Quirino,2003,1,101.08,22.816666666666663,78.96,1.16
Quirino,2003,2,491.76,26.953333333333333,77.31666666666668,0.9733333333333333
Quirino,2003,3,913.15,25.83666666666667,87.20666666666666,0.7833333333333333
Quirino,2003,4,507.78999999999996,23.296666666666667,87.2,1.21
Quirino,2004,1,272.94,23.153333333333332,83.49,1.0566666666666666
Quirino,2004,2,721.91,26.47666666666667,79.61333333333333,0.9833333333333334
Quirino,2004,3,772.8100000000001,25.689999999999998,86.35333333333334,0.7533333333333333
Quirino,2004,4,831.47,23.37,87.89666666666666,1.3133333333333332
Quirino,2005,1,275.99,23.02,80.73,1.0599999999999998
Quirino,2005,2,549.4,26.366666666666664,81.41,0.88
Quirino,2005,3,1035.92,25.790000000000003,87.76666666666667,0.8366666666666666
Quirino,2005,4,1290.56,23.94666666666667,90.35333333333334,1.1566666666666665
Quirino,2006,1,760.95,23.12,87.54,1.0599999999999998
Quirino,2006,2,484.33,26.05666666666667,81.97666666666667,0.8799999999999999
Quirino,2006,3,1045.47,25.91,87.8,0.7533333333333333
Quirino,2006,4,1098.66,24.136666666666667,89.25666666666666,1.0933333333333335
Quirino,2007,1,271.6,23.153333333333336,83.76666666666667,1.0733333333333333
Quirino,2007,2,537.98,26.343333333333334,82.58333333333333,0.8433333333333334
Quirino,2007,3,800.05,26.163333333333338,86.43,0.7533333333333333
Quirino,2007,4,1156.1699999999998,23.813333333333333,89.96999999999998,1.2833333333333334
Quirino,2008,1,508.72,22.59,87.73333333333333,1.1866666666666668
Quirino,2008,2,688.42,25.906666666666666,84.39,0.8633333333333333
Quirino,2008,3,918.3199999999999,25.709999999999997,86.46333333333332,0.82
Quirino,2008,4,1169.88,23.866666666666664,89.84333333333332,1.1266666666666667
Quirino,2009,1,421.53000000000003,22.876666666666665,86.39333333333333,1.1166666666666665
Quirino,2009,2,1069.55,25.393333333333334,87.06333333333333,0.98
Quirino,2009,3,1024.8600000000001,26.21666666666667,87.29,0.8033333333333333
Quirino,2009,4,1041.75,23.596666666666668,87.05666666666667,1.16
Quirino,2010,1,202.54000000000002,23.536666666666665,79.93666666666667,1.0433333333333332
Quirino,2010,2,434.36,27.073333333333334,78.17999999999999,0.8533333333333334
Quirino,2010,3,934.13,25.856666666666666,86.79,0.7766666666666667
Quirino,2010,4,1083.9,24.073333333333334,89.70666666666666,1.0466666666666666
Quirino,2011,1,439.06,22.096666666666664,87.06333333333333,1.1733333333333333
Quirino,2011,2,726.38,25.400000000000002,83.89666666666666,0.9266666666666667
Quirino,2011,3,1154.62,26.040000000000003,86.13666666666667,0.8000000000000002
Quirino,2011,4,1550.25,24.176666666666666,90.87,1.1133333333333333
Quirino,2012,1,746.0,23.153333333333336,87.37666666666667,1.0633333333333335
Quirino,2012,2,483.41,26.30666666666667,84.47,0.7633333333333333
Quirino,2012,3,1046.81,25.900000000000002,86.81,0.77
Quirino,2012,4,756.12,24.083333333333332,87.24000000000001,0.9733333333333333
Quirino,2013,1,501.81,23.05333333333333,85.84999999999998,1.03
Quirino,2013,2,567.8399999999999,26.573333333333334,82.74666666666667,0.7866666666666666
Quirino,2013,3,1183.02,25.596666666666664,87.55666666666667,0.7866666666666666
Quirino,2013,4,1242.64,23.776666666666667,89.43333333333334,1.0766666666666669
Quirino,2014,1,261.89,22.2,82.24,1.0533333333333335
Quirino,2014,2,313.2,27.05,78.19,0.8566666666666666
Quirino,2014,3,890.26,26.24,84.91333333333334,0.7966666666666667
Quirino,2014,4,826.96,23.846666666666668,89.06333333333333,1.1033333333333333
Quirino,2015,1,285.69,22.05333333333333,83.49666666666667,1.0566666666666666
Quirino,2015,2,348.47,26.840000000000003,78.26666666666667,0.8766666666666666
Quirino,2015,3,711.65,26.526666666666667,83.08999999999999,0.83
Quirino,2015,4,1128.04,24.650000000000002,87.23333333333333,1.0933333333333335
Quirino,2016,1,238.45,23.573333333333334,83.83999999999999,1.02
Quirino,2016,2,453.61,27.25,79.04333333333334,0.85
Quirino,2016,3,821.13,26.59,84.79333333333334,0.6833333333333332
Quirino,2016,4,1355.63,24.46666666666667,90.18333333333334,1.1300000000000001
Quirino,2017,1,651.01,22.483333333333334,86.96333333333332,1.0966666666666667
Quirino,2017,2,611.16,26.50333333333333,82.73,0.8366666666666666
Quirino,2017,3,871.54,26.433333333333334,86.25,0.7566666666666667
Quirino,2017,4,1115.97,24.326666666666664,90.41000000000001,1.1566666666666665
Quirino,2018,1,292.99,23.146666666666665,85.36,1.0633333333333335
Quirino,2018,2,459.31,26.916666666666668,78.61333333333333,0.8566666666666666
Quirino,2018,3,1185.52,26.136666666666667,86.73,0.79
Quirino,2018,4,523.92,24.403333333333336,85.61333333333333,1.0733333333333333
Quirino,2019,1,215.37,23.099999999999998,80.84666666666668,0.9966666666666667
Quirino,2019,2,622.62,26.89,81.98,0.7933333333333333
Quirino,2019,3,1042.1399999999999,26.356666666666666,86.35333333333334,0.77
Quirino,2019,4,782.37,24.30666666666667,88.48333333333333,1.0266666666666666
Quirino,2020,1,353.24,23.086666666666662,83.64999999999999,1.0433333333333332
Quirino,2020,2,881.51,26.776666666666667,81.91333333333334,0.8566666666666666
Quirino,2020,3,785.35,26.439999999999998,85.39999999999999,0.69
Quirino,2020,4,3315.57,24.713333333333335,91.20666666666666,1.1333333333333335
Quirino,2021,1,411.77,23.03333333333333,87.05666666666666,1.1066666666666667
Quirino,2021,2,301.90000000000003,26.98,77.34666666666668,0.8866666666666667
Quirino,2021,3,847.54,26.42,86.39333333333333,0.77
Quirino,2021,4,730.8299999999999,24.286666666666665,88.06333333333333,1.0933333333333335
Quirino,2022,1,467.52,23.386666666666667,86.14999999999999,0.9733333333333333
Quirino,2022,2,688.76,25.903333333333336,85.58,0.8533333333333334
Quirino,2022,3,1084.13,26.340000000000003,86.19,0.73
Quirino,2022,4,862.03,24.52333333333333,89.53333333333335,1.0833333333333333
Quirino,2023,1,334.35,22.89,84.14666666666666,1.18
Quirino,2023,2,502.52,27.05,79.89,0.9033333333333333
Quirino,2023,3,953.0799999999999,26.926666666666666,85.64333333333333,0.81
Quirino,2023,4,545.05,25.006666666666664,88.06,1.0166666666666668
Quirino,2024,1,199.95,23.516666666666666,81.86,1.0766666666666667
Quirino,2024,2,485.88,27.286666666666665,81.09333333333333,0.8733333333333334
Quirino,2024,3,1142.01,26.78,86.55333333333333,0.7566666666666667
Quirino,2024,4,1141.9,24.936666666666667,89.92,1.1900000000000002
Quirino,2025,1,532.07,23.22,87.96333333333332,1.1166666666666665
Quirino,2025,2,570.4,26.886666666666667,81.80666666666667,0.7933333333333333
Quirino,2025,3,1271.58,26.103333333333335,87.88333333333333,0.8733333333333334
Quirino,2025,4,1178.33,24.8,90.40666666666668,1.0833333333333333
Rizal,2000,1,533.94,24.176666666666666,87.56,1.7166666666666668
Rizal,2000,2,458.92,26.626666666666665,84.17666666666666,1.1666666666666667
Rizal,2000,3,842.44,25.606666666666666,89.11,1.42
Rizal,2000,4,1118.7,25.149999999999995,91.04,1.5766666666666669
Rizal,2001,1,460.07000000000005,24.580000000000002,86.16333333333334,1.6933333333333334
Rizal,2001,2,457.69,27.126666666666665,81.63666666666667,1.14
Rizal,2001,3,501.86,25.77333333333333,89.03333333333335,1.46
Rizal,2001,4,978.76,24.55,88.40666666666668,1.7433333333333334
Rizal,2002,1,236.36,23.753333333333334,81.71,1.7833333333333332
Rizal,2002,2,343.65000000000003,27.396666666666665,76.48333333333333,1.32
Rizal,2002,3,1026.72,25.94666666666667,88.73333333333333,1.3566666666666667
Rizal,2002,4,934.3,25.136666666666667,89.41000000000001,1.37
Rizal,2003,1,164.54,24.0,80.28666666666668,1.78
Rizal,2003,2,478.24,27.516666666666666,77.36666666666666,1.3733333333333333
Rizal,2003,3,748.73,26.05,88.07,1.22
Rizal,2003,4,562.2,24.64,86.32666666666667,1.58
Rizal,2004,1,237.97,24.723333333333333,80.99333333333334,1.5966666666666667
Rizal,2004,2,467.71000000000004,26.97666666666667,81.64,1.4466666666666665
Rizal,2004,3,635.9499999999999,25.916666666666668,87.26333333333334,1.2566666666666666
Rizal,2004,4,912.33,24.69666666666667,86.95666666666666,1.5866666666666667
Rizal,2005,1,203.20999999999998,24.36,79.98333333333333,1.5966666666666667
Rizal,2005,2,363.17,27.55333333333333,76.52,1.1266666666666667
Rizal,2005,3,839.1,26.163333333333338,88.23666666666668,1.22
Rizal,2005,4,1265.14,25.13,89.94666666666666,1.4566666666666668
Rizal,2006,1,478.05,24.50333333333333,86.06,1.5933333333333335
Rizal,2006,2,400.83,27.076666666666668,79.52,1.3066666666666666
Rizal,2006,3,874.53,25.963333333333335,88.53666666666668,1.3099999999999998
Rizal,2006,4,805.6,25.263333333333335,88.46333333333332,1.4233333333333331
Rizal,2007,1,234.68,24.45,82.14,1.6966666666666665
Rizal,2007,2,398.28999999999996,27.603333333333335,77.93333333333334,1.17
Rizal,2007,3,768.17,26.349999999999998,87.13333333333333,1.1666666666666667
Rizal,2007,4,1080.0,24.929999999999996,89.67333333333333,1.6033333333333333
Rizal,2008,1,672.51,24.096666666666664,86.84333333333332,1.72
Rizal,2008,2,700.5699999999999,26.400000000000002,84.23,1.25
Rizal,2008,3,719.99,25.936666666666667,87.43333333333334,1.1766666666666667
Rizal,2008,4,1179.04,25.03333333333333,90.07000000000001,1.4400000000000002
Rizal,2009,1,475.22,24.22,85.70333333333333,1.63
Rizal,2009,2,1055.25,26.24,86.78666666666668,1.22
Rizal,2009,3,987.1500000000001,26.243333333333336,88.50999999999999,1.3699999999999999
Rizal,2009,4,609.42,24.66,86.79333333333334,1.46
Rizal,2010,1,177.93,24.933333333333334,78.91333333333334,1.6466666666666665
Rizal,2010,2,248.25,28.5,73.14666666666666,1.1733333333333333
Rizal,2010,3,926.87,26.416666666666668,85.99666666666667,0.9966666666666666
Rizal,2010,4,1057.73,25.126666666666665,90.51333333333332,1.3
Rizal,2011,1,518.49,23.69666666666667,86.23,1.7333333333333334
Rizal,2011,2,755.12,26.396666666666665,81.75333333333333,1.28
Rizal,2011,3,908.4499999999999,25.97,88.88333333333333,1.3666666666666665
Rizal,2011,4,1354.17,25.236666666666668,89.94666666666666,1.4066666666666665
Rizal,2012,1,745.84,24.386666666666667,87.68666666666667,1.5833333333333333
Rizal,2012,2,415.34000000000003,26.833333333333332,83.38666666666667,1.1633333333333333
Rizal,2012,3,1390.29,25.993333333333336,88.71333333333332,1.2933333333333332
Rizal,2012,4,694.22,25.266666666666666,87.02333333333333,1.3766666666666667
Rizal,2013,1,467.07,24.53333333333333,83.88000000000001,1.67
Rizal,2013,2,506.14,27.95,77.71666666666667,1.0333333333333334
Rizal,2013,3,1408.31,26.03,88.58999999999999,1.1766666666666667
Rizal,2013,4,1004.18,25.083333333333332,89.04,1.3466666666666667
Rizal,2014,1,160.84,23.796666666666667,80.44666666666667,1.5999999999999999
Rizal,2014,2,274.2,28.25,74.45333333333333,1.1333333333333335
Rizal,2014,3,971.34,26.293333333333333,87.08333333333333,1.2633333333333334
Rizal,2014,4,1107.95,25.043333333333333,88.96333333333332,1.4566666666666668
Rizal,2015,1,231.0,23.669999999999998,81.52666666666667,1.6233333333333333
Rizal,2015,2,215.07999999999998,28.28333333333333,72.47666666666667,1.17
Rizal,2015,3,728.21,26.80666666666667,84.92333333333333,1.2133333333333332
Rizal,2015,4,1084.56,25.55333333333333,87.30333333333333,1.5466666666666666
Rizal,2016,1,340.40999999999997,24.80666666666667,83.46666666666665,1.5266666666666666
Rizal,2016,2,372.70000000000005,28.136666666666667,76.89666666666666,1.1666666666666667
Rizal,2016,3,830.1,26.61,87.03333333333335,1.2233333333333334
Rizal,2016,4,1212.3,25.363333333333333,89.96999999999998,1.45
Rizal,2017,1,493.54,23.98,85.49666666666667,1.6766666666666667
Rizal,2017,2,468.4,27.73,78.76666666666667,1.0733333333333335
Rizal,2017,3,1121.12,26.689999999999998,86.37,1.11
Rizal,2017,4,1312.88,25.453333333333333,89.67333333333333,1.46
Rizal,2018,1,416.3,24.47666666666667,85.00333333333333,1.5833333333333333
Rizal,2018,2,587.6600000000001,27.116666666666664,81.42666666666666,1.36
Rizal,2018,3,1041.97,26.0,89.12666666666667,1.4033333333333333
Rizal,2018,4,753.4200000000001,25.373333333333335,86.24666666666667,1.4866666666666666
Rizal,2019,1,151.91,24.386666666666667,79.41666666666667,1.61
Rizal,2019,2,447.25,28.206666666666667,76.99333333333334,1.1566666666666665
Rizal,2019,3,843.79,26.266666666666666,88.24000000000001,1.4266666666666667
Rizal,2019,4,687.8,25.516666666666666,87.45333333333333,1.343333333333333
Rizal,2020,1,1449.15,24.290000000000003,84.54666666666667,1.6166666666666665
Rizal,2020,2,1449.34,27.233333333333334,83.72666666666667,1.0933333333333335
Rizal,2020,3,770.76,26.833333333333332,85.28333333333333,0.9700000000000001
Rizal,2020,4,2985.95,25.540000000000003,90.75333333333333,1.4066666666666665
Rizal,2021,1,601.85,24.41333333333333,86.77,1.6033333333333335
Rizal,2021,2,305.83,27.406666666666666,79.12666666666667,1.2766666666666666
Rizal,2021,3,1078.71,26.683333333333334,87.44666666666667,1.2466666666666668
Rizal,2021,4,700.8,25.27333333333333,88.83666666666666,1.5166666666666666
Rizal,2022,1,349.98,24.820000000000004,84.48333333333333,1.6066666666666667
Rizal,2022,2,659.02,26.959999999999997,82.61666666666666,1.16
Rizal,2022,3,1005.31,26.52333333333333,87.56666666666666,1.0833333333333333
Rizal,2022,4,1116.12,25.473333333333333,90.16000000000001,1.3800000000000001
Rizal,2023,1,545.29,24.173333333333336,85.16666666666667,1.7066666666666668
Rizal,2023,2,517.12,27.80333333333333,79.54666666666667,1.1833333333333333
Rizal,2023,3,854.3,27.08,86.90666666666668,1.343333333333333
Rizal,2023,4,918.1600000000001,25.87,89.30333333333333,1.4033333333333333
Rizal,2024,1,201.2,24.856666666666666,81.62,1.7433333333333334
Rizal,2024,2,518.6800000000001,28.680000000000003,76.01666666666667,1.2633333333333334
Rizal,2024,3,1132.6,26.97666666666667,87.50333333333333,1.2066666666666668
Rizal,2024,4,1243.46,26.01,88.87666666666667,1.4233333333333331
Rizal,2025,1,560.13,24.790000000000003,86.85333333333334,1.6633333333333333
Rizal,2025,2,570.52,27.583333333333332,80.61,1.2133333333333334
Rizal,2025,3,1282.77,26.38,87.86000000000001,1.3066666666666666
Rizal,2025,4,1311.2,25.71666666666667,90.10000000000001,1.33
Romblon,2000,1,599.0,26.366666666666664,84.80666666666667,5.543333333333333
Romblon,2000,2,440.09999999999997,28.179999999999996,80.27333333333333,3.5400000000000005
Romblon,2000,3,584.7,27.55666666666667,83.20666666666666,4.666666666666667
Romblon,2000,4,1339.09,27.436666666666667,84.51666666666667,4.916666666666667
Romblon,2001,1,601.4,26.813333333333333,82.56666666666666,5.473333333333333
Romblon,2001,2,474.90999999999997,28.516666666666666,78.75,3.65
Romblon,2001,3,492.7,27.44333333333333,85.19,4.88
Romblon,2001,4,939.02,26.936666666666667,84.19333333333333,5.72
Romblon,2002,1,184.07,25.906666666666666,80.00999999999999,5.936666666666667
Romblon,2002,2,238.45,28.560000000000002,76.33,3.8699999999999997
Romblon,2002,3,769.91,27.419999999999998,84.86333333333333,5.0633333333333335
Romblon,2002,4,570.71,27.496666666666666,82.43666666666667,4.586666666666667
Romblon,2003,1,144.75,26.23,78.84333333333332,5.94
Romblon,2003,2,409.36,28.570000000000004,76.21333333333332,4.206666666666666
Romblon,2003,3,746.77,27.55,84.19,4.04
Romblon,2003,4,571.5,27.103333333333335,81.58333333333333,5.406666666666666
Romblon,2004,1,194.17000000000002,26.456666666666667,81.43666666666667,5.156666666666666
Romblon,2004,2,578.8000000000001,28.186666666666667,79.99333333333333,4.6466666666666665
Romblon,2004,3,511.85,27.416666666666668,83.56666666666666,4.239999999999999
Romblon,2004,4,685.5699999999999,26.91,83.93666666666667,5.06
Romblon,2005,1,180.53,26.2,79.25333333333333,5.283333333333333
Romblon,2005,2,276.39,28.49666666666667,76.36,3.466666666666667
Romblon,2005,3,835.9,27.736666666666668,84.14999999999999,4.333333333333333
Romblon,2005,4,918.45,27.343333333333334,84.53666666666668,4.783333333333333
Romblon,2006,1,442.99,26.436666666666667,83.48666666666666,5.37
Romblon,2006,2,573.14,28.223333333333333,79.14,3.8899999999999992
Romblon,2006,3,769.67,27.55666666666667,84.64,4.796666666666667
Romblon,2006,4,693.3,27.540000000000003,82.35666666666667,4.8566666666666665
Romblon,2007,1,299.81,26.38,80.54666666666667,5.503333333333333
Romblon,2007,2,350.82,28.63,76.81333333333333,3.4899999999999998
Romblon,2007,3,897.55,27.923333333333336,82.85000000000001,4.11
Romblon,2007,4,1033.58,27.166666666666668,85.37,5.383333333333333
Romblon,2008,1,737.0,26.290000000000003,84.38333333333334,5.723333333333334
Romblon,2008,2,951.3700000000001,27.663333333333338,82.68,3.94
Romblon,2008,3,712.0,27.349999999999998,83.57666666666667,3.8866666666666667
Romblon,2008,4,908.06,27.52,83.97,4.986666666666667
Romblon,2009,1,415.94,26.400000000000002,83.46333333333332,5.603333333333334
Romblon,2009,2,1042.0,27.78,82.98666666666666,4.023333333333333
Romblon,2009,3,744.2,27.73,84.44,4.963333333333334
Romblon,2009,4,473.19,27.133333333333336,82.10666666666667,5.333333333333333
Romblon,2010,1,184.57,26.540000000000003,79.11333333333333,5.29
Romblon,2010,2,232.83,29.173333333333332,74.06666666666666,3.6233333333333335
Romblon,2010,3,978.13,28.003333333333334,80.24666666666667,2.9599999999999995
Romblon,2010,4,960.36,27.586666666666662,84.00666666666666,4.36
Romblon,2011,1,710.06,26.11,84.22333333333334,6.233333333333333
Romblon,2011,2,699.91,27.643333333333334,81.42666666666666,4.07
Romblon,2011,3,879.5699999999999,27.616666666666664,84.26333333333334,4.93
Romblon,2011,4,953.75,27.516666666666666,83.76333333333334,4.616666666666667
Romblon,2012,1,755.2,26.733333333333334,83.71666666666667,5.516666666666667
Romblon,2012,2,392.79,28.403333333333336,79.48666666666666,3.8533333333333335
Romblon,2012,3,886.48,27.599999999999998,83.93666666666667,4.966666666666667
Romblon,2012,4,662.82,27.55666666666667,81.72000000000001,5.083333333333333
Romblon,2013,1,513.59,26.566666666666666,82.64999999999999,5.87
Romblon,2013,2,485.61,28.886666666666667,77.05,3.3166666666666664
Romblon,2013,3,875.1,27.8,82.77333333333333,4.326666666666667
Romblon,2013,4,732.26,27.459999999999997,83.41333333333334,5.156666666666666
Romblon,2014,1,292.4,25.87,79.94666666666667,6.086666666666666
Romblon,2014,2,368.74,28.896666666666665,77.35666666666667,3.8266666666666667
Romblon,2014,3,847.94,27.78,83.26,4.583333333333333
Romblon,2014,4,874.8,27.37,84.22333333333334,5.33
Romblon,2015,1,282.24,25.923333333333332,79.93,5.8066666666666675
Romblon,2015,2,255.42,28.929999999999996,74.14666666666666,3.3800000000000003
Romblon,2015,3,622.94,28.153333333333336,81.72,4.403333333333333
Romblon,2015,4,608.26,27.94333333333333,81.03333333333335,5.48
Romblon,2016,1,229.42000000000002,26.80333333333333,80.40333333333334,5.2
Romblon,2016,2,415.03999999999996,29.23,75.41000000000001,3.6366666666666667
Romblon,2016,3,755.73,28.243333333333336,82.41666666666667,4.3500000000000005
Romblon,2016,4,1098.45,27.703333333333333,83.79666666666667,4.93
Romblon,2017,1,537.72,26.293333333333333,82.81,6.07
Romblon,2017,2,490.57000000000005,28.77,77.92666666666666,3.296666666666667
Romblon,2017,3,1207.56,28.376666666666665,81.25333333333333,3.8066666666666666
Romblon,2017,4,1131.8700000000001,27.953333333333333,83.26666666666667,5.166666666666667
Romblon,2018,1,688.08,26.733333333333334,83.02666666666666,5.59
Romblon,2018,2,494.07000000000005,28.566666666666666,79.38333333333333,4.180000000000001
Romblon,2018,3,810.0899999999999,27.926666666666666,83.98,5.416666666666667
Romblon,2018,4,868.74,27.796666666666667,81.21666666666667,5.353333333333333
Romblon,2019,1,109.42,26.316666666666666,76.99666666666667,5.666666666666667
Romblon,2019,2,380.66999999999996,29.25,75.42999999999999,3.7066666666666666
Romblon,2019,3,775.39,28.19666666666667,82.60000000000001,5.04
Romblon,2019,4,867.13,27.873333333333335,81.22666666666667,4.89
Romblon,2020,1,348.57,26.72,80.22333333333334,5.6499999999999995
Romblon,2020,2,647.77,29.070000000000004,76.79333333333334,3.723333333333333
Romblon,2020,3,868.89,28.53,79.76,3.043333333333333
Romblon,2020,4,2044.74,27.929999999999996,83.76666666666667,4.766666666666667
Romblon,2021,1,762.37,26.786666666666665,83.23,5.746666666666667
Romblon,2021,2,385.81,28.536666666666665,79.27,3.986666666666667
Romblon,2021,3,962.39,28.37,81.72666666666667,4.163333333333333
Romblon,2021,4,784.13,27.826666666666664,83.16000000000001,5.6433333333333335
Romblon,2022,1,390.39,26.816666666666666,82.63,5.473333333333334
Romblon,2022,2,839.66,28.333333333333332,80.07666666666667,3.59
Romblon,2022,3,823.14,28.383333333333336,81.13333333333334,3.513333333333333
Romblon,2022,4,947.1800000000001,27.959999999999997,83.02666666666666,5.086666666666667
Romblon,2023,1,703.61,26.396666666666665,83.96,5.993333333333333
Romblon,2023,2,356.68,28.776666666666667,78.44,3.6166666666666667
Romblon,2023,3,627.79,28.66,82.50666666666666,4.836666666666667
Romblon,2023,4,651.56,28.323333333333334,82.51666666666667,4.776666666666666
Romblon,2024,1,200.41,26.986666666666668,79.41333333333334,5.736666666666667
Romblon,2024,2,341.04,29.580000000000002,75.27333333333333,3.8533333333333335
Romblon,2024,3,1029.19,28.75,82.57,4.306666666666667
Romblon,2024,4,1135.64,28.313333333333333,83.20666666666666,4.703333333333333
Romblon,2025,1,711.64,27.060000000000002,84.10333333333334,5.52
Romblon,2025,2,485.71,28.76,79.73,3.6799999999999997
Romblon,2025,3,988.9200000000001,28.063333333333333,83.29333333333334,4.516666666666667
Romblon,2025,4,1104.65,28.03,83.56666666666666,4.833333333333333
Samar,2000,1,1369.28,25.136666666666667,87.56,2.91
Samar,2000,2,554.67,26.463333333333335,85.60666666666667,1.7833333333333332
Samar,2000,3,577.99,25.963333333333335,87.59333333333332,2.0500000000000003
Samar,2000,4,1314.1200000000001,25.80333333333333,89.88333333333333,2.433333333333333
Samar,2001,1,1279.62,25.320000000000004,87.38999999999999,2.8433333333333333
Samar,2001,2,554.69,26.679999999999996,84.44,1.8566666666666667
Samar,2001,3,439.46,26.166666666666668,87.84666666666665,2.1366666666666667
Samar,2001,4,1488.8,25.453333333333333,89.10000000000001,2.74
Samar,2002,1,624.95,24.37,85.09666666666668,3.2066666666666666
Samar,2002,2,503.77,26.683333333333334,83.38666666666667,1.8733333333333333
Samar,2002,3,818.78,26.08,87.98333333333333,2.3000000000000003
Samar,2002,4,820.91,25.8,88.05,2.203333333333333
Samar,2003,1,528.1600000000001,24.72,83.91000000000001,3.1166666666666667
Samar,2003,2,546.69,27.37,79.34333333333335,2.236666666666667
Samar,2003,3,707.77,26.016666666666666,88.82666666666667,1.8399999999999999
Samar,2003,4,944.64,25.393333333333334,88.21333333333332,2.606666666666667
Samar,2004,1,699.46,25.040000000000003,87.18333333333334,2.86
Samar,2004,2,567.4200000000001,26.59,85.15333333333332,2.4166666666666665
Samar,2004,3,393.08000000000004,26.143333333333334,86.49000000000001,2.1133333333333333
Samar,2004,4,934.74,25.613333333333333,88.38,2.4233333333333333
Samar,2005,1,454.8,24.666666666666668,83.61,2.8833333333333333
Samar,2005,2,306.16999999999996,27.106666666666666,80.38,2.0
Samar,2005,3,752.52,26.28,87.98333333333333,1.9566666666666668
Samar,2005,4,1413.09,25.87,89.62666666666667,2.3533333333333335
Samar,2006,1,1011.3399999999999,25.113333333333333,87.02333333333333,3.1233333333333335
Samar,2006,2,637.34,26.429999999999996,84.72333333333333,2.026666666666667
Samar,2006,3,681.31,26.113333333333333,87.86333333333333,2.1666666666666665
Samar,2006,4,842.7,25.793333333333333,88.37333333333333,2.4
Samar,2007,1,608.02,24.893333333333334,84.48666666666666,2.9633333333333334
Samar,2007,2,410.48,26.99333333333333,81.75666666666667,1.93
Samar,2007,3,544.19,26.459999999999997,86.46999999999998,1.843333333333333
Samar,2007,4,1261.55,25.706666666666667,90.14,2.6
Samar,2008,1,1910.54,25.05,88.13333333333333,3.0400000000000005
Samar,2008,2,972.0,26.08666666666667,87.55333333333333,2.08
Samar,2008,3,674.6,25.833333333333332,87.82,1.6933333333333334
Samar,2008,4,1374.55,25.876666666666665,89.18333333333334,2.1999999999999997
Samar,2009,1,1239.46,25.150000000000002,87.85666666666667,2.8433333333333333
Samar,2009,2,669.57,26.416666666666668,86.42666666666666,1.92
Samar,2009,3,511.01,26.396666666666665,87.53333333333335,2.3966666666666665
Samar,2009,4,899.78,25.546666666666667,87.83999999999999,2.643333333333333
Samar,2010,1,581.4200000000001,25.043333333333333,83.62666666666667,2.8366666666666664
Samar,2010,2,244.52,27.743333333333336,77.16000000000001,2.1266666666666665
Samar,2010,3,835.14,26.536666666666665,84.64666666666666,1.5366666666666668
Samar,2010,4,1119.45,25.84,89.29666666666667,1.8833333333333335
Samar,2011,1,2497.8399999999997,24.87,89.40333333333332,3.216666666666667
Samar,2011,2,1124.77,26.12,87.16333333333334,2.1766666666666663
Samar,2011,3,805.62,26.136666666666667,87.92999999999999,2.2733333333333334
Samar,2011,4,1286.3600000000001,25.80666666666667,89.44,2.2433333333333336
Samar,2012,1,1350.96,25.26,87.61666666666667,3.016666666666667
Samar,2012,2,484.44,26.606666666666666,84.76,1.8633333333333333
Samar,2012,3,635.39,26.22666666666667,87.39666666666666,2.35
Samar,2012,4,1009.99,25.753333333333334,87.64333333333333,2.606666666666667
Samar,2013,1,1142.87,25.166666666666668,87.30333333333333,3.0833333333333335
Samar,2013,2,651.74,27.063333333333333,83.32333333333334,1.8
Samar,2013,3,661.48,26.16333333333333,87.62,2.0166666666666666
Samar,2013,4,1072.22,25.863333333333333,88.39666666666666,2.6300000000000003
Samar,2014,1,1055.71,24.41,85.55666666666667,3.23
Samar,2014,2,765.1800000000001,26.923333333333332,85.28333333333333,1.9333333333333333
Samar,2014,3,998.67,26.19,87.73,2.143333333333333
Samar,2014,4,1782.02,25.746666666666666,89.96,2.603333333333333
Samar,2015,1,684.13,24.570000000000004,84.14333333333333,2.9433333333333334
Samar,2015,2,338.8,27.323333333333334,78.67,1.9666666666666668
Samar,2015,3,401.82,27.016666666666666,82.84666666666668,2.106666666666667
Samar,2015,4,631.67,26.28,85.18666666666667,2.69
Samar,2016,1,403.83,25.276666666666667,83.81,2.7433333333333336
Samar,2016,2,354.0,27.689999999999998,79.10000000000001,2.1
Samar,2016,3,620.74,26.853333333333335,85.35333333333334,2.0100000000000002
Samar,2016,4,1293.75,25.929999999999996,89.42666666666666,2.353333333333333
Samar,2017,1,1087.71,24.87,87.92666666666666,3.1966666666666668
Samar,2017,2,530.37,26.953333333333333,84.79,1.8233333333333333
Samar,2017,3,744.95,26.62,86.50999999999999,1.6366666666666667
Samar,2017,4,1542.8600000000001,26.226666666666663,88.83666666666666,2.47
Samar,2018,1,1575.24,25.42,87.69666666666667,2.8233333333333337
Samar,2018,2,498.40999999999997,26.743333333333336,84.99666666666667,1.9633333333333332
Samar,2018,3,500.45,26.47,87.14333333333333,2.37
Samar,2018,4,1130.96,26.013333333333332,86.96333333333332,2.626666666666667
Samar,2019,1,361.31,24.44666666666667,81.75,2.896666666666667
Samar,2019,2,406.94,27.746666666666666,78.99,1.9566666666666668
Samar,2019,3,459.46,26.733333333333334,85.43,2.29
Samar,2019,4,772.12,26.183333333333334,86.74666666666667,2.2433333333333336
Samar,2020,1,631.11,25.12,84.67333333333333,2.85
Samar,2020,2,545.0699999999999,27.17,83.15666666666667,2.1666666666666665
Samar,2020,3,590.01,26.87,85.0,1.4933333333333334
Samar,2020,4,1476.71,26.133333333333336,89.95333333333333,2.1366666666666667
Samar,2021,1,1464.76,25.429999999999996,88.21666666666665,2.783333333333333
Samar,2021,2,616.6800000000001,26.72666666666667,85.48333333333333,1.9933333333333332
Samar,2021,3,589.76,26.703333333333333,86.50333333333333,1.9033333333333333
Samar,2021,4,1375.47,26.05666666666667,89.62333333333333,2.5866666666666664
Samar,2022,1,1019.51,25.3,87.89666666666666,2.813333333333333
Samar,2022,2,818.99,26.48,86.91000000000001,2.04
Samar,2022,3,584.55,26.686666666666667,86.68666666666667,1.5966666666666667
Samar,2022,4,1188.85,26.116666666666664,89.60333333333334,2.316666666666667
Samar,2023,1,1547.18,25.23,88.5,3.0033333333333334
Samar,2023,2,487.74,27.153333333333332,84.35000000000001,1.8466666666666667
Samar,2023,3,520.57,27.133333333333336,86.27666666666666,2.1966666666666668
Samar,2023,4,870.11,26.69333333333333,87.51666666666667,2.276666666666667
Samar,2024,1,398.32,25.38,83.37333333333333,2.9133333333333336
Samar,2024,2,396.39,28.070000000000004,79.07,2.186666666666667
Samar,2024,3,685.0,27.206666666666667,86.31333333333333,1.92
Samar,2024,4,1113.7,26.723333333333333,88.25333333333333,2.33
Samar,2025,1,1362.27,25.743333333333336,88.90333333333335,2.8866666666666667
Samar,2025,2,543.89,27.096666666666664,85.55,1.83
Samar,2025,3,762.4399999999999,26.52,87.43666666666667,1.97
Samar,2025,4,1238.97,26.293333333333333,90.32,2.183333333333333
Sarangani,2000,1,682.71,24.41333333333333,87.67666666666666,2.6266666666666665
Sarangani,2000,2,384.74,25.02333333333333,86.62333333333333,2.0766666666666667
Sarangani,2000,3,551.29,24.423333333333332,87.43,2.16
Sarangani,2000,4,652.79,24.843333333333334,87.75333333333333,2.2066666666666666
Sarangani,2001,1,409.47,24.55666666666667,86.74666666666667,2.4466666666666668
Sarangani,2001,2,348.22,25.296666666666667,85.18333333333334,2.23
Sarangani,2001,3,469.33,24.55666666666667,88.17333333333333,2.4233333333333333
Sarangani,2001,4,418.85,24.95,86.41666666666667,2.19
Sarangani,2002,1,366.55,24.626666666666665,83.91333333333334,2.8166666666666664
Sarangani,2002,2,465.95,25.596666666666664,83.59666666666666,2.2266666666666666
Sarangani,2002,3,390.95,24.689999999999998,86.80666666666666,2.723333333333333
Sarangani,2002,4,330.26,25.176666666666666,84.94666666666666,2.04
Sarangani,2003,1,430.18,24.900000000000002,83.34666666666668,2.953333333333333
Sarangani,2003,2,535.49,25.436666666666667,84.39,2.183333333333333
Sarangani,2003,3,747.91,24.456666666666667,89.28333333333335,2.266666666666667
Sarangani,2003,4,724.84,24.893333333333334,87.79333333333334,2.023333333333333
Sarangani,2004,1,336.78,25.03333333333333,85.28333333333335,2.276666666666667
Sarangani,2004,2,823.0999999999999,25.290000000000003,86.66666666666667,2.41
Sarangani,2004,3,752.89,24.26,89.03333333333335,2.3633333333333333
Sarangani,2004,4,577.59,25.073333333333334,86.56666666666666,2.1033333333333335
Sarangani,2005,1,263.83,24.80333333333333,83.23666666666666,2.7133333333333334
Sarangani,2005,2,539.15,25.416666666666668,84.55333333333333,2.0433333333333334
Sarangani,2005,3,619.56,24.666666666666668,88.72333333333334,2.4333333333333336
Sarangani,2005,4,666.7,24.876666666666665,87.83999999999999,1.97
Sarangani,2006,1,643.36,24.52,87.85333333333334,2.7433333333333336
Sarangani,2006,2,701.5899999999999,25.013333333333335,86.33666666666666,2.0833333333333335
Sarangani,2006,3,571.37,24.349999999999998,88.84666666666665,2.533333333333333
Sarangani,2006,4,507.78,24.89,87.33666666666666,2.313333333333333
Sarangani,2007,1,250.79,24.833333333333332,84.49333333333333,2.7533333333333334
Sarangani,2007,2,386.17,25.74,82.66000000000001,2.0100000000000002
Sarangani,2007,3,464.77,24.49,88.01333333333332,2.373333333333333
Sarangani,2007,4,357.01,24.906666666666666,87.10333333333334,2.2100000000000004
Sarangani,2008,1,428.42,24.593333333333334,85.53333333333335,2.6333333333333333
Sarangani,2008,2,780.66,24.77,86.96666666666665,2.3000000000000003
Sarangani,2008,3,504.75,24.28333333333333,87.95,2.07
Sarangani,2008,4,501.46000000000004,24.866666666666664,86.88,1.9633333333333336
Sarangani,2009,1,391.12,24.763333333333332,86.17666666666666,2.23
Sarangani,2009,2,615.36,25.003333333333334,86.75,2.14
Sarangani,2009,3,628.3299999999999,24.75,87.87666666666667,2.563333333333333
Sarangani,2009,4,318.7,24.933333333333334,85.48666666666668,2.1
Sarangani,2010,1,219.38,25.31,79.89,2.78
Sarangani,2010,2,454.95,26.013333333333335,81.8,2.223333333333333
Sarangani,2010,3,570.4399999999999,25.040000000000003,84.39666666666666,1.91
Sarangani,2010,4,489.66999999999996,25.046666666666667,84.89333333333333,1.8499999999999999
Sarangani,2011,1,426.69,24.46666666666667,86.28000000000002,2.1233333333333335
Sarangani,2011,2,556.26,24.94333333333333,86.74666666666667,2.04
Sarangani,2011,3,557.64,24.326666666666668,88.02,2.3000000000000003
Sarangani,2011,4,403.24,24.896666666666665,85.78666666666668,1.9366666666666668
Sarangani,2012,1,337.84000000000003,24.58,85.60333333333334,2.4766666666666666
Sarangani,2012,2,463.79999999999995,25.103333333333335,84.69,1.9566666666666668
Sarangani,2012,3,551.49,24.44333333333333,87.48,2.31
Sarangani,2012,4,416.8,24.873333333333335,86.13999999999999,2.35
Sarangani,2013,1,430.29,24.903333333333336,85.64666666666666,2.3400000000000003
Sarangani,2013,2,400.57,25.59,83.38333333333333,1.8566666666666667
Sarangani,2013,3,418.20000000000005,24.540000000000003,86.13333333333333,2.146666666666667
Sarangani,2013,4,473.83,24.866666666666664,85.88666666666666,2.1466666666666665
Sarangani,2014,1,333.42,24.823333333333334,82.89999999999999,2.3466666666666667
Sarangani,2014,2,326.65,25.97666666666667,81.55666666666667,1.7666666666666666
Sarangani,2014,3,398.79,24.680000000000003,85.83666666666666,2.2066666666666666
Sarangani,2014,4,440.44,25.09,85.68666666666667,1.89
Sarangani,2015,1,196.49,25.01,80.43666666666667,2.4966666666666666
Sarangani,2015,2,366.39,25.983333333333334,80.48666666666666,1.9366666666666668
Sarangani,2015,3,384.4,24.87,84.87333333333333,2.4533333333333336
Sarangani,2015,4,304.32,25.39,83.32,2.17
Sarangani,2016,1,82.15,26.48,72.75666666666667,3.0
Sarangani,2016,2,426.94,26.78333333333333,77.74,2.2266666666666666
Sarangani,2016,3,444.75,25.143333333333334,84.62,2.0466666666666664
Sarangani,2016,4,604.53,25.12,85.89333333333333,1.6233333333333333
Sarangani,2017,1,459.01,24.613333333333333,86.2,2.4266666666666663
Sarangani,2017,2,570.15,25.44333333333333,85.15666666666667,1.7466666666666668
Sarangani,2017,3,514.01,24.77333333333333,86.88333333333333,1.8533333333333335
Sarangani,2017,4,555.81,25.246666666666666,85.73666666666666,2.0100000000000002
Sarangani,2018,1,236.31,25.126666666666665,83.45333333333333,1.9766666666666666
Sarangani,2018,2,496.41999999999996,25.583333333333332,84.19333333333333,1.843333333333333
Sarangani,2018,3,515.88,24.636666666666667,87.24000000000001,2.2866666666666666
Sarangani,2018,4,342.27,25.46666666666667,83.80333333333333,2.013333333333333
Sarangani,2019,1,185.54,25.12,79.26333333333334,2.6366666666666667
Sarangani,2019,2,496.90999999999997,26.14,81.66333333333334,1.9966666666666668
Sarangani,2019,3,412.29,24.650000000000002,86.92,2.3833333333333333
Sarangani,2019,4,401.40000000000003,25.363333333333333,83.98333333333333,1.8166666666666664
Sarangani,2020,1,197.61,25.88,78.46666666666667,2.85
Sarangani,2020,2,460.74,26.576666666666668,78.23666666666666,2.0966666666666667
Sarangani,2020,3,382.82,25.166666666666668,84.54666666666667,1.9066666666666665
Sarangani,2020,4,483.30999999999995,25.28,85.04666666666667,1.8
Sarangani,2021,1,558.64,24.853333333333335,85.61000000000001,2.0866666666666664
Sarangani,2021,2,612.0,25.340000000000003,85.83999999999999,1.9100000000000001
Sarangani,2021,3,926.13,24.986666666666665,86.45,1.92
Sarangani,2021,4,326.53999999999996,25.336666666666662,84.38,1.9466666666666665
Sarangani,2022,1,274.85,25.173333333333332,82.72333333333334,2.276666666666667
Sarangani,2022,2,452.27,25.333333333333332,84.58333333333333,1.9766666666666666
Sarangani,2022,3,296.75,25.310000000000002,83.24333333333333,1.9466666666666665
Sarangani,2022,4,468.51,25.39,84.56,1.9433333333333334
Sarangani,2023,1,305.85,25.00666666666667,84.04666666666667,2.046666666666667
Sarangani,2023,2,381.18,26.02,82.66000000000001,1.7466666666666668
Sarangani,2023,3,361.27,25.286666666666665,85.60666666666667,2.283333333333333
Sarangani,2023,4,227.1,26.09,82.48666666666666,1.8699999999999999
Sarangani,2024,1,263.23,25.826666666666668,80.35333333333334,3.0366666666666666
Sarangani,2024,2,320.3,27.08,77.51,2.3066666666666666
Sarangani,2024,3,452.95,25.363333333333333,86.52333333333333,2.1833333333333336
Sarangani,2024,4,362.59000000000003,25.97,83.83999999999999,1.9866666666666666
Sarangani,2025,1,364.83,25.266666666666666,85.44,2.236666666666667
Sarangani,2025,2,409.38,25.733333333333334,84.41333333333334,1.9633333333333336
Sarangani,2025,3,485.51,24.886666666666667,87.05666666666667,2.1300000000000003
Sarangani,2025,4,337.14,25.593333333333334,84.91333333333334,1.8333333333333333
Siquijor,2000,1,711.81,27.293333333333333,82.79666666666667,5.813333333333333
Siquijor,2000,2,635.91,28.253333333333334,80.18,3.6266666666666665
Siquijor,2000,3,561.16,28.113333333333333,79.74666666666667,4.053333333333334
Siquijor,2000,4,772.4300000000001,27.883333333333336,82.41333333333334,4.396666666666667
Siquijor,2001,1,337.28,27.38,82.57000000000001,5.563333333333333
Siquijor,2001,2,461.51,28.459999999999997,79.29333333333334,3.9
Siquijor,2001,3,418.15000000000003,28.073333333333334,80.92999999999999,4.083333333333333
Siquijor,2001,4,1004.34,27.736666666666665,82.8,5.166666666666667
Siquijor,2002,1,214.29,26.55666666666667,82.51333333333334,6.3500000000000005
Siquijor,2002,2,471.63,28.256666666666664,79.95,3.8266666666666667
Siquijor,2002,3,613.99,27.83,81.58,4.646666666666667
Siquijor,2002,4,447.72,28.01,81.19666666666667,4.546666666666667
Siquijor,2003,1,208.48,26.616666666666664,83.79666666666667,6.396666666666667
Siquijor,2003,2,399.13,28.123333333333335,80.93,3.8366666666666673
Siquijor,2003,3,702.51,27.846666666666664,81.67666666666666,3.8066666666666666
Siquijor,2003,4,589.0600000000001,27.566666666666666,82.37666666666667,4.7
Siquijor,2004,1,203.92000000000002,26.866666666666664,84.84333333333335,5.333333333333333
Siquijor,2004,2,459.9,28.126666666666665,81.11666666666667,4.346666666666667
Siquijor,2004,3,471.6,27.77333333333333,81.03,3.6300000000000003
Siquijor,2004,4,461.32000000000005,27.99,80.89333333333333,4.8500000000000005
Siquijor,2005,1,157.02,26.570000000000004,82.71666666666667,5.956666666666667
Siquijor,2005,2,286.52,28.186666666666667,79.71999999999998,3.3800000000000003
Siquijor,2005,3,608.76,28.063333333333333,81.06666666666666,4.04
Siquijor,2005,4,790.6800000000001,28.026666666666667,82.95666666666666,4.663333333333333
Siquijor,2006,1,335.9,26.973333333333333,85.17666666666666,6.076666666666667
Siquijor,2006,2,417.3,28.14,80.1,4.026666666666666
Siquijor,2006,3,472.02,27.94333333333333,80.73,4.473333333333334
Siquijor,2006,4,633.01,28.03333333333333,81.51333333333334,4.866666666666667
Siquijor,2007,1,222.72,26.873333333333335,83.34666666666666,6.3133333333333335
Siquijor,2007,2,489.09999999999997,28.16,81.44333333333334,3.77
Siquijor,2007,3,595.44,28.046666666666667,80.88333333333334,3.89
Siquijor,2007,4,633.98,27.7,83.34666666666666,4.496666666666667
Siquijor,2008,1,577.72,27.09,84.30333333333333,5.756666666666667
Siquijor,2008,2,768.25,27.77333333333333,82.17,4.016666666666667
Siquijor,2008,3,561.48,27.756666666666664,80.15333333333334,3.4433333333333334
Siquijor,2008,4,715.77,28.09,82.14333333333333,4.706666666666667
Siquijor,2009,1,579.97,27.176666666666666,83.83999999999999,5.773333333333333
Siquijor,2009,2,571.35,28.073333333333334,80.60000000000001,3.8233333333333337
Siquijor,2009,3,585.25,28.02,81.31,4.386666666666667
Siquijor,2009,4,478.47,27.796666666666667,81.86333333333333,4.823333333333333
Siquijor,2010,1,157.75,26.84,82.43333333333334,6.06
Siquijor,2010,2,301.74,28.45,79.79,3.796666666666667
Siquijor,2010,3,804.4200000000001,28.36,77.73,2.9133333333333336
Siquijor,2010,4,912.27,28.123333333333335,80.87333333333333,3.98
Siquijor,2011,1,742.65,26.98,84.84666666666666,5.506666666666667
Siquijor,2011,2,561.63,27.763333333333332,81.84,3.966666666666667
Siquijor,2011,3,630.39,27.863333333333333,80.3,4.12
Siquijor,2011,4,837.6,27.933333333333334,81.46,4.296666666666667
Siquijor,2012,1,556.76,27.096666666666668,84.31,5.45
Siquijor,2012,2,420.49,28.33666666666667,78.40666666666667,3.6999999999999997
Siquijor,2012,3,713.63,27.95,80.27666666666667,4.24
Siquijor,2012,4,608.1700000000001,27.80333333333333,82.17333333333333,5.183333333333334
Siquijor,2013,1,550.55,27.063333333333333,84.20666666666666,5.766666666666667
Siquijor,2013,2,428.94,28.50666666666667,78.66,3.0933333333333333
Siquijor,2013,3,671.04,28.070000000000004,79.26,3.7100000000000004
Siquijor,2013,4,747.74,27.92,82.14,4.906666666666666
Siquijor,2014,1,550.64,26.636666666666667,83.03333333333333,6.113333333333333
Siquijor,2014,2,388.4,28.48,80.02333333333333,3.36
Siquijor,2014,3,572.51,28.060000000000002,79.93666666666667,3.9233333333333333
Siquijor,2014,4,792.22,27.959999999999997,82.43666666666667,4.693333333333333
Siquijor,2015,1,138.16,26.673333333333332,81.26,5.626666666666666
Siquijor,2015,2,259.07,28.366666666666664,77.77,3.1999999999999997
Siquijor,2015,3,592.62,28.13,80.26666666666667,3.73
Siquijor,2015,4,359.19,28.143333333333334,81.43,4.920000000000001
Siquijor,2016,1,35.870000000000005,26.973333333333333,82.64,5.793333333333333
Siquijor,2016,2,436.05,28.403333333333332,80.42333333333333,3.6133333333333333
Siquijor,2016,3,612.74,28.363333333333333,79.39,3.5866666666666664
Siquijor,2016,4,773.9200000000001,28.103333333333335,81.47,4.206666666666667
Siquijor,2017,1,477.27000000000004,26.820000000000004,84.35666666666667,5.703333333333333
Siquijor,2017,2,527.63,28.51,79.85666666666667,3.1333333333333333
Siquijor,2017,3,684.89,28.49333333333333,77.99666666666667,3.3066666666666666
Siquijor,2017,4,797.55,28.426666666666666,80.84666666666666,4.44
Siquijor,2018,1,553.91,27.593333333333334,82.31333333333333,5.043333333333333
Siquijor,2018,2,294.89,28.570000000000004,79.15666666666667,3.61
Siquijor,2018,3,618.6800000000001,28.396666666666665,79.73666666666666,4.61
Siquijor,2018,4,404.28999999999996,28.2,81.24333333333334,4.626666666666666
Siquijor,2019,1,96.36,26.580000000000002,81.17333333333333,5.91
Siquijor,2019,2,198.2,28.676666666666666,79.17,3.5966666666666662
Siquijor,2019,3,504.16999999999996,28.46666666666667,79.23,4.21
Siquijor,2019,4,348.54999999999995,28.456666666666667,79.58999999999999,4.17
Siquijor,2020,1,121.24,27.206666666666667,82.11333333333333,5.933333333333334
Siquijor,2020,2,396.05,28.58666666666667,79.74333333333334,3.73
Siquijor,2020,3,726.5899999999999,28.569999999999997,78.36,3.0
Siquijor,2020,4,1112.02,28.439999999999998,80.86666666666667,4.1
Siquijor,2021,1,445.15,27.540000000000003,82.58999999999999,4.95
Siquijor,2021,2,418.99,28.506666666666664,79.07,3.58
Siquijor,2021,3,521.55,28.686666666666667,77.92333333333333,3.5666666666666664
Siquijor,2021,4,874.36,28.386666666666667,81.67333333333333,4.613333333333333
Siquijor,2022,1,253.97,27.313333333333333,83.91333333333334,5.489999999999999
Siquijor,2022,2,676.46,28.08,80.65333333333334,3.4499999999999997
Siquijor,2022,3,657.03,28.526666666666667,78.30666666666667,3.3200000000000003
Siquijor,2022,4,826.88,28.243333333333336,81.82333333333334,4.22
Siquijor,2023,1,602.14,27.150000000000002,84.46333333333332,5.53
Siquijor,2023,2,480.56,28.633333333333336,78.75666666666666,3.1666666666666665
Siquijor,2023,3,493.88,28.7,79.88,4.166666666666667
Siquijor,2023,4,454.07,28.626666666666665,81.42333333333333,4.286666666666666
Siquijor,2024,1,95.28,27.209999999999997,83.2,6.036666666666666
Siquijor,2024,2,235.62,28.849999999999998,80.12,3.936666666666666
Siquijor,2024,3,661.81,28.823333333333334,79.56666666666666,3.66
Siquijor,2024,4,617.56,28.766666666666666,81.07333333333334,4.38
Siquijor,2025,1,334.39,27.74,84.47000000000001,5.516666666666667
Siquijor,2025,2,643.19,28.680000000000003,80.47333333333334,3.7399999999999998
Siquijor,2025,3,804.96,28.50333333333333,79.54,3.93
Siquijor,2025,4,717.8299999999999,28.596666666666664,81.61,4.113333333333333
Sorsogon,2000,1,1114.99,25.349999999999998,87.20666666666666,2.9
Sorsogon,2000,2,411.52,27.22,83.50333333333333,1.8966666666666667
Sorsogon,2000,3,583.99,26.66333333333333,85.83333333333333,2.3833333333333333
Sorsogon,2000,4,1564.98,26.36,88.57333333333334,2.5766666666666667
Sorsogon,2001,1,875.78,25.766666666666666,85.67,2.8666666666666667
Sorsogon,2001,2,492.44,27.53,81.98333333333333,1.9433333333333334
Sorsogon,2001,3,525.63,26.623333333333335,87.86000000000001,2.493333333333333
Sorsogon,2001,4,1210.37,25.883333333333336,87.28666666666668,2.936666666666667
Sorsogon,2002,1,392.11,24.816666666666663,82.46333333333332,3.1166666666666667
Sorsogon,2002,2,281.5,27.576666666666668,79.47,2.0833333333333335
Sorsogon,2002,3,835.25,26.8,85.98666666666666,2.5033333333333334
Sorsogon,2002,4,783.53,26.38,86.18333333333334,2.3466666666666667
Sorsogon,2003,1,265.46,25.106666666666666,81.23,3.09
Sorsogon,2003,2,470.09,27.933333333333334,77.47,2.3533333333333335
Sorsogon,2003,3,716.28,26.8,86.77,2.0566666666666666
Sorsogon,2003,4,628.51,25.919999999999998,85.18,2.73
Sorsogon,2004,1,415.92,25.53333333333333,83.62333333333333,2.78
Sorsogon,2004,2,620.91,27.206666666666667,83.25666666666667,2.5366666666666666
Sorsogon,2004,3,533.0600000000001,26.683333333333337,85.88,2.29
Sorsogon,2004,4,967.4,25.963333333333335,87.06333333333333,2.5500000000000003
Sorsogon,2005,1,298.31,25.073333333333334,81.78333333333335,2.7900000000000005
Sorsogon,2005,2,287.58000000000004,27.873333333333335,77.69,1.9533333333333331
Sorsogon,2005,3,975.49,26.913333333333338,87.07,2.1266666666666665
Sorsogon,2005,4,1280.55,26.316666666666666,88.14666666666666,2.47
Sorsogon,2006,1,718.54,25.483333333333334,85.55,2.966666666666667
Sorsogon,2006,2,512.9300000000001,27.146666666666665,82.62333333333333,2.103333333333333
Sorsogon,2006,3,759.86,26.636666666666667,87.74666666666667,2.3433333333333333
Sorsogon,2006,4,828.7,26.343333333333334,86.53333333333335,2.4833333333333334
Sorsogon,2007,1,489.05999999999995,25.323333333333334,82.64333333333333,2.91
Sorsogon,2007,2,372.53999999999996,27.646666666666665,80.12,1.9399999999999997
Sorsogon,2007,3,761.4399999999999,27.2,84.93666666666667,2.0966666666666667
Sorsogon,2007,4,1425.01,26.126666666666665,88.82,2.8266666666666667
Sorsogon,2008,1,1339.5,25.33,86.73,2.986666666666667
Sorsogon,2008,2,878.08,26.74666666666667,85.95666666666666,2.1366666666666667
Sorsogon,2008,3,641.69,26.53,86.60333333333334,1.9933333333333332
Sorsogon,2008,4,1100.63,26.406666666666666,87.79,2.4566666666666666
Sorsogon,2009,1,810.3199999999999,25.486666666666668,86.01333333333332,2.92
Sorsogon,2009,2,1142.98,26.826666666666668,86.50666666666666,2.0733333333333333
Sorsogon,2009,3,655.33,27.0,86.41666666666667,2.56
Sorsogon,2009,4,716.3,25.986666666666668,85.39999999999999,2.7133333333333334
Sorsogon,2010,1,338.55,25.45,81.81333333333333,2.783333333333333
Sorsogon,2010,2,222.92000000000002,28.45,75.62666666666667,2.0466666666666664
Sorsogon,2010,3,810.49,27.213333333333335,83.35333333333334,1.6133333333333333
Sorsogon,2010,4,1316.3500000000001,26.373333333333335,88.54,2.18
Sorsogon,2011,1,1264.08,25.066666666666666,86.83333333333333,3.1999999999999997
Sorsogon,2011,2,913.24,26.63,85.26333333333334,2.28
Sorsogon,2011,3,982.63,26.78333333333333,87.03000000000002,2.566666666666667
Sorsogon,2011,4,1249.1,26.429999999999996,87.70666666666666,2.3766666666666665
Sorsogon,2012,1,1256.5500000000002,25.60666666666667,86.63,2.936666666666666
Sorsogon,2012,2,419.95,27.37,83.16666666666667,2.0033333333333334
Sorsogon,2012,3,768.03,26.876666666666665,86.48,2.546666666666667
Sorsogon,2012,4,988.73,26.323333333333334,85.89999999999999,2.6166666666666667
Sorsogon,2013,1,775.93,25.546666666666667,84.98666666666666,3.0966666666666662
Sorsogon,2013,2,492.11999999999995,27.94666666666667,80.81,1.8266666666666669
Sorsogon,2013,3,790.6999999999999,26.810000000000002,86.74666666666667,2.22
Sorsogon,2013,4,1078.58,26.323333333333334,87.17999999999999,2.6266666666666665
Sorsogon,2014,1,432.96000000000004,24.76,82.32666666666667,3.1633333333333336
Sorsogon,2014,2,332.51,28.003333333333334,80.20666666666666,2.0233333333333334
Sorsogon,2014,3,973.6500000000001,27.03333333333333,85.65333333333335,2.39
Sorsogon,2014,4,1258.8,26.326666666666668,87.62333333333333,2.6966666666666668
Sorsogon,2015,1,569.3000000000001,24.86,82.47333333333334,3.0
Sorsogon,2015,2,315.59,27.97,77.53,1.99
Sorsogon,2015,3,512.97,27.61,82.46666666666667,2.2966666666666664
Sorsogon,2015,4,840.58,26.72666666666667,84.42333333333333,2.85
Sorsogon,2016,1,409.25,25.580000000000002,83.80666666666667,2.7566666666666664
Sorsogon,2016,2,335.47,28.206666666666667,79.14666666666666,2.0433333333333334
Sorsogon,2016,3,645.96,27.566666666666666,84.3,2.216666666666667
Sorsogon,2016,4,1430.56,26.486666666666665,88.21333333333332,2.5533333333333332
Sorsogon,2017,1,940.7800000000001,25.176666666666666,85.66333333333334,3.1300000000000003
Sorsogon,2017,2,405.93,27.736666666666668,81.93666666666667,1.8233333333333335
Sorsogon,2017,3,851.4,27.46666666666667,84.40333333333332,1.9133333333333333
Sorsogon,2017,4,1672.2,26.733333333333334,87.67666666666666,2.64
Sorsogon,2018,1,1244.18,25.686666666666667,86.19,2.8633333333333333
Sorsogon,2018,2,396.55,27.483333333333334,82.93333333333332,2.2433333333333336
Sorsogon,2018,3,676.1800000000001,27.063333333333333,86.34666666666668,2.6999999999999997
Sorsogon,2018,4,1047.27,26.516666666666666,84.97333333333333,2.7466666666666666
Sorsogon,2019,1,264.97999999999996,24.95,80.10666666666667,2.98
Sorsogon,2019,2,382.12,28.3,78.70666666666666,2.023333333333333
Sorsogon,2019,3,651.85,27.3,85.24666666666667,2.6300000000000003
Sorsogon,2019,4,860.97,26.689999999999998,85.46666666666665,2.4566666666666666
Sorsogon,2020,1,646.92,25.493333333333336,83.53333333333335,2.9133333333333336
Sorsogon,2020,2,525.65,27.89,81.51,2.1533333333333333
Sorsogon,2020,3,671.53,27.663333333333338,83.18666666666667,1.6466666666666667
Sorsogon,2020,4,1703.3899999999999,26.72666666666667,88.27333333333333,2.3466666666666667
Sorsogon,2021,1,1217.27,25.72666666666667,86.53666666666668,2.89
Sorsogon,2021,2,512.73,27.49,82.95333333333333,2.1566666666666667
Sorsogon,2021,3,718.43,27.459999999999997,85.03666666666668,2.1999999999999997
Sorsogon,2021,4,1192.83,26.5,87.83666666666666,2.783333333333333
Sorsogon,2022,1,766.9,25.636666666666667,86.10000000000001,2.8066666666666666
Sorsogon,2022,2,779.05,27.286666666666665,84.34333333333333,1.9733333333333334
Sorsogon,2022,3,750.76,27.430000000000003,85.31666666666666,1.7866666666666668
Sorsogon,2022,4,1375.15,26.66,88.15333333333332,2.5766666666666667
Sorsogon,2023,1,1329.47,25.433333333333334,86.61666666666667,3.063333333333333
Sorsogon,2023,2,434.89,27.936666666666667,81.89,1.9866666666666666
Sorsogon,2023,3,625.46,27.916666666666668,84.76666666666667,2.47
Sorsogon,2023,4,971.71,27.136666666666667,86.66000000000001,2.46
Sorsogon,2024,1,416.9,25.72666666666667,82.58999999999999,2.973333333333333
Sorsogon,2024,2,340.51,28.563333333333333,79.19666666666667,2.216666666666667
Sorsogon,2024,3,904.88,27.833333333333332,86.01333333333332,2.2133333333333334
Sorsogon,2024,4,1486.48,27.19333333333333,87.36,2.56
Sorsogon,2025,1,1508.95,25.939999999999998,87.63666666666666,2.8633333333333333
Sorsogon,2025,2,534.52,27.689999999999998,83.86333333333333,1.9533333333333331
Sorsogon,2025,3,989.36,27.093333333333334,86.89999999999999,2.2733333333333334
Sorsogon,2025,4,1405.35,26.833333333333332,88.42,2.44
South Cotabato,2000,1,668.46,24.33,87.83333333333333,1.7633333333333334
South Cotabato,2000,2,348.64,25.153333333333336,86.11666666666667,1.3833333333333335
South Cotabato,2000,3,566.85,24.656666666666666,85.99000000000001,1.3466666666666667
South Cotabato,2000,4,583.03,24.709999999999997,88.56333333333333,1.4166666666666667
South Cotabato,2001,1,288.71,24.36,87.11333333333334,1.5599999999999998
South Cotabato,2001,2,311.37,25.560000000000002,83.13666666666667,1.4800000000000002
South Cotabato,2001,3,463.14,24.87,85.88999999999999,1.4966666666666668
South Cotabato,2001,4,370.96,24.959999999999997,85.64666666666666,1.42
South Cotabato,2002,1,291.39,24.790000000000003,81.74,1.97
South Cotabato,2002,2,400.49,26.30666666666667,78.81,1.5533333333333335
South Cotabato,2002,3,397.2,25.19666666666667,82.62,1.6333333333333335
South Cotabato,2002,4,310.03999999999996,25.213333333333335,84.27666666666666,1.3366666666666667
South Cotabato,2003,1,404.45,24.97666666666667,81.90666666666667,2.01
South Cotabato,2003,2,552.0600000000001,25.87,81.67333333333333,1.4866666666666666
South Cotabato,2003,3,797.5600000000001,24.706666666666667,87.82333333333334,1.31
South Cotabato,2003,4,745.3199999999999,24.929999999999996,87.76333333333332,1.2766666666666666
South Cotabato,2004,1,280.34000000000003,25.02333333333333,85.13333333333333,1.5533333333333335
South Cotabato,2004,2,874.54,25.44333333333333,85.73333333333333,1.4366666666666668
South Cotabato,2004,3,856.49,24.590000000000003,87.64999999999999,1.4400000000000002
South Cotabato,2004,4,591.4,25.02,87.0,1.3499999999999999
South Cotabato,2005,1,212.32,24.590000000000003,83.67333333333333,1.7633333333333334
South Cotabato,2005,2,538.04,25.74333333333333,83.09333333333333,1.4033333333333333
South Cotabato,2005,3,615.75,24.876666666666665,87.20666666666666,1.45
South Cotabato,2005,4,676.01,24.813333333333333,88.45,1.2633333333333334
South Cotabato,2006,1,592.72,24.336666666666662,88.44333333333333,1.7466666666666668
South Cotabato,2006,2,718.0899999999999,25.016666666666666,86.65333333333335,1.3833333333333335
South Cotabato,2006,3,618.05,24.583333333333332,87.49333333333334,1.4666666666666668
South Cotabato,2006,4,479.88,24.83,87.56,1.3966666666666665
South Cotabato,2007,1,261.20000000000005,24.53333333333333,85.63,1.79
South Cotabato,2007,2,420.99,25.826666666666668,82.77666666666666,1.4433333333333334
South Cotabato,2007,3,520.51,24.666666666666668,86.67666666666666,1.4933333333333334
South Cotabato,2007,4,381.5,24.893333333333334,86.94333333333333,1.32
South Cotabato,2008,1,462.5,24.213333333333335,87.10000000000001,1.6766666666666667
South Cotabato,2008,2,878.49,24.72666666666667,87.17666666666666,1.4833333333333334
South Cotabato,2008,3,563.17,24.423333333333332,87.34333333333332,1.3399999999999999
South Cotabato,2008,4,538.76,24.743333333333336,87.96,1.2866666666666666
South Cotabato,2009,1,423.45,24.506666666666664,87.72333333333334,1.4900000000000002
South Cotabato,2009,2,670.53,24.97,87.34333333333332,1.3866666666666667
South Cotabato,2009,3,708.99,24.843333333333334,86.94666666666667,1.4799999999999998
South Cotabato,2009,4,334.55,24.793333333333333,86.03666666666668,1.3533333333333333
South Cotabato,2010,1,235.0,24.900000000000002,81.71333333333332,1.8399999999999999
South Cotabato,2010,2,488.52,25.976666666666663,82.08666666666666,1.53
South Cotabato,2010,3,649.36,24.97,85.16666666666667,1.2366666666666666
South Cotabato,2010,4,527.65,24.883333333333336,85.94666666666667,1.2033333333333334
South Cotabato,2011,1,468.02,24.266666666666666,87.71999999999998,1.3466666666666667
South Cotabato,2011,2,606.85,24.98,86.80666666666667,1.2966666666666666
South Cotabato,2011,3,632.33,24.49,86.99666666666667,1.3966666666666665
South Cotabato,2011,4,437.15999999999997,24.703333333333333,87.04,1.2466666666666668
South Cotabato,2012,1,362.21000000000004,24.30666666666667,86.92999999999999,1.5433333333333332
South Cotabato,2012,2,513.0699999999999,25.036666666666665,85.43333333333334,1.2333333333333334
South Cotabato,2012,3,614.98,24.566666666666666,86.66666666666667,1.3466666666666667
South Cotabato,2012,4,443.09,24.676666666666666,87.11666666666667,1.4866666666666666
South Cotabato,2013,1,467.78000000000003,24.613333333333333,87.15666666666665,1.5733333333333333
South Cotabato,2013,2,436.89,25.426666666666666,85.13,1.2133333333333334
South Cotabato,2013,3,461.41,24.733333333333334,85.34666666666668,1.25
South Cotabato,2013,4,514.1800000000001,24.683333333333334,86.68333333333332,1.3533333333333335
South Cotabato,2014,1,368.42,24.486666666666665,84.55,1.6933333333333334
South Cotabato,2014,2,345.98,26.176666666666666,81.12666666666667,1.1900000000000002
South Cotabato,2014,3,446.71,24.99666666666667,83.54,1.3499999999999999
South Cotabato,2014,4,485.56,25.066666666666666,85.86333333333334,1.2266666666666666
South Cotabato,2015,1,195.33,24.87,80.52333333333333,1.7133333333333336
South Cotabato,2015,2,373.5,26.543333333333333,77.27666666666666,1.29
South Cotabato,2015,3,414.16999999999996,25.433333333333334,81.49,1.5033333333333332
South Cotabato,2015,4,329.65,25.430000000000003,82.98666666666666,1.42
South Cotabato,2016,1,80.4,26.87,69.18666666666667,2.186666666666667
South Cotabato,2016,2,416.77,27.22,75.16333333333334,1.5566666666666666
South Cotabato,2016,3,436.65,25.41333333333333,82.79666666666667,1.2533333333333332
South Cotabato,2016,4,595.4,25.153333333333332,85.96333333333332,1.0733333333333333
South Cotabato,2017,1,499.76,24.376666666666665,87.12,1.5366666666666664
South Cotabato,2017,2,580.45,25.55666666666667,85.39333333333333,1.18
South Cotabato,2017,3,543.09,25.016666666666666,86.0,1.1733333333333331
South Cotabato,2017,4,568.21,25.080000000000002,86.54666666666667,1.2966666666666666
South Cotabato,2018,1,218.12,24.893333333333334,84.61666666666666,1.3333333333333333
South Cotabato,2018,2,492.87,25.703333333333333,84.06666666666666,1.1866666666666668
South Cotabato,2018,3,536.26,24.886666666666667,85.47333333333331,1.3766666666666667
South Cotabato,2018,4,359.95000000000005,25.33666666666667,84.7,1.3033333333333335
South Cotabato,2019,1,180.91,25.163333333333338,77.43666666666667,1.87
South Cotabato,2019,2,508.56,26.790000000000003,78.19666666666667,1.3533333333333335
South Cotabato,2019,3,443.76,25.083333333333332,84.12,1.4533333333333331
South Cotabato,2019,4,421.55,25.49666666666667,83.12333333333333,1.1266666666666667
South Cotabato,2020,1,174.71,26.063333333333333,76.02999999999999,1.9966666666666668
South Cotabato,2020,2,592.77,27.133333333333336,75.42333333333333,1.4799999999999998
South Cotabato,2020,3,431.98,25.39,83.87333333333333,1.23
South Cotabato,2020,4,497.43,25.26,85.60000000000001,1.1333333333333335
South Cotabato,2021,1,546.42,24.673333333333332,86.46999999999998,1.3566666666666667
South Cotabato,2021,2,700.8299999999999,25.473333333333333,85.32333333333332,1.22
South Cotabato,2021,3,936.6800000000001,25.183333333333334,85.92,1.1666666666666667
South Cotabato,2021,4,379.62,25.146666666666665,85.98666666666668,1.2133333333333334
South Cotabato,2022,1,294.54,24.766666666666666,85.35000000000001,1.5266666666666666
South Cotabato,2022,2,560.55,25.313333333333333,85.60000000000001,1.32
South Cotabato,2022,3,360.97,25.333333333333332,84.02333333333333,1.1966666666666665
South Cotabato,2022,4,487.9,25.236666666666668,85.47333333333334,1.21
South Cotabato,2023,1,321.58,24.76,85.74000000000001,1.3766666666666667
South Cotabato,2023,2,452.16,26.123333333333335,82.51666666666667,1.0633333333333332
South Cotabato,2023,3,427.51,25.58,83.89999999999999,1.37
South Cotabato,2023,4,272.17,26.02,82.86,1.2333333333333334
South Cotabato,2024,1,324.57,25.680000000000003,80.17,1.9799999999999998
South Cotabato,2024,2,357.3,27.52333333333333,75.01666666666667,1.6066666666666665
South Cotabato,2024,3,507.15,25.7,84.88666666666667,1.3333333333333333
South Cotabato,2024,4,395.51,25.91,84.50666666666666,1.26
South Cotabato,2025,1,364.49,25.09,86.31,1.4566666666666668
South Cotabato,2025,2,485.54,25.766666666666666,84.89333333333333,1.2966666666666666
South Cotabato,2025,3,527.74,25.073333333333334,86.08,1.3033333333333335
South Cotabato,2025,4,340.33,25.51,85.80333333333333,1.1666666666666667
Southern Leyte,2000,1,917.97,25.99,85.78666666666668,3.616666666666667
Southern Leyte,2000,2,411.28,27.113333333333333,83.11,2.3266666666666667
Southern Leyte,2000,3,551.4,26.74,84.33999999999999,2.5166666666666666
Southern Leyte,2000,4,1121.09,26.55,87.54333333333334,2.8033333333333332
Southern Leyte,2001,1,1032.8,26.189999999999998,85.65333333333332,3.4233333333333333
Southern Leyte,2001,2,536.64,27.153333333333336,83.66333333333334,2.4166666666666665
Southern Leyte,2001,3,497.06,26.866666666666664,84.90333333333332,2.5166666666666666
Southern Leyte,2001,4,1361.39,26.356666666666666,86.90666666666668,3.2100000000000004
Southern Leyte,2002,1,730.71,25.346666666666664,84.49333333333334,3.9933333333333336
Southern Leyte,2002,2,432.48,27.346666666666668,81.59666666666668,2.3966666666666665
Southern Leyte,2002,3,625.31,26.786666666666665,85.08666666666666,2.9066666666666667
Southern Leyte,2002,4,802.63,26.613333333333333,85.7,2.77
Southern Leyte,2003,1,676.67,25.52333333333333,84.61666666666666,3.9433333333333334
Southern Leyte,2003,2,447.88,27.36,81.72333333333334,2.5166666666666666
Southern Leyte,2003,3,736.9,26.676666666666666,86.14666666666666,2.276666666666667
Southern Leyte,2003,4,997.8900000000001,26.26,86.52333333333333,2.9633333333333334
Southern Leyte,2004,1,677.72,25.856666666666666,86.44666666666667,3.4466666666666668
Southern Leyte,2004,2,444.38,27.16333333333333,83.65333333333334,2.8733333333333335
Southern Leyte,2004,3,424.95,26.75,84.29,2.4466666666666668
Southern Leyte,2004,4,674.1800000000001,26.540000000000003,85.66666666666667,2.9033333333333338
Southern Leyte,2005,1,489.5,25.513333333333332,83.37,3.686666666666666
Southern Leyte,2005,2,314.87,27.34,81.37,2.47
Southern Leyte,2005,3,624.1,26.973333333333333,85.13333333333334,2.4899999999999998
Southern Leyte,2005,4,1150.81,26.633333333333336,87.45333333333333,2.84
Southern Leyte,2006,1,989.7,25.94,86.06666666666666,3.86
Southern Leyte,2006,2,493.2,27.060000000000002,82.98666666666666,2.5966666666666667
Southern Leyte,2006,3,536.88,26.820000000000004,85.04,2.8166666666666664
Southern Leyte,2006,4,762.56,26.596666666666664,86.23666666666666,2.8766666666666665
Southern Leyte,2007,1,640.34,25.843333333333334,83.46,3.823333333333333
Southern Leyte,2007,2,415.96000000000004,27.366666666666664,82.06333333333333,2.48
Southern Leyte,2007,3,489.88,27.060000000000002,83.52666666666666,2.3833333333333333
Southern Leyte,2007,4,1055.64,26.483333333333334,87.76333333333332,2.973333333333333
Southern Leyte,2008,1,1461.77,25.906666666666666,86.84333333333332,3.6033333333333335
Southern Leyte,2008,2,691.58,26.77333333333333,84.90333333333332,2.6166666666666667
Southern Leyte,2008,3,688.34,26.689999999999998,83.34666666666666,2.033333333333333
Southern Leyte,2008,4,932.9,26.703333333333333,86.32333333333334,2.7533333333333334
Southern Leyte,2009,1,986.88,25.893333333333334,86.52666666666669,3.39
Southern Leyte,2009,2,553.41,27.036666666666665,83.66333333333334,2.4499999999999997
Southern Leyte,2009,3,393.97,27.113333333333333,84.19,2.9033333333333338
Southern Leyte,2009,4,740.66,26.513333333333332,85.68666666666667,3.0933333333333333
Southern Leyte,2010,1,537.63,25.873333333333335,82.70666666666666,3.6566666666666667
Southern Leyte,2010,2,209.62,27.863333333333333,78.51333333333334,2.6300000000000003
Southern Leyte,2010,3,609.38,27.346666666666664,80.35,1.9799999999999998
Southern Leyte,2010,4,744.89,26.743333333333336,85.39666666666666,2.3633333333333333
Southern Leyte,2011,1,2306.14,25.846666666666664,88.03333333333335,3.603333333333333
Southern Leyte,2011,2,652.4000000000001,26.753333333333334,84.54,2.5733333333333333
Southern Leyte,2011,3,664.21,26.763333333333332,84.84333333333333,2.6933333333333334
Southern Leyte,2011,4,1135.41,26.636666666666667,86.2,2.66
Southern Leyte,2012,1,1228.37,26.036666666666665,86.52333333333333,3.5366666666666666
Southern Leyte,2012,2,356.4,27.22,81.76,2.3866666666666667
Southern Leyte,2012,3,631.71,26.876666666666665,83.95,2.793333333333333
Southern Leyte,2012,4,993.07,26.573333333333334,85.56333333333333,3.24
Southern Leyte,2013,1,890.97,26.016666666666666,85.85333333333334,3.6966666666666668
Southern Leyte,2013,2,489.81,27.506666666666664,81.8,2.313333333333333
Southern Leyte,2013,3,656.26,26.926666666666666,83.66666666666667,2.436666666666667
Southern Leyte,2013,4,833.0,26.616666666666664,86.09999999999998,3.1199999999999997
Southern Leyte,2014,1,1156.3200000000002,25.396666666666665,85.22666666666667,4.010000000000001
Southern Leyte,2014,2,565.9,27.52333333333333,83.42333333333333,2.433333333333333
Southern Leyte,2014,3,757.6500000000001,26.916666666666668,84.14666666666666,2.4566666666666666
Southern Leyte,2014,4,1114.08,26.516666666666666,87.60000000000001,3.0100000000000002
Southern Leyte,2015,1,580.6,25.52,82.68666666666667,3.5666666666666664
Southern Leyte,2015,2,425.46999999999997,27.593333333333334,78.61333333333333,2.33
Southern Leyte,2015,3,480.96000000000004,27.34,82.36666666666666,2.3800000000000003
Southern Leyte,2015,4,643.79,26.94666666666667,84.22666666666667,3.08
Southern Leyte,2016,1,375.16,25.973333333333333,82.80333333333334,3.4466666666666668
Southern Leyte,2016,2,356.36,27.900000000000002,79.66000000000001,2.513333333333333
Southern Leyte,2016,3,672.91,27.409999999999997,82.58333333333333,2.3699999999999997
Southern Leyte,2016,4,1201.33,26.77,86.30666666666667,2.7266666666666666
Southern Leyte,2017,1,1145.8,25.743333333333336,86.85333333333334,3.7133333333333334
Southern Leyte,2017,2,606.23,27.513333333333332,82.66666666666667,2.2399999999999998
Southern Leyte,2017,3,899.21,27.290000000000003,83.00666666666667,2.0866666666666664
Southern Leyte,2017,4,1257.04,26.993333333333336,85.80666666666667,2.9299999999999997
Southern Leyte,2018,1,1589.35,26.336666666666662,85.81666666666666,3.3866666666666667
Southern Leyte,2018,2,668.22,27.383333333333336,83.02666666666667,2.39
Southern Leyte,2018,3,564.31,27.133333333333336,84.82666666666667,2.8833333333333333
Southern Leyte,2018,4,988.38,26.796666666666667,85.38,3.02
Southern Leyte,2019,1,591.4,25.326666666666668,81.66333333333334,3.64
Southern Leyte,2019,2,442.94,27.69333333333333,81.32666666666667,2.39
Southern Leyte,2019,3,482.18,27.413333333333338,82.73333333333333,2.65
Southern Leyte,2019,4,708.3299999999999,27.03,84.02666666666666,2.67
Southern Leyte,2020,1,583.45,26.040000000000003,83.10666666666667,3.626666666666667
Southern Leyte,2020,2,442.38,27.473333333333333,82.56666666666666,2.57
Southern Leyte,2020,3,542.83,27.55333333333333,81.27666666666666,1.9066666666666665
Southern Leyte,2020,4,1438.2,26.94333333333333,86.63666666666666,2.57
Southern Leyte,2021,1,1135.07,26.33666666666667,86.21333333333332,3.31
Southern Leyte,2021,2,724.4399999999999,27.38,82.76666666666667,2.35
Southern Leyte,2021,3,572.06,27.496666666666666,82.49,2.2533333333333334
Southern Leyte,2021,4,1293.34,26.936666666666667,86.84999999999998,3.026666666666667
Southern Leyte,2022,1,972.44,26.116666666666664,86.59333333333332,3.473333333333333
Southern Leyte,2022,2,885.97,27.006666666666664,84.77,2.4766666666666666
Southern Leyte,2022,3,618.51,27.41333333333333,82.7,1.9833333333333334
Southern Leyte,2022,4,1216.1399999999999,26.939999999999998,86.59999999999998,2.6666666666666665
Southern Leyte,2023,1,1282.04,26.046666666666667,87.02666666666666,3.543333333333333
Southern Leyte,2023,2,625.97,27.666666666666668,82.47333333333334,2.25
Southern Leyte,2023,3,606.66,27.62,84.46,2.6966666666666668
Southern Leyte,2023,4,813.13,27.426666666666666,85.17333333333333,2.733333333333333
Southern Leyte,2024,1,361.99,26.310000000000002,82.52999999999999,3.76
Southern Leyte,2024,2,372.61,28.21666666666667,79.83999999999999,2.5933333333333333
Southern Leyte,2024,3,587.5699999999999,27.856666666666666,83.11,2.3033333333333332
Southern Leyte,2024,4,833.09,27.503333333333334,85.00666666666666,2.7900000000000005
Southern Leyte,2025,1,1166.05,26.580000000000002,86.98,3.42
Southern Leyte,2025,2,623.57,27.573333333333334,83.83999999999999,2.34
Southern Leyte,2025,3,781.1700000000001,27.316666666666666,83.99,2.4233333333333333
Southern Leyte,2025,4,1225.22,27.106666666666666,87.22666666666667,2.623333333333333
Sultan Kudarat,2000,1,504.04999999999995,22.24,90.01333333333334,1.9266666666666667
Sultan Kudarat,2000,2,341.61,23.073333333333334,88.73666666666666,1.4466666666666665
Sultan Kudarat,2000,3,555.26,22.30333333333333,89.43666666666667,1.6466666666666665
Sultan Kudarat,2000,4,515.9399999999999,22.543333333333333,91.24666666666667,1.6900000000000002
Sultan Kudarat,2001,1,232.82999999999998,22.236666666666668,89.52333333333333,1.7733333333333334
Sultan Kudarat,2001,2,349.99,23.146666666666665,88.12,1.5766666666666669
Sultan Kudarat,2001,3,424.88,22.516666666666666,89.86,1.9466666666666665
Sultan Kudarat,2001,4,374.87,22.603333333333335,89.81333333333333,1.67
Sultan Kudarat,2002,1,210.44,22.316666666666666,87.04333333333334,2.0433333333333334
Sultan Kudarat,2002,2,347.02,23.403333333333336,86.62333333333333,1.5133333333333334
Sultan Kudarat,2002,3,378.99,22.46666666666667,88.91666666666667,2.32
Sultan Kudarat,2002,4,279.92,22.956666666666667,87.46666666666665,1.4633333333333336
Sultan Kudarat,2003,1,373.09999999999997,22.75,85.59666666666668,2.1366666666666667
Sultan Kudarat,2003,2,632.1,23.42,86.42666666666666,1.5933333333333335
Sultan Kudarat,2003,3,997.99,22.266666666666666,91.77,1.8066666666666666
Sultan Kudarat,2003,4,804.5899999999999,22.679999999999996,90.77,1.55
Sultan Kudarat,2004,1,221.07999999999998,22.896666666666665,87.78666666666668,1.6500000000000001
Sultan Kudarat,2004,2,1118.32,23.08666666666667,89.81333333333333,1.8399999999999999
Sultan Kudarat,2004,3,1047.3600000000001,22.223333333333333,91.19666666666666,1.83
Sultan Kudarat,2004,4,652.36,22.826666666666668,90.14,1.6533333333333333
Sultan Kudarat,2005,1,216.55,22.386666666666667,86.95666666666666,1.9333333333333333
Sultan Kudarat,2005,2,603.04,23.246666666666666,87.74666666666667,1.3533333333333335
Sultan Kudarat,2005,3,690.6,22.429999999999996,91.28666666666668,1.9733333333333334
Sultan Kudarat,2005,4,737.19,22.703333333333333,90.72333333333334,1.3833333333333335
Sultan Kudarat,2006,1,575.75,22.296666666666667,90.55666666666667,1.9666666666666668
Sultan Kudarat,2006,2,808.44,22.893333333333334,89.02,1.4333333333333333
Sultan Kudarat,2006,3,653.96,22.063333333333333,91.56333333333333,2.0633333333333335
Sultan Kudarat,2006,4,531.81,22.62,90.44,1.7366666666666666
Sultan Kudarat,2007,1,238.09,22.373333333333335,88.48333333333333,2.0
Sultan Kudarat,2007,2,444.48,23.423333333333332,87.14,1.2866666666666668
Sultan Kudarat,2007,3,585.64,22.336666666666662,90.07333333333334,1.906666666666667
Sultan Kudarat,2007,4,395.86,22.576666666666668,90.52333333333333,1.68
Sultan Kudarat,2008,1,474.48,22.096666666666664,89.65333333333332,1.8633333333333333
Sultan Kudarat,2008,2,1079.59,22.576666666666668,89.99000000000001,1.7166666666666668
Sultan Kudarat,2008,3,646.34,22.19666666666667,90.13333333333333,1.5333333333333332
Sultan Kudarat,2008,4,574.02,22.616666666666664,90.38,1.3800000000000001
Sultan Kudarat,2009,1,424.53,22.439999999999998,89.61000000000001,1.5933333333333335
Sultan Kudarat,2009,2,809.29,22.723333333333333,90.05666666666667,1.5933333333333335
Sultan Kudarat,2009,3,904.65,22.34,91.44666666666666,2.15
Sultan Kudarat,2009,4,410.44,22.463333333333335,89.68333333333334,1.6166666666666665
Sultan Kudarat,2010,1,251.66,22.423333333333332,86.62666666666667,1.9266666666666665
Sultan Kudarat,2010,2,630.88,23.673333333333332,86.31,1.38
Sultan Kudarat,2010,3,730.22,22.87,87.50666666666666,1.25
Sultan Kudarat,2010,4,667.08,22.626666666666665,88.99000000000001,1.3099999999999998
Sultan Kudarat,2011,1,509.33,22.11,90.14333333333333,1.5233333333333334
Sultan Kudarat,2011,2,635.63,22.75,89.91666666666667,1.5899999999999999
Sultan Kudarat,2011,3,640.99,22.02333333333333,91.01333333333334,1.87
Sultan Kudarat,2011,4,475.47,22.52333333333333,89.44,1.43
Sultan Kudarat,2012,1,364.84,22.133333333333336,89.26666666666667,1.8
Sultan Kudarat,2012,2,585.75,22.763333333333335,88.65333333333332,1.47
Sultan Kudarat,2012,3,752.23,22.113333333333333,90.83999999999999,1.8966666666666665
Sultan Kudarat,2012,4,453.53,22.5,89.79666666666667,1.6966666666666665
Sultan Kudarat,2013,1,406.07,22.563333333333333,89.16666666666667,1.7933333333333332
Sultan Kudarat,2013,2,471.65,23.283333333333335,87.88666666666667,1.2433333333333334
Sultan Kudarat,2013,3,542.61,22.28333333333333,89.60000000000001,1.68
Sultan Kudarat,2013,4,542.01,22.476666666666663,89.92333333333333,1.6466666666666665
Sultan Kudarat,2014,1,303.27,22.25,87.93666666666667,1.8800000000000001
Sultan Kudarat,2014,2,359.74,23.599999999999998,86.74000000000001,1.1666666666666667
Sultan Kudarat,2014,3,544.12,22.353333333333335,89.24333333333334,1.7566666666666666
Sultan Kudarat,2014,4,454.42,22.826666666666664,89.05333333333333,1.4100000000000001
Sultan Kudarat,2015,1,169.39,22.30333333333333,86.28000000000002,1.873333333333333
Sultan Kudarat,2015,2,355.77,23.463333333333335,86.22666666666667,1.3133333333333332
Sultan Kudarat,2015,3,526.04,22.583333333333332,88.27,1.93
Sultan Kudarat,2015,4,302.18,22.923333333333332,87.50666666666666,1.5866666666666667
Sultan Kudarat,2016,1,62.64,23.790000000000003,78.92333333333333,1.92
Sultan Kudarat,2016,2,502.57,24.55,81.58666666666666,1.4266666666666667
Sultan Kudarat,2016,3,561.94,22.810000000000002,87.62,1.5866666666666667
Sultan Kudarat,2016,4,586.24,22.863333333333333,89.02333333333333,1.32
Sultan Kudarat,2017,1,464.66999999999996,22.23,89.44,1.86
Sultan Kudarat,2017,2,588.0,23.396666666666665,87.94333333333333,1.1966666666666665
Sultan Kudarat,2017,3,535.01,22.603333333333335,89.56666666666666,1.3866666666666667
Sultan Kudarat,2017,4,598.3100000000001,22.810000000000002,90.01333333333334,1.5966666666666667
Sultan Kudarat,2018,1,235.35000000000002,22.560000000000002,88.00333333333333,1.46
Sultan Kudarat,2018,2,539.4,23.30333333333333,88.10000000000001,1.2666666666666666
Sultan Kudarat,2018,3,598.78,22.24666666666667,90.21333333333332,1.8833333333333335
Sultan Kudarat,2018,4,348.94,23.0,88.54333333333334,1.42
Sultan Kudarat,2019,1,149.93,22.373333333333335,85.20666666666666,1.8699999999999999
Sultan Kudarat,2019,2,488.62,23.793333333333333,86.28666666666668,1.3366666666666667
Sultan Kudarat,2019,3,421.34000000000003,22.53,88.45333333333333,1.8800000000000001
Sultan Kudarat,2019,4,380.46000000000004,22.98,87.73,1.3733333333333333
Sultan Kudarat,2020,1,159.33,23.27333333333333,83.54333333333334,1.9633333333333336
Sultan Kudarat,2020,2,848.0300000000001,24.373333333333335,81.85333333333334,1.3766666666666667
Sultan Kudarat,2020,3,501.71,23.099999999999998,86.93,1.2933333333333332
Sultan Kudarat,2020,4,578.9399999999999,22.923333333333332,88.95333333333333,1.3499999999999999
Sultan Kudarat,2021,1,509.90999999999997,22.52,88.96999999999998,1.5633333333333332
Sultan Kudarat,2021,2,720.89,23.213333333333335,88.59333333333332,1.42
Sultan Kudarat,2021,3,864.44,22.909999999999997,88.97333333333334,1.43
Sultan Kudarat,2021,4,404.53000000000003,22.929999999999996,88.66666666666667,1.4533333333333331
Sultan Kudarat,2022,1,281.34000000000003,22.543333333333333,88.20333333333333,1.62
Sultan Kudarat,2022,2,708.36,23.08666666666667,88.72666666666667,1.3866666666666667
Sultan Kudarat,2022,3,393.63,22.89,88.31666666666666,1.3499999999999999
Sultan Kudarat,2022,4,571.75,22.830000000000002,89.60666666666667,1.4566666666666668
Sultan Kudarat,2023,1,354.61,22.52,89.13333333333333,1.58
Sultan Kudarat,2023,2,469.11,23.436666666666667,87.86,1.3166666666666667
Sultan Kudarat,2023,3,452.48,22.826666666666668,89.71333333333332,1.75
Sultan Kudarat,2023,4,259.07,23.563333333333333,87.64666666666666,1.29
Sultan Kudarat,2024,1,258.89,23.13,86.03333333333335,2.1199999999999997
Sultan Kudarat,2024,2,391.02,24.41333333333333,84.19,1.3733333333333333
Sultan Kudarat,2024,3,555.61,23.336666666666662,88.21,1.6766666666666665
Sultan Kudarat,2024,4,426.02,23.55666666666667,88.38333333333333,1.4799999999999998
Sultan Kudarat,2025,1,388.76,22.91,88.88,1.5833333333333333
Sultan Kudarat,2025,2,598.22,23.45,88.30666666666667,1.3399999999999999
Sultan Kudarat,2025,3,635.52,22.62,89.99666666666667,1.6666666666666667
Sultan Kudarat,2025,4,408.99,23.206666666666667,89.58333333333333,1.4466666666666665
Sulu,2000,1,336.67,26.936666666666667,83.10666666666667,3.1799999999999997
Sulu,2000,2,299.55,27.473333333333333,81.88666666666667,2.3233333333333337
Sulu,2000,3,398.42,27.41,80.98333333333333,2.98
Sulu,2000,4,336.57,27.419999999999998,83.18333333333334,3.01
Sulu,2001,1,313.53000000000003,27.143333333333334,81.94333333333333,2.83
Sulu,2001,2,321.65,27.866666666666664,80.47666666666667,2.4166666666666665
Sulu,2001,3,354.95,27.53,81.70666666666666,2.9866666666666664
Sulu,2001,4,626.22,27.236666666666665,83.73333333333333,3.16
Sulu,2002,1,120.66,26.929999999999996,80.66333333333334,3.953333333333333
Sulu,2002,2,343.99,28.313333333333333,77.29,2.3733333333333335
Sulu,2002,3,463.34000000000003,27.543333333333333,81.53,3.526666666666667
Sulu,2002,4,172.48000000000002,27.866666666666664,79.73,2.4
Sulu,2003,1,158.35,27.36,79.29333333333334,3.7166666666666663
Sulu,2003,2,318.59,28.24,77.84333333333332,2.5166666666666666
Sulu,2003,3,649.06,27.209999999999997,83.33666666666666,2.8266666666666667
Sulu,2003,4,465.03000000000003,27.430000000000003,82.77666666666666,3.073333333333333
Sulu,2004,1,101.13000000000001,27.26,82.0,3.5700000000000003
Sulu,2004,2,406.69,28.12,79.84666666666668,2.853333333333333
Sulu,2004,3,224.24,27.290000000000003,81.54333333333334,3.0500000000000003
Sulu,2004,4,262.64,27.84,80.26,2.9033333333333338
Sulu,2005,1,146.97,27.426666666666666,78.58666666666666,3.5366666666666666
Sulu,2005,2,270.65,28.086666666666662,79.05,2.4933333333333336
Sulu,2005,3,501.85,27.64333333333333,82.05,3.2466666666666666
Sulu,2005,4,373.34000000000003,27.486666666666665,83.03666666666668,2.78
Sulu,2006,1,364.3,27.233333333333334,82.53,3.0733333333333337
Sulu,2006,2,395.53,27.703333333333333,80.36,2.2266666666666666
Sulu,2006,3,463.8,27.439999999999998,82.39,3.36
Sulu,2006,4,553.81,27.796666666666667,80.41333333333334,2.46
Sulu,2007,1,278.15,27.123333333333335,81.83333333333333,3.3533333333333335
Sulu,2007,2,366.56,28.156666666666666,78.58666666666666,2.026666666666667
Sulu,2007,3,718.76,27.343333333333334,83.47000000000001,3.393333333333333
Sulu,2007,4,493.75,27.386666666666667,83.45333333333333,2.936666666666667
Sulu,2008,1,508.72,27.05333333333333,82.80333333333333,3.1733333333333333
Sulu,2008,2,839.73,27.506666666666664,81.73666666666666,2.6599999999999997
Sulu,2008,3,634.28,27.103333333333335,82.90333333333334,2.9599999999999995
Sulu,2008,4,492.28,27.573333333333334,82.04,2.5
Sulu,2009,1,357.36,27.246666666666666,82.50333333333333,3.3066666666666666
Sulu,2009,2,467.81,27.69666666666667,81.97333333333333,2.4499999999999997
Sulu,2009,3,698.48,27.616666666666664,82.89666666666666,3.4166666666666665
Sulu,2009,4,433.84000000000003,27.613333333333333,81.38,3.09
Sulu,2010,1,211.35999999999999,27.433333333333334,79.62666666666667,3.2733333333333334
Sulu,2010,2,410.84000000000003,28.30666666666667,79.41666666666667,2.1766666666666667
Sulu,2010,3,677.24,27.71666666666667,80.0,2.61
Sulu,2010,4,614.87,27.77333333333333,80.31,2.393333333333333
Sulu,2011,1,673.05,27.00333333333333,82.83333333333333,3.3766666666666665
Sulu,2011,2,365.69,27.53,82.09333333333332,2.776666666666667
Sulu,2011,3,382.66999999999996,27.456666666666667,81.37,3.236666666666667
Sulu,2011,4,387.29,27.506666666666664,81.71333333333332,2.626666666666667
Sulu,2012,1,547.63,27.30333333333333,81.44,2.973333333333333
Sulu,2012,2,332.63,27.796666666666667,79.92,2.52
Sulu,2012,3,632.15,27.326666666666668,82.20666666666666,3.263333333333333
Sulu,2012,4,534.77,27.52,82.13666666666667,2.8433333333333333
Sulu,2013,1,308.49,27.36,82.00666666666666,3.736666666666667
Sulu,2013,2,453.0,28.06,79.73333333333333,2.22
Sulu,2013,3,535.26,27.36,81.32333333333334,3.1833333333333336
Sulu,2013,4,981.63,27.513333333333335,81.87,2.643333333333333
Sulu,2014,1,253.49,26.993333333333336,80.61,4.3566666666666665
Sulu,2014,2,206.58,28.27333333333333,78.03333333333333,2.21
Sulu,2014,3,498.42,27.66,79.62333333333333,2.8766666666666665
Sulu,2014,4,436.72999999999996,27.75666666666667,81.52333333333333,2.643333333333333
Sulu,2015,1,177.68,27.116666666666664,79.39999999999999,3.84
Sulu,2015,2,206.39,28.419999999999998,75.68333333333334,2.14
Sulu,2015,3,292.98,27.88,79.22666666666667,3.3966666666666665
Sulu,2015,4,174.74,28.036666666666665,79.54333333333334,2.723333333333333
Sulu,2016,1,59.89,28.14,76.19,2.8800000000000003
Sulu,2016,2,262.69,28.703333333333333,76.41000000000001,2.03
Sulu,2016,3,443.27000000000004,27.83,80.97333333333334,2.8200000000000003
Sulu,2016,4,414.51,27.683333333333334,81.66333333333334,2.3966666666666665
Sulu,2017,1,413.18,27.13,82.69333333333333,3.723333333333333
Sulu,2017,2,337.08,28.05,79.68666666666667,2.2399999999999998
Sulu,2017,3,465.25,27.713333333333335,80.80333333333334,2.6566666666666667
Sulu,2017,4,438.59000000000003,27.983333333333334,81.24666666666667,2.7566666666666664
Sulu,2018,1,279.32,27.403333333333336,81.68333333333334,3.1666666666666665
Sulu,2018,2,292.62,28.310000000000002,78.63,2.3533333333333335
Sulu,2018,3,462.21000000000004,27.75,81.17333333333333,3.3633333333333333
Sulu,2018,4,211.04999999999998,28.043333333333333,80.08,2.6833333333333336
Sulu,2019,1,171.76999999999998,27.320000000000004,78.49,3.3833333333333333
Sulu,2019,2,215.78,28.74,76.85000000000001,2.3366666666666664
Sulu,2019,3,313.42,27.96666666666667,79.54666666666667,3.5833333333333335
Sulu,2019,4,227.74,28.286666666666665,77.30333333333334,2.4366666666666665
Sulu,2020,1,159.39000000000001,28.01,78.12666666666667,3.2266666666666666
Sulu,2020,2,287.83,28.77,76.50666666666667,2.2333333333333334
Sulu,2020,3,420.43,28.0,79.68333333333334,2.8666666666666667
Sulu,2020,4,481.34000000000003,27.88,81.29333333333334,2.7600000000000002
Sulu,2021,1,345.0,27.61,81.24333333333333,3.1566666666666667
Sulu,2021,2,338.31,28.179999999999996,79.72,2.56
Sulu,2021,3,410.28,27.95,80.43,2.9766666666666666
Sulu,2021,4,423.11,27.953333333333333,81.56666666666666,2.7066666666666666
Sulu,2022,1,326.35,27.373333333333335,82.17333333333333,3.14
Sulu,2022,2,412.63,27.820000000000004,81.37,2.6
Sulu,2022,3,444.2,27.919999999999998,79.98,2.66
Sulu,2022,4,502.61,27.743333333333336,82.07333333333334,2.7066666666666666
Sulu,2023,1,316.96,27.213333333333335,83.12333333333333,3.4299999999999997
Sulu,2023,2,281.96,28.346666666666664,79.68333333333332,2.393333333333333
Sulu,2023,3,369.48,28.183333333333334,80.98666666666666,3.236666666666667
Sulu,2023,4,261.07,28.486666666666668,79.70666666666666,2.3666666666666667
Sulu,2024,1,176.20000000000002,28.05333333333333,80.06666666666666,3.27
Sulu,2024,2,284.0,28.97666666666667,78.24333333333334,2.533333333333333
Sulu,2024,3,456.98,28.209999999999997,81.71333333333334,3.2366666666666664
Sulu,2024,4,442.4,28.319999999999997,81.69,2.75
Sulu,2025,1,422.9,27.673333333333332,82.43666666666667,2.75
Sulu,2025,2,425.16,28.026666666666667,81.12333333333333,2.2733333333333334
Sulu,2025,3,465.24,27.73,82.18333333333334,3.1199999999999997
Sulu,2025,4,443.92999999999995,27.91333333333333,82.13,2.8633333333333333
Surigao del Norte,2000,1,1062.46,24.963333333333335,89.00333333333333,1.51
Surigao del Norte,2000,2,401.47,26.099999999999998,85.23,1.1600000000000001
Surigao del Norte,2000,3,432.25,25.8,85.16666666666667,1.1966666666666665
Surigao del Norte,2000,4,1098.1100000000001,25.459999999999997,90.09666666666668,1.2766666666666666
Surigao del Norte,2001,1,1041.2,25.046666666666667,88.79,1.4633333333333332
Surigao del Norte,2001,2,565.99,26.05666666666667,85.81666666666666,1.1933333333333334
Surigao del Norte,2001,3,408.58000000000004,26.0,85.37666666666667,1.2066666666666668
Surigao del Norte,2001,4,1566.47,25.39,89.50333333333333,1.3833333333333335
Surigao del Norte,2002,1,1083.28,24.336666666666662,88.39666666666666,1.6433333333333333
Surigao del Norte,2002,2,581.49,26.266666666666666,84.05666666666667,1.1566666666666665
Surigao del Norte,2002,3,601.9399999999999,25.636666666666667,86.64666666666666,1.3966666666666665
Surigao del Norte,2002,4,781.7,25.593333333333334,87.76333333333334,1.28
Surigao del Norte,2003,1,1008.1,24.616666666666664,88.39999999999999,1.6300000000000001
Surigao del Norte,2003,2,534.99,26.176666666666666,84.99333333333334,1.17
Surigao del Norte,2003,3,762.22,25.623333333333335,87.78666666666668,1.1333333333333333
Surigao del Norte,2003,4,1225.07,25.373333333333335,88.88,1.36
Surigao del Norte,2004,1,959.36,25.05333333333333,88.83999999999999,1.4033333333333333
Surigao del Norte,2004,2,526.37,26.073333333333334,85.42666666666666,1.3333333333333333
Surigao del Norte,2004,3,329.86,25.99333333333333,84.33999999999999,1.18
Surigao del Norte,2004,4,621.0500000000001,25.616666666666664,87.58333333333333,1.3533333333333335
Surigao del Norte,2005,1,785.9,24.483333333333334,87.54333333333334,1.55
Surigao del Norte,2005,2,356.82,26.290000000000003,84.19333333333333,1.1466666666666667
Surigao del Norte,2005,3,563.64,25.959999999999997,86.09333333333332,1.2566666666666666
Surigao del Norte,2005,4,1438.5,25.64333333333333,89.38666666666666,1.2833333333333334
Surigao del Norte,2006,1,1595.56,24.916666666666668,89.29666666666667,1.6033333333333333
Surigao del Norte,2006,2,571.19,25.94333333333333,85.34333333333332,1.2433333333333334
Surigao del Norte,2006,3,364.53,25.723333333333333,85.96,1.3499999999999999
Surigao del Norte,2006,4,670.0,25.613333333333333,87.88333333333333,1.37
Surigao del Norte,2007,1,1140.52,24.723333333333333,88.31666666666668,1.6133333333333333
Surigao del Norte,2007,2,581.98,26.22666666666667,85.73666666666666,1.1933333333333334
Surigao del Norte,2007,3,466.24,26.083333333333332,84.77333333333333,1.1466666666666667
Surigao del Norte,2007,4,1235.42,25.51,89.55333333333333,1.3066666666666666
Surigao del Norte,2008,1,1806.43,24.849999999999998,89.91000000000001,1.4966666666666668
Surigao del Norte,2008,2,681.48,25.76,86.78333333333335,1.2466666666666668
Surigao del Norte,2008,3,604.11,25.786666666666665,84.2,1.07
Surigao del Norte,2008,4,1150.26,25.636666666666667,89.05,1.27
Surigao del Norte,2009,1,1735.0,24.99,89.2,1.4533333333333334
Surigao del Norte,2009,2,631.12,26.013333333333332,85.61,1.1566666666666665
Surigao del Norte,2009,3,377.21000000000004,25.993333333333336,85.40333333333332,1.4000000000000001
Surigao del Norte,2009,4,1086.8,25.393333333333334,88.57666666666667,1.3399999999999999
Surigao del Norte,2010,1,1067.78,24.709999999999997,87.25,1.5833333333333333
Surigao del Norte,2010,2,408.99,26.483333333333334,84.03666666666666,1.21
Surigao del Norte,2010,3,560.45,26.346666666666664,81.85000000000001,1.04
Surigao del Norte,2010,4,837.44,25.646666666666665,87.48,1.16
Surigao del Norte,2011,1,3062.8900000000003,24.846666666666664,91.08,1.4233333333333331
Surigao del Norte,2011,2,791.63,25.743333333333336,86.56666666666666,1.2
Surigao del Norte,2011,3,581.37,25.646666666666665,85.58999999999999,1.2633333333333334
Surigao del Norte,2011,4,1335.97,25.683333333333334,87.70333333333333,1.2
Surigao del Norte,2012,1,1436.9,24.996666666666666,89.31666666666666,1.4666666666666668
Surigao del Norte,2012,2,515.1700000000001,26.133333333333336,83.45333333333333,1.1566666666666667
Surigao del Norte,2012,3,625.0600000000001,25.816666666666666,84.36333333333333,1.2566666666666666
Surigao del Norte,2012,4,1172.1,25.346666666666664,89.15666666666668,1.45
Surigao del Norte,2013,1,1441.29,25.013333333333335,89.14666666666666,1.5233333333333334
Surigao del Norte,2013,2,614.28,26.386666666666667,84.14999999999999,1.1266666666666667
Surigao del Norte,2013,3,642.62,25.926666666666666,84.24666666666667,1.14
Surigao del Norte,2013,4,1023.89,25.429999999999996,89.03333333333335,1.4033333333333333
Surigao del Norte,2014,1,1831.28,24.426666666666666,89.32666666666667,1.6266666666666667
Surigao del Norte,2014,2,471.47,26.483333333333334,85.01333333333334,1.1466666666666667
Surigao del Norte,2014,3,574.19,25.976666666666663,84.17999999999999,1.1433333333333333
Surigao del Norte,2014,4,1225.25,25.563333333333333,88.72000000000001,1.3233333333333333
Surigao del Norte,2015,1,823.42,24.423333333333332,86.75333333333333,1.5266666666666666
Surigao del Norte,2015,2,451.21000000000004,26.25,82.95,1.1133333333333333
Surigao del Norte,2015,3,485.71999999999997,26.430000000000003,82.70666666666666,1.0733333333333333
Surigao del Norte,2015,4,946.3,25.866666666666664,86.83333333333333,1.3399999999999999
Surigao del Norte,2016,1,414.65999999999997,24.84,86.45333333333333,1.5066666666666668
Surigao del Norte,2016,2,583.21,26.60666666666667,84.11333333333333,1.1633333333333333
Surigao del Norte,2016,3,652.9100000000001,26.34,83.73333333333333,1.1333333333333335
Surigao del Norte,2016,4,1290.48,25.646666666666665,88.50333333333333,1.2333333333333334
Surigao del Norte,2017,1,1867.3,24.673333333333332,90.62666666666667,1.5
Surigao del Norte,2017,2,781.5699999999999,26.593333333333334,84.29666666666667,1.0833333333333333
Surigao del Norte,2017,3,648.36,26.426666666666666,83.2,1.04
Surigao del Norte,2017,4,1215.79,25.866666666666664,88.18666666666667,1.3466666666666667
Surigao del Norte,2018,1,1435.72,25.203333333333333,89.28000000000002,1.42
Surigao del Norte,2018,2,587.8,26.46666666666667,83.89333333333333,1.1300000000000001
Surigao del Norte,2018,3,501.53,25.986666666666668,85.43333333333334,1.3066666666666666
Surigao del Norte,2018,4,947.56,25.72,88.23333333333333,1.3333333333333333
Surigao del Norte,2019,1,781.74,24.19666666666667,86.62666666666667,1.57
Surigao del Norte,2019,2,390.57,26.576666666666668,83.54333333333334,1.1366666666666667
Surigao del Norte,2019,3,456.04,26.376666666666665,82.84666666666666,1.2033333333333334
Surigao del Norte,2019,4,679.0,25.95,86.36,1.2566666666666666
Surigao del Norte,2020,1,591.46,24.94333333333333,87.19333333333333,1.5599999999999998
Surigao del Norte,2020,2,655.11,26.416666666666668,85.14333333333333,1.2
Surigao del Norte,2020,3,684.5,26.59,82.37333333333333,0.9900000000000001
Surigao del Norte,2020,4,1446.47,25.900000000000002,88.35000000000001,1.18
Surigao del Norte,2021,1,1434.72,25.25,89.21333333333332,1.3966666666666665
Surigao del Norte,2021,2,866.51,26.37,84.78666666666666,1.1233333333333333
Surigao del Norte,2021,3,617.36,26.689999999999998,82.21333333333332,1.0466666666666666
Surigao del Norte,2021,4,1670.66,25.893333333333334,88.78333333333335,1.2866666666666668
Surigao del Norte,2022,1,1336.22,24.993333333333336,90.17,1.4533333333333334
Surigao del Norte,2022,2,1141.6299999999999,26.099999999999998,86.47666666666667,1.1666666666666667
Surigao del Norte,2022,3,579.41,26.516666666666666,83.12,0.9633333333333334
Surigao del Norte,2022,4,1379.16,25.819999999999997,88.69333333333333,1.2333333333333334
Surigao del Norte,2023,1,1851.66,24.983333333333334,90.91000000000001,1.4333333333333333
Surigao del Norte,2023,2,570.16,26.623333333333335,83.79,1.0833333333333333
Surigao del Norte,2023,3,607.4,26.429999999999996,85.17666666666666,1.2533333333333332
Surigao del Norte,2023,4,949.7,26.343333333333334,87.41666666666667,1.2566666666666666
Surigao del Norte,2024,1,684.1999999999999,25.096666666666664,87.85666666666667,1.58
Surigao del Norte,2024,2,435.02,26.88,83.9,1.2
Surigao del Norte,2024,3,628.42,26.92,83.61,1.0766666666666667
Surigao del Norte,2024,4,971.18,26.46666666666667,87.48333333333333,1.3
Surigao del Norte,2025,1,1331.6,25.493333333333336,90.48666666666666,1.4033333333333333
Surigao del Norte,2025,2,750.11,26.560000000000002,86.14333333333333,1.1666666666666667
Surigao del Norte,2025,3,609.52,26.376666666666665,84.37666666666667,1.14
Surigao del Norte,2025,4,1081.46,26.2,88.54333333333334,1.1900000000000002
Surigao del Sur,2000,1,1310.64,25.80666666666667,86.15333333333335,2.5933333333333333
Surigao del Sur,2000,2,621.23,26.606666666666666,84.36,1.6666666666666667
Surigao del Sur,2000,3,572.16,26.62,82.58999999999999,1.5833333333333333
Surigao del Sur,2000,4,1026.39,26.22,87.54666666666667,2.1
Surigao del Sur,2001,1,1231.12,25.963333333333335,85.45333333333333,2.4766666666666666
Surigao del Sur,2001,2,743.12,26.733333333333334,84.13333333333334,1.76
Surigao del Sur,2001,3,630.15,26.84,83.38333333333334,1.6433333333333333
Surigao del Sur,2001,4,1484.69,26.366666666666664,86.31666666666666,2.2866666666666666
Surigao del Sur,2002,1,1057.26,25.316666666666666,84.98,2.9233333333333333
Surigao del Sur,2002,2,785.4200000000001,26.856666666666666,82.89666666666666,1.8066666666666666
Surigao del Sur,2002,3,636.5799999999999,26.689999999999998,83.41333333333334,1.6500000000000001
Surigao del Sur,2002,4,753.78,26.423333333333332,85.04666666666667,1.99
Surigao del Sur,2003,1,1048.21,25.513333333333335,85.38333333333333,2.8533333333333335
Surigao del Sur,2003,2,590.91,26.75666666666667,83.44,1.75
Surigao del Sur,2003,3,896.69,26.563333333333333,84.87333333333333,1.5200000000000002
Surigao del Sur,2003,4,1181.76,26.183333333333334,86.36,2.276666666666667
Surigao del Sur,2004,1,996.93,25.916666666666668,86.04333333333334,2.47
Surigao del Sur,2004,2,574.78,26.650000000000002,84.37666666666667,1.8999999999999997
Surigao del Sur,2004,3,503.28,26.676666666666666,82.74666666666667,1.5766666666666669
Surigao del Sur,2004,4,682.17,26.576666666666668,84.46333333333332,2.0733333333333333
Surigao del Sur,2005,1,712.24,25.453333333333333,84.24333333333334,2.78
Surigao del Sur,2005,2,475.68,26.72,83.51333333333334,1.8333333333333333
Surigao del Sur,2005,3,768.81,26.80666666666667,83.67333333333333,1.6466666666666665
Surigao del Sur,2005,4,1441.77,26.396666666666665,86.89999999999999,1.9533333333333331
Surigao del Sur,2006,1,1500.23,25.74666666666667,86.42333333333333,2.723333333333333
Surigao del Sur,2006,2,672.84,26.59,83.30333333333333,1.8
Surigao del Sur,2006,3,499.87,26.75,82.88666666666667,1.7366666666666666
Surigao del Sur,2006,4,764.99,26.41,85.34333333333332,2.0033333333333334
Surigao del Sur,2007,1,1490.7,25.679999999999996,85.13666666666667,2.8533333333333335
Surigao del Sur,2007,2,782.9,26.72666666666667,84.88333333333334,1.8466666666666667
Surigao del Sur,2007,3,624.68,26.733333333333334,83.40333333333332,1.78
Surigao del Sur,2007,4,1307.1399999999999,26.349999999999998,86.83,2.046666666666667
Surigao del Sur,2008,1,1675.34,25.763333333333332,86.39,2.563333333333333
Surigao del Sur,2008,2,822.95,26.42,85.06,1.95
Surigao del Sur,2008,3,739.5,26.543333333333333,82.92333333333333,1.6566666666666665
Surigao del Sur,2008,4,1417.5,26.416666666666668,86.32000000000001,2.0833333333333335
Surigao del Sur,2009,1,1904.93,25.933333333333337,86.06,2.466666666666667
Surigao del Sur,2009,2,813.8,26.679999999999996,84.22666666666667,1.7933333333333332
Surigao del Sur,2009,3,544.49,26.983333333333334,82.19,1.6133333333333333
Surigao del Sur,2009,4,1243.3500000000001,26.333333333333332,85.52333333333333,2.1733333333333333
Surigao del Sur,2010,1,1077.27,25.64,84.25333333333333,2.7466666666666666
Surigao del Sur,2010,2,677.5699999999999,26.94333333333333,83.62,1.93
Surigao del Sur,2010,3,780.0799999999999,26.78,82.01333333333334,1.5466666666666669
Surigao del Sur,2010,4,1201.93,26.50333333333333,84.98,1.7633333333333334
Surigao del Sur,2011,1,3055.08,25.83666666666667,87.71666666666665,2.563333333333333
Surigao del Sur,2011,2,986.18,26.45,84.98,1.9900000000000002
Surigao del Sur,2011,3,898.7700000000001,26.74,81.79333333333334,1.5933333333333335
Surigao del Sur,2011,4,1726.65,26.459999999999997,85.25333333333333,1.9166666666666667
Surigao del Sur,2012,1,1729.78,25.873333333333335,86.32333333333334,2.533333333333333
Surigao del Sur,2012,2,927.04,26.786666666666665,82.20333333333333,1.6433333333333333
Surigao del Sur,2012,3,787.18,26.73,82.40333333333334,1.7666666666666666
Surigao del Sur,2012,4,1300.0500000000002,26.293333333333333,85.89333333333333,2.2933333333333334
Surigao del Sur,2013,1,1728.4099999999999,25.873333333333335,86.41000000000001,2.6833333333333336
Surigao del Sur,2013,2,847.3900000000001,26.906666666666666,83.32,1.6666666666666667
Surigao del Sur,2013,3,717.0,26.656666666666666,82.59666666666668,1.67
Surigao del Sur,2013,4,1174.69,26.349999999999998,85.70666666666666,2.1233333333333335
Surigao del Sur,2014,1,2084.76,25.44333333333333,86.11666666666667,3.0533333333333332
Surigao del Sur,2014,2,544.22,27.12,83.36666666666666,1.76
Surigao del Sur,2014,3,620.42,26.820000000000004,82.43333333333334,1.6733333333333331
Surigao del Sur,2014,4,1327.19,26.45,85.93666666666667,2.026666666666667
Surigao del Sur,2015,1,999.3900000000001,25.363333333333333,83.72333333333334,2.7266666666666666
Surigao del Sur,2015,2,442.54999999999995,26.78,82.19666666666667,1.6966666666666665
Surigao del Sur,2015,3,476.28999999999996,27.099999999999998,81.41666666666667,1.6533333333333333
Surigao del Sur,2015,4,1015.79,26.64,84.49,2.1933333333333334
Surigao del Sur,2016,1,604.56,25.61,84.08999999999999,2.4933333333333336
Surigao del Sur,2016,2,707.77,26.99666666666667,83.49666666666667,1.8266666666666669
Surigao del Sur,2016,3,695.92,27.206666666666667,80.84,1.4733333333333334
Surigao del Sur,2016,4,1449.94,26.49,85.60666666666667,2.0066666666666664
Surigao del Sur,2017,1,2018.44,25.706666666666667,87.16333333333334,2.85
Surigao del Sur,2017,2,897.26,27.03,83.74000000000001,1.7533333333333332
Surigao del Sur,2017,3,630.48,27.153333333333336,81.45,1.51
Surigao del Sur,2017,4,1199.55,26.676666666666666,85.55333333333333,2.1766666666666667
Surigao del Sur,2018,1,1313.82,26.133333333333336,85.77333333333333,2.48
Surigao del Sur,2018,2,644.33,27.00333333333333,83.04,1.7966666666666666
Surigao del Sur,2018,3,549.44,27.11,81.19,1.53
Surigao del Sur,2018,4,907.32,26.573333333333334,85.43,2.28
Surigao del Sur,2019,1,1032.76,25.173333333333336,83.36666666666667,2.776666666666667
Surigao del Sur,2019,2,479.42,27.19666666666667,82.29666666666667,1.72
Surigao del Sur,2019,3,487.4,27.106666666666666,81.14,1.82
Surigao del Sur,2019,4,718.93,26.8,83.47666666666667,1.89
Surigao del Sur,2020,1,730.72,25.863333333333333,84.06,2.736666666666667
Surigao del Sur,2020,2,779.86,26.993333333333336,83.88666666666667,1.8766666666666667
Surigao del Sur,2020,3,741.73,27.069999999999997,81.83999999999999,1.4933333333333334
Surigao del Sur,2020,4,1330.46,26.713333333333335,85.96666666666665,1.89
Surigao del Sur,2021,1,1386.15,26.143333333333334,85.77666666666666,2.48
Surigao del Sur,2021,2,831.46,26.939999999999998,84.08333333333333,1.8099999999999998
Surigao del Sur,2021,3,728.98,27.26,81.19,1.5533333333333335
Surigao del Sur,2021,4,1611.25,26.713333333333335,85.63,2.0933333333333333
Surigao del Sur,2022,1,1390.48,25.963333333333335,86.79333333333334,2.5333333333333337
Surigao del Sur,2022,2,1288.8,26.646666666666665,85.18333333333334,1.8733333333333333
Surigao del Sur,2022,3,713.5799999999999,27.12,82.12,1.57
Surigao del Sur,2022,4,1335.92,26.689999999999998,85.63333333333333,1.9166666666666667
Surigao del Sur,2023,1,2013.18,25.96666666666667,87.62,2.6033333333333335
Surigao del Sur,2023,2,637.81,27.290000000000003,82.33666666666666,1.6866666666666668
Surigao del Sur,2023,3,754.29,27.39,81.98333333333333,1.5866666666666667
Surigao del Sur,2023,4,984.01,27.19666666666667,84.81333333333333,1.97
Surigao del Sur,2024,1,784.89,26.066666666666666,84.49666666666667,2.796666666666667
Surigao del Sur,2024,2,416.98,27.42,82.55,1.82
Surigao del Sur,2024,3,646.91,27.536666666666665,82.73333333333333,1.6533333333333333
Surigao del Sur,2024,4,1018.69,27.19333333333333,85.08999999999999,2.0100000000000002
Surigao del Sur,2025,1,1225.73,26.433333333333334,86.78666666666668,2.3666666666666667
Surigao del Sur,2025,2,900.8499999999999,27.203333333333333,84.47000000000001,1.7233333333333334
Surigao del Sur,2025,3,670.87,27.126666666666665,82.74333333333334,1.6566666666666665
Surigao del Sur,2025,4,1058.65,26.933333333333334,86.38,2.0166666666666666
Tarlac,2000,1,179.88,25.28333333333333,79.52666666666666,2.1133333333333333
Tarlac,2000,2,595.71,27.77333333333333,79.25333333333333,1.51
Tarlac,2000,3,1726.5900000000001,25.886666666666667,90.37666666666667,1.8466666666666667
Tarlac,2000,4,511.19000000000005,25.393333333333334,89.53333333333335,1.9066666666666665
Tarlac,2001,1,173.81,25.703333333333333,78.40666666666667,2.1199999999999997
Tarlac,2001,2,606.7,28.043333333333333,78.88333333333333,1.4433333333333334
Tarlac,2001,3,1056.1799999999998,26.060000000000002,90.37,1.8566666666666667
Tarlac,2001,4,179.94,25.176666666666666,83.21666666666665,1.9933333333333334
Tarlac,2002,1,39.56,26.060000000000002,67.31,2.3333333333333335
Tarlac,2002,2,509.98,28.916666666666668,70.40666666666667,1.9000000000000001
Tarlac,2002,3,1774.15,26.276666666666667,89.96,1.7366666666666666
Tarlac,2002,4,260.4,25.586666666666662,86.87666666666667,1.4766666666666666
Tarlac,2003,1,31.11,25.873333333333335,67.84,2.32
Tarlac,2003,2,777.8399999999999,29.013333333333335,71.15666666666667,1.93
Tarlac,2003,3,1694.33,26.383333333333336,89.05,1.55
Tarlac,2003,4,196.89,25.09,82.91666666666667,1.6733333333333331
Tarlac,2004,1,78.78,26.75,68.64,1.9100000000000001
Tarlac,2004,2,1011.1700000000001,28.366666666666664,75.22333333333334,2.0100000000000002
Tarlac,2004,3,1373.06,26.19333333333333,89.14666666666666,1.5333333333333332
Tarlac,2004,4,308.88,25.21666666666667,83.10666666666667,1.6733333333333331
Tarlac,2005,1,37.14,26.36,67.32000000000001,1.9266666666666667
Tarlac,2005,2,539.8,29.14,70.25666666666667,1.5
Tarlac,2005,3,1104.89,26.433333333333334,89.49333333333334,1.6066666666666667
Tarlac,2005,4,351.24,25.49,87.58,1.4933333333333332
Tarlac,2006,1,150.94,25.686666666666667,78.14,2.033333333333333
Tarlac,2006,2,339.11,28.993333333333336,69.74,1.87
Tarlac,2006,3,1629.9299999999998,26.233333333333334,89.96,1.64
Tarlac,2006,4,395.44,25.53,87.43333333333334,1.5433333333333332
Tarlac,2007,1,59.84,26.13,72.60000000000001,2.0366666666666666
Tarlac,2007,2,357.81,28.896666666666665,72.05,1.6033333333333335
Tarlac,2007,3,1508.71,26.516666666666666,88.98333333333333,1.5599999999999998
Tarlac,2007,4,518.4399999999999,25.113333333333333,88.08666666666666,1.6966666666666665
Tarlac,2008,1,135.47,25.22,77.79,2.17
Tarlac,2008,2,688.3199999999999,27.590000000000003,78.67,1.7233333333333334
Tarlac,2008,3,1420.45,26.176666666666666,88.96333333333332,1.5433333333333332
Tarlac,2008,4,358.0,25.35666666666667,87.26333333333334,1.5266666666666666
Tarlac,2009,1,80.31,25.993333333333336,73.49666666666667,2.0233333333333334
Tarlac,2009,2,1196.96,27.063333333333333,83.09666666666666,1.7366666666666666
Tarlac,2009,3,1691.6599999999999,26.526666666666667,90.21666666666665,1.7533333333333332
Tarlac,2009,4,557.92,25.126666666666665,84.14999999999999,1.67
Tarlac,2010,1,25.419999999999998,26.96666666666667,66.2,2.1033333333333335
Tarlac,2010,2,391.39,29.86,67.42,1.6533333333333333
Tarlac,2010,3,1072.37,26.64,87.37666666666667,1.2766666666666666
Tarlac,2010,4,632.17,25.546666666666667,87.71999999999998,1.3533333333333335
Tarlac,2011,1,95.00999999999999,25.013333333333335,76.71999999999998,2.013333333333333
Tarlac,2011,2,1148.32,28.0,74.77,1.74
Tarlac,2011,3,1759.4699999999998,26.34,89.40666666666668,1.6633333333333333
Tarlac,2011,4,514.56,25.53,88.11333333333334,1.5033333333333332
Tarlac,2012,1,153.05,25.66333333333333,78.78666666666668,1.83
Tarlac,2012,2,828.1999999999999,27.98,78.67,1.6133333333333333
Tarlac,2012,3,2290.65,26.243333333333336,89.87333333333333,1.5599999999999998
Tarlac,2012,4,250.77,25.59,85.07,1.4633333333333332
Tarlac,2013,1,114.92,26.633333333333336,70.79666666666667,1.97
Tarlac,2013,2,530.34,29.16,72.08,1.4133333333333333
Tarlac,2013,3,1921.32,26.333333333333332,88.89999999999999,1.5
Tarlac,2013,4,361.09000000000003,25.456666666666667,86.74666666666667,1.42
Tarlac,2014,1,33.18,25.743333333333336,68.8,1.8133333333333332
Tarlac,2014,2,603.0699999999999,29.45,70.47666666666667,1.4100000000000001
Tarlac,2014,3,1686.69,26.593333333333334,88.48666666666668,1.57
Tarlac,2014,4,281.81,25.67,85.58333333333333,1.36
Tarlac,2015,1,41.13,25.790000000000003,68.61,1.96
Tarlac,2015,2,366.77,29.679999999999996,67.44,1.5899999999999999
Tarlac,2015,3,1553.49,26.926666666666666,87.53666666666668,1.5033333333333332
Tarlac,2015,4,670.64,25.923333333333332,85.22666666666667,1.64
Tarlac,2016,1,39.11,26.623333333333335,72.42,1.7533333333333332
Tarlac,2016,2,452.14,29.540000000000003,70.62666666666667,1.5833333333333333
Tarlac,2016,3,1816.71,26.856666666666666,88.75333333333333,1.4166666666666667
Tarlac,2016,4,621.78,25.71666666666667,88.14,1.5533333333333335
Tarlac,2017,1,110.22,25.28333333333333,77.28666666666668,1.9400000000000002
Tarlac,2017,2,524.92,28.953333333333333,73.11,1.5233333333333334
Tarlac,2017,3,1363.31,26.87,88.10333333333334,1.3933333333333333
Tarlac,2017,4,429.26,25.843333333333334,87.48666666666668,1.4966666666666668
Tarlac,2018,1,67.74,26.320000000000004,73.37666666666667,1.8099999999999998
Tarlac,2018,2,850.4300000000001,28.626666666666665,75.04,1.5999999999999999
Tarlac,2018,3,2238.66,26.326666666666664,90.13999999999999,1.7533333333333332
Tarlac,2018,4,243.59,26.08666666666667,82.01666666666667,1.5033333333333332
Tarlac,2019,1,53.21,26.37,67.68333333333334,2.033333333333333
Tarlac,2019,2,664.9,29.180000000000003,73.57666666666667,1.5266666666666666
Tarlac,2019,3,1756.85,26.52333333333333,89.92333333333333,1.7333333333333334
Tarlac,2019,4,326.36,25.900000000000002,85.69333333333333,1.3399999999999999
Tarlac,2020,1,156.8,25.853333333333335,73.79666666666667,1.99
Tarlac,2020,2,682.83,28.53,77.46,1.5066666666666666
Tarlac,2020,3,1061.76,27.093333333333334,86.85333333333334,1.2333333333333334
Tarlac,2020,4,1081.9099999999999,25.973333333333333,89.00333333333333,1.5133333333333334
Tarlac,2021,1,190.21,25.183333333333334,81.5,1.6500000000000001
Tarlac,2021,2,405.23,29.040000000000003,71.62666666666667,1.6633333333333333
Tarlac,2021,3,1534.07,26.98,88.37333333333333,1.5166666666666666
Tarlac,2021,4,357.96,25.633333333333336,86.29666666666667,1.54
Tarlac,2022,1,175.73,26.24666666666667,75.74,1.8699999999999999
Tarlac,2022,2,635.53,27.96666666666667,78.67,1.46
Tarlac,2022,3,1227.25,26.833333333333332,88.28333333333335,1.3866666666666667
Tarlac,2022,4,475.05,25.900000000000002,87.53666666666668,1.4566666666666668
Tarlac,2023,1,114.81,25.8,74.34333333333335,1.9233333333333331
Tarlac,2023,2,639.22,29.163333333333338,74.10333333333334,1.54
Tarlac,2023,3,1801.87,27.366666666666664,88.48,1.6500000000000001
Tarlac,2023,4,311.84,26.543333333333333,85.48666666666668,1.3766666666666667
Tarlac,2024,1,73.58,26.833333333333332,69.11333333333333,2.2899999999999996
Tarlac,2024,2,468.12,30.00333333333333,70.39333333333333,1.8033333333333335
Tarlac,2024,3,1906.85,27.156666666666666,88.87333333333333,1.54
Tarlac,2024,4,582.37,26.453333333333333,87.28666666666668,1.5733333333333333
Tarlac,2025,1,133.85,26.24,76.89999999999999,2.0166666666666666
Tarlac,2025,2,722.83,28.833333333333332,75.92666666666666,1.5266666666666666
Tarlac,2025,3,1964.3600000000001,26.66,89.27999999999999,1.7300000000000002
Tarlac,2025,4,674.48,26.153333333333332,88.12,1.4033333333333333
Tawi-Tawi,2000,1,592.91,26.846666666666664,84.16,3.4166666666666665
Tawi-Tawi,2000,2,434.3,27.56,82.46,2.5066666666666664
Tawi-Tawi,2000,3,405.14000000000004,27.593333333333334,81.25,3.14
Tawi-Tawi,2000,4,636.97,27.453333333333333,83.97333333333334,3.046666666666667
Tawi-Tawi,2001,1,660.54,27.123333333333335,83.04333333333334,2.956666666666667
Tawi-Tawi,2001,2,331.42,28.133333333333336,80.54333333333334,2.6366666666666667
Tawi-Tawi,2001,3,409.42,27.796666666666667,81.32333333333334,3.1466666666666665
Tawi-Tawi,2001,4,635.47,27.416666666666668,83.60000000000001,3.3000000000000003
Tawi-Tawi,2002,1,234.51,26.97,81.86333333333333,4.576666666666667
Tawi-Tawi,2002,2,340.87,28.343333333333334,78.95333333333333,2.6199999999999997
Tawi-Tawi,2002,3,423.77,27.810000000000002,81.23666666666666,3.723333333333333
Tawi-Tawi,2002,4,345.19,27.94666666666667,80.52666666666667,2.6666666666666665
Tawi-Tawi,2003,1,346.3,27.353333333333335,81.62,4.266666666666667
Tawi-Tawi,2003,2,363.4,28.286666666666665,79.02,2.7900000000000005
Tawi-Tawi,2003,3,515.15,27.46666666666667,82.75333333333333,2.9033333333333338
Tawi-Tawi,2003,4,567.91,27.59,82.76,3.24
Tawi-Tawi,2004,1,264.12,27.263333333333332,83.22333333333334,4.24
Tawi-Tawi,2004,2,422.79,28.22666666666667,80.73666666666666,3.0933333333333337
Tawi-Tawi,2004,3,377.42,27.463333333333335,81.58333333333333,3.1766666666666663
Tawi-Tawi,2004,4,509.51,27.856666666666666,81.46333333333332,3.143333333333333
Tawi-Tawi,2005,1,245.92,27.343333333333334,81.03333333333333,4.193333333333333
Tawi-Tawi,2005,2,286.71,28.11,80.61,2.7866666666666666
Tawi-Tawi,2005,3,493.32,27.903333333333336,81.95666666666666,3.3000000000000003
Tawi-Tawi,2005,4,727.62,27.536666666666665,83.30666666666667,2.8200000000000003
Tawi-Tawi,2006,1,790.02,27.209999999999997,83.54333333333334,3.47
Tawi-Tawi,2006,2,526.11,27.776666666666667,81.13333333333333,2.3866666666666667
Tawi-Tawi,2006,3,731.31,27.650000000000002,82.69333333333333,3.566666666666667
Tawi-Tawi,2006,4,546.09,27.97666666666667,80.42999999999999,2.6533333333333333
Tawi-Tawi,2007,1,460.58,27.263333333333335,82.47333333333334,3.8200000000000003
Tawi-Tawi,2007,2,359.91999999999996,28.13,80.10333333333334,2.27
Tawi-Tawi,2007,3,549.88,27.496666666666666,83.60333333333334,3.516666666666667
Tawi-Tawi,2007,4,567.13,27.506666666666664,83.30000000000001,3.046666666666667
Tawi-Tawi,2008,1,649.95,27.203333333333333,82.96666666666665,3.5066666666666664
Tawi-Tawi,2008,2,545.55,27.713333333333335,81.79666666666667,2.7933333333333334
Tawi-Tawi,2008,3,500.11,27.323333333333334,82.87666666666667,3.0933333333333333
Tawi-Tawi,2008,4,521.04,27.71666666666667,81.58666666666666,2.5533333333333332
Tawi-Tawi,2009,1,628.0,27.396666666666665,82.55333333333333,3.2733333333333334
Tawi-Tawi,2009,2,464.63,27.973333333333333,81.63333333333334,2.6300000000000003
Tawi-Tawi,2009,3,454.77,27.896666666666665,82.37,3.7100000000000004
Tawi-Tawi,2009,4,445.28,27.820000000000004,81.19,3.2133333333333334
Tawi-Tawi,2010,1,286.2,27.596666666666664,80.24333333333334,3.776666666666667
Tawi-Tawi,2010,2,375.22,28.41333333333333,79.91666666666667,2.42
Tawi-Tawi,2010,3,517.64,27.97,79.49,2.7399999999999998
Tawi-Tawi,2010,4,593.62,27.853333333333335,80.58,2.6
Tawi-Tawi,2011,1,936.0799999999999,27.176666666666666,82.29666666666667,3.4433333333333334
Tawi-Tawi,2011,2,610.77,27.709999999999997,82.14666666666666,2.75
Tawi-Tawi,2011,3,441.78999999999996,27.633333333333336,81.56666666666666,3.36
Tawi-Tawi,2011,4,584.65,27.66333333333333,81.60333333333334,2.723333333333333
Tawi-Tawi,2012,1,653.05,27.373333333333335,82.01666666666667,3.1766666666666663
Tawi-Tawi,2012,2,430.12,28.026666666666667,80.28333333333333,2.7466666666666666
Tawi-Tawi,2012,3,559.55,27.50666666666667,82.56,3.313333333333333
Tawi-Tawi,2012,4,549.81,27.646666666666665,82.47,3.14
Tawi-Tawi,2013,1,481.74,27.546666666666667,82.36666666666666,4.136666666666667
Tawi-Tawi,2013,2,433.94,28.263333333333332,80.33,2.47
Tawi-Tawi,2013,3,566.25,27.623333333333335,81.07,3.346666666666667
Tawi-Tawi,2013,4,602.8100000000001,27.72666666666667,81.44333333333333,2.783333333333333
Tawi-Tawi,2014,1,420.4,27.133333333333336,81.34,4.58
Tawi-Tawi,2014,2,300.23,28.463333333333335,78.40666666666667,2.44
Tawi-Tawi,2014,3,482.21999999999997,27.886666666666667,79.77,2.7733333333333334
Tawi-Tawi,2014,4,452.64,27.99666666666667,81.41,2.9466666666666668
Tawi-Tawi,2015,1,262.94,27.17,80.73333333333333,4.286666666666666
Tawi-Tawi,2015,2,230.83,28.52333333333333,76.31,2.3000000000000003
Tawi-Tawi,2015,3,335.22,28.099999999999998,79.50666666666667,3.546666666666667
Tawi-Tawi,2015,4,203.21,28.19,79.61,3.0233333333333334
Tawi-Tawi,2016,1,109.27,28.19333333333333,77.70666666666666,3.8066666666666666
Tawi-Tawi,2016,2,287.75,28.723333333333333,77.95333333333333,2.436666666666667
Tawi-Tawi,2016,3,450.43,28.006666666666664,81.60666666666667,2.9333333333333336
Tawi-Tawi,2016,4,451.4,27.80333333333333,81.37333333333333,2.4499999999999997
Tawi-Tawi,2017,1,507.14,27.293333333333333,82.72666666666667,3.86
Tawi-Tawi,2017,2,344.23,28.236666666666665,79.82000000000001,2.3466666666666667
Tawi-Tawi,2017,3,499.32000000000005,27.939999999999998,81.20666666666666,2.856666666666667
Tawi-Tawi,2017,4,503.67,28.176666666666666,80.86666666666667,2.81
Tawi-Tawi,2018,1,362.26,27.603333333333335,81.31333333333333,3.48
Tawi-Tawi,2018,2,289.97,28.456666666666667,78.92,2.5033333333333334
Tawi-Tawi,2018,3,480.08000000000004,27.963333333333335,81.66666666666667,3.5966666666666662
Tawi-Tawi,2018,4,307.67,28.206666666666667,80.41,2.793333333333333
Tawi-Tawi,2019,1,261.87,27.513333333333335,78.99666666666667,3.873333333333333
Tawi-Tawi,2019,2,314.85,28.69333333333333,78.50666666666666,2.646666666666667
Tawi-Tawi,2019,3,304.62,28.083333333333332,80.56333333333333,3.733333333333334
Tawi-Tawi,2019,4,256.54,28.409999999999997,77.89,2.57
Tawi-Tawi,2020,1,236.3,28.096666666666664,78.82,3.7399999999999998
Tawi-Tawi,2020,2,349.8,28.75333333333333,78.04333333333334,2.5433333333333334
Tawi-Tawi,2020,3,358.07,28.179999999999996,79.60333333333334,2.8766666666666665
Tawi-Tawi,2020,4,497.66999999999996,28.02,81.30666666666667,2.856666666666667
Tawi-Tawi,2021,1,446.0,27.676666666666666,81.68,3.453333333333333
Tawi-Tawi,2021,2,351.90000000000003,28.353333333333335,79.66000000000001,2.5166666666666666
Tawi-Tawi,2021,3,416.01,28.096666666666664,80.81,3.1033333333333335
Tawi-Tawi,2021,4,451.78,28.13,81.39999999999999,2.8800000000000003
Tawi-Tawi,2022,1,519.03,27.47,82.37666666666667,3.2733333333333334
Tawi-Tawi,2022,2,453.55,28.073333333333334,80.86333333333333,2.6
Tawi-Tawi,2022,3,444.55,28.093333333333334,80.21666666666665,2.75
Tawi-Tawi,2022,4,509.41,27.916666666666668,81.73333333333333,2.77
Tawi-Tawi,2023,1,384.82,27.459999999999997,82.67,3.643333333333333
Tawi-Tawi,2023,2,349.29999999999995,28.59,79.95,2.526666666666667
Tawi-Tawi,2023,3,372.01,28.31,81.98666666666666,3.483333333333333
Tawi-Tawi,2023,4,280.69,28.75333333333333,79.46333333333332,2.6466666666666665
Tawi-Tawi,2024,1,227.35,28.26,80.47666666666667,3.9633333333333334
Tawi-Tawi,2024,2,324.34000000000003,28.933333333333334,80.04666666666667,2.8533333333333335
Tawi-Tawi,2024,3,437.13,28.45,81.7,3.3966666666666665
Tawi-Tawi,2024,4,447.22,28.5,81.44,3.0366666666666666
Tawi-Tawi,2025,1,574.9,27.71666666666667,83.11666666666666,3.126666666666667
Tawi-Tawi,2025,2,400.61,28.320000000000004,80.11,2.3466666666666667
Tawi-Tawi,2025,3,419.94,27.956666666666667,82.28333333333333,3.3033333333333332
Tawi-Tawi,2025,4,413.86,28.100000000000005,81.28,2.8000000000000003
Zambales,2000,1,138.53,24.78333333333333,79.17333333333333,2.736666666666667
Zambales,2000,2,590.3000000000001,26.72,80.77666666666666,2.1633333333333336
Zambales,2000,3,1726.45,25.203333333333333,89.82333333333334,2.8699999999999997
Zambales,2000,4,453.38,24.893333333333334,88.17666666666666,2.8233333333333337
Zambales,2001,1,143.31,25.00333333333333,78.84666666666666,2.6733333333333333
Zambales,2001,2,622.0999999999999,26.939999999999998,80.89666666666666,2.17
Zambales,2001,3,1122.01,25.206666666666667,90.90333333333332,2.733333333333333
Zambales,2001,4,142.53,24.63,82.91666666666667,2.736666666666667
Zambales,2002,1,18.84,25.090000000000003,70.23333333333333,2.6666666666666665
Zambales,2002,2,516.25,27.526666666666667,74.30666666666667,2.236666666666667
Zambales,2002,3,1744.6,25.48,89.82666666666667,2.72
Zambales,2002,4,206.71,25.060000000000002,85.40333333333335,2.13
Zambales,2003,1,17.95,24.86,70.99333333333334,2.7466666666666666
Zambales,2003,2,778.52,27.453333333333333,75.52333333333333,2.4266666666666667
Zambales,2003,3,1718.9,25.576666666666668,89.13,2.34
Zambales,2003,4,167.77,24.52,82.35333333333334,2.3266666666666667
Zambales,2004,1,59.17,25.37,72.86333333333333,2.35
Zambales,2004,2,1008.14,27.083333333333332,78.25999999999999,2.58
Zambales,2004,3,1384.32,25.429999999999996,88.77333333333333,2.316666666666667
Zambales,2004,4,250.06,24.62,82.56,2.3633333333333333
Zambales,2005,1,23.599999999999998,24.933333333333334,72.16333333333334,2.49
Zambales,2005,2,553.25,27.373333333333335,75.56,2.1
Zambales,2005,3,1133.03,25.706666666666667,89.24666666666667,2.48
Zambales,2005,4,278.36,25.043333333333333,85.83666666666666,2.1666666666666665
Zambales,2006,1,104.14,25.099999999999998,77.89999999999999,2.5033333333333334
Zambales,2006,2,322.39,27.846666666666664,72.28666666666668,2.146666666666667
Zambales,2006,3,1631.1499999999999,25.49,89.98,2.603333333333333
Zambales,2006,4,341.95,24.959999999999997,86.18,2.3466666666666667
Zambales,2007,1,41.75,25.143333333333334,74.81,2.44
Zambales,2007,2,359.95,27.47,75.64333333333333,1.9666666666666668
Zambales,2007,3,1531.42,25.846666666666664,88.31,2.4533333333333336
Zambales,2007,4,454.65,24.566666666666666,86.86,2.4966666666666666
Zambales,2008,1,91.41,24.503333333333334,78.42666666666666,2.763333333333333
Zambales,2008,2,663.4399999999999,26.646666666666665,79.49,2.1933333333333334
Zambales,2008,3,1446.6,25.456666666666667,88.65333333333332,2.436666666666667
Zambales,2008,4,301.37,24.916666666666668,85.27,2.15
Zambales,2009,1,49.85,25.276666666666667,74.25333333333333,2.316666666666667
Zambales,2009,2,1185.25,26.209999999999997,83.66666666666667,2.3533333333333335
Zambales,2009,3,1686.77,25.78,90.06333333333333,2.7099999999999995
Zambales,2009,4,523.65,24.563333333333333,83.38,2.2966666666666664
Zambales,2010,1,11.27,25.78333333333333,69.43333333333332,2.43
Zambales,2010,2,394.59,28.146666666666665,72.43666666666667,1.9799999999999998
Zambales,2010,3,1093.97,25.909999999999997,86.51666666666667,2.0566666666666666
Zambales,2010,4,594.39,25.03,86.0,2.0366666666666666
Zambales,2011,1,67.57,24.376666666666665,77.17,2.4766666666666666
Zambales,2011,2,1105.64,26.863333333333333,77.12333333333333,2.31
Zambales,2011,3,1763.35,25.576666666666668,89.25,2.5
Zambales,2011,4,426.96,24.973333333333333,86.88666666666666,2.28
Zambales,2012,1,105.86,25.23,77.49000000000001,2.216666666666667
Zambales,2012,2,848.71,27.013333333333332,79.96333333333334,2.24
Zambales,2012,3,2248.88,25.483333333333334,89.60666666666667,2.4899999999999998
Zambales,2012,4,210.63,25.026666666666667,83.94333333333334,2.1766666666666667
Zambales,2013,1,75.05,25.833333333333332,71.96666666666665,2.2933333333333334
Zambales,2013,2,536.6,27.7,75.81666666666666,1.8933333333333335
Zambales,2013,3,1900.75,25.623333333333335,88.63333333333333,2.44
Zambales,2013,4,294.2,24.87,85.31333333333333,2.123333333333333
Zambales,2014,1,18.36,24.843333333333334,70.54333333333334,2.11
Zambales,2014,2,599.14,27.826666666666668,75.38333333333334,2.013333333333333
Zambales,2014,3,1658.01,25.75333333333333,88.57000000000001,2.4499999999999997
Zambales,2014,4,224.71,25.179999999999996,83.95,1.9366666666666665
Zambales,2015,1,27.439999999999998,24.863333333333333,71.14999999999999,2.2933333333333334
Zambales,2015,2,354.69,27.97,72.78,1.9799999999999998
Zambales,2015,3,1459.66,26.083333333333332,87.43666666666667,2.316666666666667
Zambales,2015,4,570.5799999999999,25.286666666666665,84.49,2.33
Zambales,2016,1,20.02,25.386666666666667,75.27999999999999,2.2566666666666664
Zambales,2016,2,439.39,28.083333333333332,74.47333333333334,1.9266666666666667
Zambales,2016,3,1665.0,26.03333333333333,88.92333333333333,2.33
Zambales,2016,4,561.02,25.233333333333334,86.43666666666667,2.2433333333333336
Zambales,2017,1,66.11,24.810000000000002,76.69,2.42
Zambales,2017,2,510.78,27.513333333333332,76.18,1.9400000000000002
Zambales,2017,3,1290.26,26.13,87.24666666666667,2.1999999999999997
Zambales,2017,4,368.28,25.376666666666665,85.84666666666665,2.2133333333333334
Zambales,2018,1,46.61,25.439999999999998,74.82666666666667,2.1999999999999997
Zambales,2018,2,800.3399999999999,27.459999999999997,77.46333333333332,2.0333333333333337
Zambales,2018,3,2065.3,25.606666666666666,89.92,2.763333333333333
Zambales,2018,4,198.70000000000002,25.433333333333334,81.59666666666666,2.11
Zambales,2019,1,32.96,25.48,69.48666666666666,2.2666666666666666
Zambales,2019,2,625.6899999999999,27.863333333333333,76.57666666666667,1.8866666666666667
Zambales,2019,3,1646.61,25.796666666666667,89.75666666666666,2.766666666666667
Zambales,2019,4,295.72,25.26,84.91000000000001,2.0
Zambales,2020,1,80.77000000000001,25.16,74.54,2.35
Zambales,2020,2,603.11,27.613333333333333,78.27666666666666,1.8166666666666667
Zambales,2020,3,1017.47,26.38,86.13666666666666,1.92
Zambales,2020,4,858.12,25.463333333333335,87.75333333333333,2.3166666666666664
Zambales,2021,1,147.84,24.626666666666665,80.98666666666666,2.0733333333333333
Zambales,2021,2,393.31,27.616666666666664,75.52,2.1266666666666665
Zambales,2021,3,1463.27,26.296666666666667,87.21666666666665,2.39
Zambales,2021,4,344.73,25.16,85.12,2.1933333333333334
Zambales,2022,1,137.92000000000002,25.53333333333333,76.63,2.2933333333333334
Zambales,2022,2,603.2,27.05333333333333,79.33666666666666,1.88
Zambales,2022,3,1232.6599999999999,26.076666666666668,88.12,2.1533333333333333
Zambales,2022,4,446.03999999999996,25.396666666666665,85.77333333333333,2.1466666666666665
Zambales,2023,1,80.2,25.08,75.33666666666666,2.353333333333333
Zambales,2023,2,610.36,27.64,78.44333333333333,2.046666666666667
Zambales,2023,3,1649.29,26.596666666666668,88.29666666666667,2.5066666666666664
Zambales,2023,4,259.26,25.996666666666666,83.85666666666667,1.9033333333333333
Zambales,2024,1,54.87,26.05,70.83333333333333,2.5
Zambales,2024,2,436.8,28.753333333333334,72.93666666666667,2.0100000000000002
Zambales,2024,3,1880.13,26.5,88.12666666666667,2.41
Zambales,2024,4,529.52,25.88,85.96333333333332,2.143333333333333
Zambales,2025,1,99.13,25.723333333333333,76.7,2.4833333333333334
Zambales,2025,2,721.71,27.71666666666667,77.63666666666667,1.9866666666666666
Zambales,2025,3,1863.91,25.906666666666666,88.95333333333333,2.7066666666666666
Zambales,2025,4,582.26,25.593333333333334,86.63666666666666,2.0566666666666666
Zamboanga Sibugay,2000,1,393.92,26.77333333333333,83.23333333333333,2.276666666666667
Zamboanga Sibugay,2000,2,373.54,27.39333333333333,82.08,1.7966666666666666
Zamboanga Sibugay,2000,3,415.95,26.926666666666666,82.26,2.3266666666666667
Zamboanga Sibugay,2000,4,345.9,27.05666666666667,83.62333333333333,2.1533333333333333
Zamboanga Sibugay,2001,1,244.34,27.606666666666666,77.93,2.1966666666666668
Zamboanga Sibugay,2001,2,356.01,27.78333333333333,79.65333333333332,1.89
Zamboanga Sibugay,2001,3,374.18,26.939999999999998,83.41000000000001,2.3433333333333333
Zamboanga Sibugay,2001,4,773.17,26.909999999999997,84.57333333333334,2.356666666666667
Zamboanga Sibugay,2002,1,111.07,27.186666666666667,77.07666666666667,2.8166666666666664
Zamboanga Sibugay,2002,2,386.01,28.463333333333335,75.65666666666665,1.8800000000000001
Zamboanga Sibugay,2002,3,503.59000000000003,26.80333333333333,84.08,2.6566666666666667
Zamboanga Sibugay,2002,4,170.78,27.69666666666667,79.26,1.8866666666666667
Zamboanga Sibugay,2003,1,137.64,27.77,74.51666666666667,2.69
Zamboanga Sibugay,2003,2,339.61,28.103333333333335,77.91000000000001,1.9066666666666665
Zamboanga Sibugay,2003,3,733.19,26.7,84.77666666666666,2.256666666666667
Zamboanga Sibugay,2003,4,427.14,26.936666666666667,83.96666666666667,2.296666666666667
Zamboanga Sibugay,2004,1,92.06,27.69666666666667,77.45,2.5
Zamboanga Sibugay,2004,2,465.02,27.94666666666667,79.23666666666666,2.1766666666666667
Zamboanga Sibugay,2004,3,248.28,26.743333333333336,83.61999999999999,2.3066666666666666
Zamboanga Sibugay,2004,4,287.21999999999997,27.576666666666668,80.17,2.3333333333333335
Zamboanga Sibugay,2005,1,134.39,27.77,73.91000000000001,2.4966666666666666
Zamboanga Sibugay,2005,2,297.67,28.05,77.80666666666667,1.8533333333333335
Zamboanga Sibugay,2005,3,529.21,26.913333333333338,84.47666666666667,2.506666666666667
Zamboanga Sibugay,2005,4,418.47,27.19333333333333,83.78,2.0233333333333334
Zamboanga Sibugay,2006,1,270.6,27.310000000000002,80.95333333333333,2.39
Zamboanga Sibugay,2006,2,397.56,27.826666666666668,78.47333333333334,1.75
Zamboanga Sibugay,2006,3,369.14,26.99,82.34333333333333,2.54
Zamboanga Sibugay,2006,4,592.39,27.376666666666665,81.58999999999999,2.0233333333333334
Zamboanga Sibugay,2007,1,222.51,27.436666666666667,78.26333333333334,2.47
Zamboanga Sibugay,2007,2,449.23,28.176666666666666,78.16666666666667,1.5766666666666669
Zamboanga Sibugay,2007,3,770.05,26.793333333333333,85.11999999999999,2.4966666666666666
Zamboanga Sibugay,2007,4,562.96,26.959999999999997,84.62,2.09
Zamboanga Sibugay,2008,1,527.61,26.849999999999998,82.54,2.3066666666666666
Zamboanga Sibugay,2008,2,960.8,27.213333333333335,82.32333333333334,2.0500000000000003
Zamboanga Sibugay,2008,3,701.39,26.516666666666666,84.58333333333333,2.2600000000000002
Zamboanga Sibugay,2008,4,660.78,27.19333333333333,83.32000000000001,1.9333333333333333
Zamboanga Sibugay,2009,1,443.24,26.923333333333332,83.20666666666666,2.4033333333333333
Zamboanga Sibugay,2009,2,595.7,27.323333333333334,82.39666666666666,1.97
Zamboanga Sibugay,2009,3,812.79,26.97,84.33666666666666,2.5100000000000002
Zamboanga Sibugay,2009,4,513.48,27.05333333333333,83.02666666666666,2.34
Zamboanga Sibugay,2010,1,191.37,27.583333333333332,76.20333333333333,2.393333333333333
Zamboanga Sibugay,2010,2,453.78000000000003,28.433333333333334,77.61333333333333,1.53
Zamboanga Sibugay,2010,3,865.2,27.293333333333333,81.08999999999999,1.78
Zamboanga Sibugay,2010,4,837.56,27.293333333333333,82.11333333333333,1.8733333333333333
Zamboanga Sibugay,2011,1,676.05,26.58666666666667,84.50333333333333,2.5433333333333334
Zamboanga Sibugay,2011,2,445.71000000000004,27.143333333333334,82.91333333333334,2.15
Zamboanga Sibugay,2011,3,525.94,26.80666666666667,83.27333333333333,2.473333333333333
Zamboanga Sibugay,2011,4,605.09,27.183333333333334,82.78333333333333,1.9833333333333334
Zamboanga Sibugay,2012,1,586.37,27.0,81.91333333333334,2.1966666666666668
Zamboanga Sibugay,2012,2,425.4,27.53333333333333,79.96333333333332,1.9733333333333334
Zamboanga Sibugay,2012,3,792.47,26.816666666666666,83.61333333333333,2.6799999999999997
Zamboanga Sibugay,2012,4,650.49,27.209999999999997,82.5,2.18
Zamboanga Sibugay,2013,1,426.25,27.14,81.80666666666667,2.766666666666667
Zamboanga Sibugay,2013,2,540.77,27.903333333333336,79.41666666666667,1.68
Zamboanga Sibugay,2013,3,646.63,26.77333333333333,83.17,2.3633333333333333
Zamboanga Sibugay,2013,4,1063.04,27.14,83.39,2.0833333333333335
Zamboanga Sibugay,2014,1,309.46000000000004,26.47,81.97333333333334,3.1933333333333334
Zamboanga Sibugay,2014,2,291.9,28.126666666666665,78.18666666666667,1.7866666666666664
Zamboanga Sibugay,2014,3,592.09,26.929999999999996,82.42666666666666,2.35
Zamboanga Sibugay,2014,4,566.26,27.27,83.05666666666667,2.0766666666666667
Zamboanga Sibugay,2015,1,105.75,27.28333333333333,76.04333333333334,2.796666666666667
Zamboanga Sibugay,2015,2,329.41999999999996,28.543333333333333,74.27666666666666,1.6966666666666665
Zamboanga Sibugay,2015,3,625.8,26.959999999999997,83.39666666666666,2.61
Zamboanga Sibugay,2015,4,341.82,27.623333333333335,81.39999999999999,2.1466666666666665
Zamboanga Sibugay,2016,1,43.18,28.790000000000003,69.94333333333334,2.143333333333333
Zamboanga Sibugay,2016,2,496.72999999999996,28.736666666666668,76.00666666666666,1.61
Zamboanga Sibugay,2016,3,668.5,27.26,82.86666666666667,2.1300000000000003
Zamboanga Sibugay,2016,4,687.08,27.30333333333333,83.31333333333333,2.0066666666666664
Zamboanga Sibugay,2017,1,516.97,26.843333333333334,82.55333333333333,2.8000000000000003
Zamboanga Sibugay,2017,2,612.41,27.866666666666664,80.63666666666667,1.82
Zamboanga Sibugay,2017,3,603.45,27.296666666666667,81.75666666666666,2.08
Zamboanga Sibugay,2017,4,729.7,27.523333333333337,82.93333333333334,2.1966666666666668
Zamboanga Sibugay,2018,1,416.65,27.066666666666666,82.95,2.49
Zamboanga Sibugay,2018,2,535.36,27.956666666666667,79.99333333333334,1.8099999999999998
Zamboanga Sibugay,2018,3,573.42,27.116666666666664,82.99333333333334,2.606666666666667
Zamboanga Sibugay,2018,4,379.82,27.713333333333335,81.08333333333333,2.146666666666667
Zamboanga Sibugay,2019,1,124.4,27.613333333333333,74.13,2.5833333333333335
Zamboanga Sibugay,2019,2,301.87,28.80666666666667,75.53333333333333,1.8366666666666667
Zamboanga Sibugay,2019,3,524.5,27.243333333333336,82.35333333333334,2.6566666666666667
Zamboanga Sibugay,2019,4,366.89,27.656666666666666,80.28,1.9533333333333334
Zamboanga Sibugay,2020,1,186.17,28.153333333333336,74.99666666666667,2.5166666666666666
Zamboanga Sibugay,2020,2,737.19,28.703333333333333,76.35000000000001,1.6733333333333331
Zamboanga Sibugay,2020,3,647.19,27.436666666666667,81.91000000000001,2.0500000000000003
Zamboanga Sibugay,2020,4,903.8800000000001,27.429999999999996,83.33333333333333,2.0833333333333335
Zamboanga Sibugay,2021,1,543.12,27.2,82.72333333333334,2.4933333333333336
Zamboanga Sibugay,2021,2,452.90999999999997,27.863333333333333,80.72,2.026666666666667
Zamboanga Sibugay,2021,3,570.47,27.50333333333333,81.36,2.1333333333333333
Zamboanga Sibugay,2021,4,711.46,27.596666666666668,82.79,2.12
Zamboanga Sibugay,2022,1,396.14,27.23,81.89,2.453333333333333
Zamboanga Sibugay,2022,2,969.2,27.483333333333334,82.33,1.9666666666666668
Zamboanga Sibugay,2022,3,580.23,27.319999999999997,81.76666666666667,2.0833333333333335
Zamboanga Sibugay,2022,4,887.53,27.383333333333336,83.30000000000001,2.0500000000000003
Zamboanga Sibugay,2023,1,591.62,26.87,84.0,2.6133333333333333
Zamboanga Sibugay,2023,2,394.9,28.286666666666665,78.24000000000001,1.92
Zamboanga Sibugay,2023,3,643.89,27.53,83.18,2.566666666666667
Zamboanga Sibugay,2023,4,409.68,28.066666666666666,81.09666666666668,1.9100000000000001
Zamboanga Sibugay,2024,1,168.59,28.156666666666666,76.56333333333333,2.6666666666666665
Zamboanga Sibugay,2024,2,447.56,29.23,76.26333333333334,1.8033333333333335
Zamboanga Sibugay,2024,3,850.48,27.62,83.99,2.4833333333333334
Zamboanga Sibugay,2024,4,764.95,27.923333333333332,82.86,2.03
Zamboanga Sibugay,2025,1,494.26,27.703333333333333,81.90666666666667,2.1
Zamboanga Sibugay,2025,2,700.28,27.816666666666666,82.19666666666667,1.8800000000000001
Zamboanga Sibugay,2025,3,791.4499999999999,27.19666666666667,83.78333333333335,2.4266666666666663
Zamboanga Sibugay,2025,4,728.94,27.52333333333333,84.31,2.16
Zamboanga del Norte,2000,1,629.02,25.936666666666667,87.19666666666666,3.02
Zamboanga del Norte,2000,2,548.8299999999999,26.73,85.32333333333334,1.8166666666666667
Zamboanga del Norte,2000,3,491.47,26.28,85.45333333333333,2.3466666666666667
Zamboanga del Norte,2000,4,607.27,26.233333333333334,87.42333333333333,2.3033333333333332
Zamboanga del Norte,2001,1,342.99,26.320000000000004,84.64666666666666,2.98
Zamboanga del Norte,2001,2,429.51,27.133333333333336,82.57,2.033333333333333
Zamboanga del Norte,2001,3,443.8,26.313333333333333,86.27,2.41
Zamboanga del Norte,2001,4,984.0,26.08666666666667,88.15333333333332,2.8699999999999997
Zamboanga del Norte,2002,1,151.47,25.893333333333334,81.58333333333333,3.84
Zamboanga del Norte,2002,2,451.86,27.723333333333333,78.50333333333333,2.1566666666666667
Zamboanga del Norte,2002,3,595.36,26.133333333333336,86.94333333333333,2.7466666666666666
Zamboanga del Norte,2002,4,319.12,26.483333333333334,85.71666666666665,2.31
Zamboanga del Norte,2003,1,172.25,26.393333333333334,80.05,3.936666666666666
Zamboanga del Norte,2003,2,414.87,27.59,79.18666666666667,2.1733333333333333
Zamboanga del Norte,2003,3,766.73,26.146666666666665,87.32,2.28
Zamboanga del Norte,2003,4,494.1,26.103333333333335,87.04666666666667,2.78
Zamboanga del Norte,2004,1,125.92999999999999,26.409999999999997,82.65333333333334,3.4499999999999997
Zamboanga del Norte,2004,2,501.94,27.373333333333335,81.08999999999999,2.4299999999999997
Zamboanga del Norte,2004,3,380.94,26.126666666666665,86.37333333333333,2.216666666666667
Zamboanga del Norte,2004,4,457.70000000000005,26.423333333333332,85.78000000000002,2.7900000000000005
Zamboanga del Norte,2005,1,125.61,26.52,77.88333333333333,3.543333333333333
Zamboanga del Norte,2005,2,328.59000000000003,27.77,77.41666666666667,2.0500000000000003
Zamboanga del Norte,2005,3,582.63,26.30666666666667,87.04666666666667,2.5433333333333334
Zamboanga del Norte,2005,4,661.85,26.51,87.17666666666666,2.2333333333333334
Zamboanga del Norte,2006,1,277.74,26.136666666666667,86.14,3.3666666666666667
Zamboanga del Norte,2006,2,417.07,27.376666666666665,79.98,2.0866666666666664
Zamboanga del Norte,2006,3,425.98,26.276666666666667,85.57666666666667,2.5433333333333334
Zamboanga del Norte,2006,4,688.35,26.473333333333333,86.2,2.506666666666667
Zamboanga del Norte,2007,1,232.02,26.266666666666666,82.60333333333334,3.6366666666666667
Zamboanga del Norte,2007,2,521.35,27.790000000000003,79.18,1.72
Zamboanga del Norte,2007,3,772.05,26.266666666666666,87.30333333333334,2.5166666666666666
Zamboanga del Norte,2007,4,670.54,26.173333333333332,87.92999999999999,2.4433333333333334
Zamboanga del Norte,2008,1,614.56,25.849999999999998,87.42333333333333,2.9566666666666666
Zamboanga del Norte,2008,2,949.88,26.51,85.86333333333334,2.223333333333333
Zamboanga del Norte,2008,3,713.5699999999999,26.003333333333334,86.75666666666666,2.186666666666667
Zamboanga del Norte,2008,4,853.33,26.426666666666666,87.29666666666667,2.31
Zamboanga del Norte,2009,1,604.21,25.930000000000003,87.48333333333333,3.1366666666666667
Zamboanga del Norte,2009,2,686.84,26.576666666666668,85.87,2.1366666666666667
Zamboanga del Norte,2009,3,805.26,26.363333333333333,86.89333333333333,2.5866666666666664
Zamboanga del Norte,2009,4,598.34,26.146666666666665,86.86666666666667,2.8333333333333335
Zamboanga del Norte,2010,1,194.07,26.36,80.57666666666667,3.4633333333333334
Zamboanga del Norte,2010,2,456.05999999999995,28.060000000000002,78.13333333333333,1.8233333333333333
Zamboanga del Norte,2010,3,946.13,26.64,84.58,1.76
Zamboanga del Norte,2010,4,1044.41,26.436666666666667,86.76666666666667,2.15
Zamboanga del Norte,2011,1,785.8499999999999,25.583333333333332,88.66666666666667,3.186666666666667
Zamboanga del Norte,2011,2,583.79,26.36,86.50333333333333,2.36
Zamboanga del Norte,2011,3,642.4300000000001,26.153333333333332,86.33999999999999,2.4966666666666666
Zamboanga del Norte,2011,4,883.74,26.313333333333333,86.95333333333333,2.3533333333333335
Zamboanga del Norte,2012,1,679.82,25.863333333333333,87.50999999999999,2.84
Zamboanga del Norte,2012,2,513.01,26.673333333333332,84.21333333333332,2.0933333333333333
Zamboanga del Norte,2012,3,878.08,26.13,86.8,2.723333333333333
Zamboanga del Norte,2012,4,760.53,26.28333333333333,86.91333333333334,2.796666666666667
Zamboanga del Norte,2013,1,601.88,25.823333333333334,87.48,3.4033333333333338
Zamboanga del Norte,2013,2,608.05,27.03,83.70333333333333,1.7
Zamboanga del Norte,2013,3,739.4,26.150000000000002,86.14999999999999,2.4
Zamboanga del Norte,2013,4,1081.39,26.28333333333333,87.59666666666668,2.5766666666666667
Zamboanga del Norte,2014,1,432.32,25.213333333333335,86.79666666666667,3.723333333333333
Zamboanga del Norte,2014,2,395.43,27.209999999999997,82.28333333333333,1.8666666666666665
Zamboanga del Norte,2014,3,663.25,26.22,85.78000000000002,2.3400000000000003
Zamboanga del Norte,2014,4,704.5600000000001,26.366666666666664,87.29666666666667,2.5366666666666666
Zamboanga del Norte,2015,1,115.75,25.743333333333336,82.02333333333333,3.6033333333333335
Zamboanga del Norte,2015,2,308.42,28.060000000000002,74.69666666666666,1.9833333333333334
Zamboanga del Norte,2015,3,612.22,26.426666666666666,85.62666666666667,2.643333333333333
Zamboanga del Norte,2015,4,371.95,26.650000000000002,86.25666666666666,2.67
Zamboanga del Norte,2016,1,40.79,27.47,73.88000000000001,3.3433333333333337
Zamboanga del Norte,2016,2,523.89,28.16,77.34333333333333,1.8333333333333333
Zamboanga del Norte,2016,3,656.74,26.64,85.46333333333332,2.16
Zamboanga del Norte,2016,4,785.24,26.433333333333334,87.10333333333334,2.2533333333333334
Zamboanga del Norte,2017,1,547.3199999999999,25.656666666666666,87.27333333333333,3.3666666666666667
Zamboanga del Norte,2017,2,718.26,27.076666666666668,84.32,1.8633333333333333
Zamboanga del Norte,2017,3,699.21,26.636666666666667,84.76666666666667,2.063333333333333
Zamboanga del Norte,2017,4,771.18,26.66,86.80333333333333,2.436666666666667
Zamboanga del Norte,2018,1,519.98,26.006666666666664,87.39,2.8466666666666662
Zamboanga del Norte,2018,2,597.62,27.093333333333334,83.93666666666667,1.8666666666666665
Zamboanga del Norte,2018,3,601.69,26.459999999999997,85.87,2.7100000000000004
Zamboanga del Norte,2018,4,488.27,26.61,86.30333333333333,2.54
Zamboanga del Norte,2019,1,117.41,26.133333333333336,79.33999999999999,3.64
Zamboanga del Norte,2019,2,337.61,28.183333333333334,77.10333333333334,2.0233333333333334
Zamboanga del Norte,2019,3,533.38,26.689999999999998,84.75333333333333,2.7099999999999995
Zamboanga del Norte,2019,4,442.59000000000003,26.683333333333334,84.87666666666667,2.2399999999999998
Zamboanga del Norte,2020,1,167.11,26.929999999999996,78.90666666666667,3.516666666666667
Zamboanga del Norte,2020,2,650.94,28.28,76.78666666666668,2.033333333333333
Zamboanga del Norte,2020,3,740.01,26.736666666666668,85.06,1.95
Zamboanga del Norte,2020,4,1127.87,26.673333333333332,86.92,2.3
Zamboanga del Norte,2021,1,573.19,26.156666666666666,87.05666666666667,3.043333333333333
Zamboanga del Norte,2021,2,541.86,27.05666666666667,84.29666666666667,2.0766666666666667
Zamboanga del Norte,2021,3,635.32,26.849999999999998,84.22666666666667,2.1566666666666667
Zamboanga del Norte,2021,4,854.95,26.74,86.91000000000001,2.5366666666666666
Zamboanga del Norte,2022,1,418.11,26.116666666666664,86.54,3.033333333333333
Zamboanga del Norte,2022,2,979.04,26.673333333333332,85.90333333333332,2.0533333333333332
Zamboanga del Norte,2022,3,653.47,26.656666666666666,84.81,2.07
Zamboanga del Norte,2022,4,964.24,26.50666666666667,87.58999999999999,2.39
Zamboanga del Norte,2023,1,643.87,25.790000000000003,88.25333333333333,3.2433333333333336
Zamboanga del Norte,2023,2,463.96000000000004,27.430000000000003,81.99666666666667,2.0166666666666666
Zamboanga del Norte,2023,3,663.47,26.94666666666667,85.80333333333333,2.5933333333333333
Zamboanga del Norte,2023,4,537.04,27.05333333333333,86.22333333333334,2.3266666666666667
Zamboanga del Norte,2024,1,154.94,26.546666666666667,82.41,3.6
Zamboanga del Norte,2024,2,504.42,28.88,76.24666666666667,1.9933333333333334
Zamboanga del Norte,2024,3,847.38,27.099999999999998,86.14666666666666,2.44
Zamboanga del Norte,2024,4,824.31,27.12,86.56,2.3033333333333332
Zamboanga del Norte,2025,1,511.73,26.603333333333335,87.25333333333333,2.7899999999999996
Zamboanga del Norte,2025,2,783.01,27.093333333333334,85.63666666666666,1.9066666666666665
Zamboanga del Norte,2025,3,882.39,26.583333333333332,86.55333333333333,2.473333333333333
Zamboanga del Norte,2025,4,864.94,26.77333333333333,87.84666666666665,2.39
Zamboanga del Sur,2000,1,633.9200000000001,24.453333333333333,88.88,2.1633333333333336
Zamboanga del Sur,2000,2,547.61,25.136666666666667,88.49666666666667,1.3533333333333335
Zamboanga del Sur,2000,3,491.07,24.426666666666666,89.34666666666665,1.6333333333333335
Zamboanga del Sur,2000,4,607.14,24.593333333333334,90.37,1.6033333333333333
Zamboanga del Sur,2001,1,343.5,24.676666666666666,86.78000000000002,2.0500000000000003
Zamboanga del Sur,2001,2,427.25,25.673333333333332,84.49666666666667,1.406666666666667
Zamboanga del Sur,2001,3,440.36,24.496666666666666,89.90333333333332,1.7233333333333334
Zamboanga del Sur,2001,4,986.5999999999999,24.406666666666666,90.94333333333333,1.9733333333333334
Zamboanga del Sur,2002,1,152.68,24.92,80.25,3.0066666666666664
Zamboanga del Sur,2002,2,450.37,26.64,78.24,1.5066666666666666
Zamboanga del Sur,2002,3,590.98,24.37,90.37333333333333,1.8966666666666667
Zamboanga del Sur,2002,4,322.71000000000004,24.916666666666668,87.70333333333333,1.57
Zamboanga del Sur,2003,1,177.53,25.583333333333332,77.79,3.046666666666667
Zamboanga del Sur,2003,2,418.73999999999995,26.45,79.83,1.5200000000000002
Zamboanga del Sur,2003,3,768.67,24.373333333333335,90.82,1.5533333333333335
Zamboanga del Sur,2003,4,497.23,24.453333333333333,89.94,1.9633333333333336
Zamboanga del Sur,2004,1,126.91,25.419999999999998,81.23,2.5833333333333335
Zamboanga del Sur,2004,2,512.35,26.206666666666667,80.92666666666666,1.72
Zamboanga del Sur,2004,3,391.18,24.343333333333334,90.18333333333334,1.6133333333333333
Zamboanga del Sur,2004,4,466.51,24.7,88.91333333333334,1.8466666666666667
Zamboanga del Sur,2005,1,127.82,25.763333333333332,75.40333333333334,2.6566666666666667
Zamboanga del Sur,2005,2,331.0,26.74,77.55333333333333,1.53
Zamboanga del Sur,2005,3,582.0699999999999,24.569999999999997,90.33333333333333,1.76
Zamboanga del Sur,2005,4,671.14,24.866666666666664,89.94666666666667,1.5333333333333332
Zamboanga del Sur,2006,1,283.15999999999997,24.826666666666668,86.54666666666667,2.3733333333333335
Zamboanga del Sur,2006,2,420.83,26.08,81.07000000000001,1.4400000000000002
Zamboanga del Sur,2006,3,425.48,24.51,88.86333333333334,1.7933333333333332
Zamboanga del Sur,2006,4,693.87,24.78,89.03666666666668,1.6666666666666667
Zamboanga del Sur,2007,1,232.14999999999998,25.096666666666664,82.14,2.6633333333333336
Zamboanga del Sur,2007,2,525.51,26.55666666666667,79.83666666666666,1.3099999999999998
Zamboanga del Sur,2007,3,772.98,24.546666666666667,90.27,1.78
Zamboanga del Sur,2007,4,670.4300000000001,24.516666666666666,90.68666666666667,1.7133333333333336
Zamboanga del Sur,2008,1,614.9,24.356666666666666,89.10666666666667,1.9933333333333334
Zamboanga del Sur,2008,2,959.9,24.843333333333334,88.79,1.5433333333333332
Zamboanga del Sur,2008,3,717.4000000000001,24.21666666666667,90.32666666666667,1.5066666666666666
Zamboanga del Sur,2008,4,855.9,24.669999999999998,90.49666666666667,1.5833333333333333
Zamboanga del Sur,2009,1,605.78,24.439999999999998,89.07,2.1466666666666665
Zamboanga del Sur,2009,2,693.97,24.876666666666665,88.90666666666665,1.5133333333333334
Zamboanga del Sur,2009,3,816.08,24.603333333333335,90.22666666666667,1.7866666666666668
Zamboanga del Sur,2009,4,601.28,24.42,89.8,1.9366666666666668
Zamboanga del Sur,2010,1,194.33,25.363333333333333,79.12333333333333,2.57
Zamboanga del Sur,2010,2,461.9,26.916666666666668,78.75666666666666,1.3666666666666665
Zamboanga del Sur,2010,3,951.91,24.919999999999998,88.10666666666667,1.26
Zamboanga del Sur,2010,4,1050.22,24.63,90.19333333333333,1.4466666666666665
Zamboanga del Sur,2011,1,785.23,23.983333333333334,90.96666666666665,2.233333333333333
Zamboanga del Sur,2011,2,591.03,24.80666666666667,88.85333333333334,1.6466666666666667
Zamboanga del Sur,2011,3,649.5600000000001,24.349999999999998,90.04666666666667,1.76
Zamboanga del Sur,2011,4,887.92,24.63,89.73,1.5866666666666667
Zamboanga del Sur,2012,1,678.91,24.406666666666666,88.96666666666665,1.9533333333333331
Zamboanga del Sur,2012,2,517.64,24.936666666666667,87.58333333333333,1.4400000000000002
Zamboanga del Sur,2012,3,887.6,24.330000000000002,90.2,1.8800000000000001
Zamboanga del Sur,2012,4,762.5899999999999,24.583333333333332,89.55666666666667,1.9133333333333333
Zamboanga del Sur,2013,1,604.33,24.473333333333333,88.08333333333333,2.51
Zamboanga del Sur,2013,2,607.97,25.483333333333334,86.49,1.1966666666666665
Zamboanga del Sur,2013,3,742.62,24.343333333333334,89.92666666666666,1.6366666666666667
Zamboanga del Sur,2013,4,1075.3,24.586666666666662,90.3,1.6933333333333334
Zamboanga del Sur,2014,1,432.4,23.766666666666666,87.91333333333334,2.83
Zamboanga del Sur,2014,2,399.38,25.8,84.11333333333333,1.33
Zamboanga del Sur,2014,3,668.6600000000001,24.36,89.82000000000001,1.6600000000000001
Zamboanga del Sur,2014,4,708.73,24.743333333333336,90.01,1.7033333333333334
Zamboanga del Sur,2015,1,114.14,24.816666666666666,80.16666666666667,2.776666666666667
Zamboanga del Sur,2015,2,311.27,27.099999999999998,74.00666666666666,1.4466666666666665
Zamboanga del Sur,2015,3,651.65,24.686666666666667,89.20333333333333,1.9033333333333333
Zamboanga del Sur,2015,4,385.6,25.05,88.36333333333333,1.83
Zamboanga del Sur,2016,1,41.78,27.099999999999998,69.45,2.5366666666666666
Zamboanga del Sur,2016,2,542.13,27.040000000000003,78.01,1.2833333333333332
Zamboanga del Sur,2016,3,690.81,24.886666666666667,89.02666666666666,1.5133333333333334
Zamboanga del Sur,2016,4,806.68,24.75,90.07666666666667,1.5566666666666666
Zamboanga del Sur,2017,1,556.35,24.236666666666668,88.27333333333333,2.52
Zamboanga del Sur,2017,2,720.89,25.51,86.96,1.3499999999999999
Zamboanga del Sur,2017,3,646.5999999999999,24.743333333333336,89.08,1.4466666666666665
Zamboanga del Sur,2017,4,804.14,24.84,90.11666666666667,1.66
Zamboanga del Sur,2018,1,524.28,24.566666666666666,88.39666666666666,1.9933333333333332
Zamboanga del Sur,2018,2,606.0899999999999,25.58666666666667,85.89333333333333,1.3133333333333332
Zamboanga del Sur,2018,3,587.78,24.60666666666667,89.56,1.8366666666666667
Zamboanga del Sur,2018,4,491.12,24.94333333333333,88.8,1.72
Zamboanga del Sur,2019,1,119.06,25.320000000000004,76.78666666666668,2.7266666666666666
Zamboanga del Sur,2019,2,325.7,27.133333333333336,77.37666666666667,1.36
Zamboanga del Sur,2019,3,550.1,24.78333333333333,88.73333333333333,1.89
Zamboanga del Sur,2019,4,445.35,24.866666666666664,88.82000000000001,1.5366666666666664
Zamboanga del Sur,2020,1,177.62,25.98333333333333,77.31666666666666,2.606666666666667
Zamboanga del Sur,2020,2,656.7,27.186666666666667,76.64999999999999,1.4033333333333333
Zamboanga del Sur,2020,3,734.38,24.953333333333333,89.16333333333334,1.41
Zamboanga del Sur,2020,4,1136.87,24.939999999999998,90.11333333333334,1.5199999999999998
Zamboanga del Sur,2021,1,564.63,24.546666666666667,89.07666666666667,2.0466666666666664
Zamboanga del Sur,2021,2,537.52,25.493333333333336,86.71333333333332,1.4533333333333334
Zamboanga del Sur,2021,3,622.25,24.96666666666667,88.34666666666665,1.54
Zamboanga del Sur,2021,4,883.31,24.97666666666667,90.22333333333331,1.72
Zamboanga del Sur,2022,1,407.95,24.746666666666666,87.2,2.1666666666666665
Zamboanga del Sur,2022,2,1023.49,25.02333333333333,89.02333333333333,1.4400000000000002
Zamboanga del Sur,2022,3,653.9300000000001,24.74666666666667,89.27333333333333,1.4266666666666667
Zamboanga del Sur,2022,4,979.29,24.78333333333333,90.44666666666666,1.5200000000000002
Zamboanga del Sur,2023,1,670.39,24.326666666666668,89.79333333333334,2.2866666666666666
Zamboanga del Sur,2023,2,480.84,25.893333333333334,84.04333333333334,1.4266666666666667
Zamboanga del Sur,2023,3,655.65,25.133333333333336,89.58666666666666,1.7933333333333332
Zamboanga del Sur,2023,4,534.95,25.41,88.55333333333334,1.5899999999999999
Zamboanga del Sur,2024,1,161.71,25.540000000000003,81.42333333333333,2.77
Zamboanga del Sur,2024,2,512.8,27.813333333333333,76.14,1.4133333333333333
Zamboanga del Sur,2024,3,818.9200000000001,25.316666666666666,89.73,1.6833333333333333
Zamboanga del Sur,2024,4,851.22,25.439999999999998,89.62666666666667,1.5899999999999999
Zamboanga del Sur,2025,1,518.3,25.173333333333332,88.53666666666668,1.8866666666666667
Zamboanga del Sur,2025,2,806.9100000000001,25.570000000000004,88.24333333333334,1.3566666666666667
Zamboanga del Sur,2025,3,934.1700000000001,24.776666666666667,90.32666666666667,1.7066666666666668
Zamboanga del Sur,2025,4,903.31,25.063333333333333,90.92999999999999,1.6066666666666667
